{
  "experiment_id": "stage2__init-C_hybrid__method-fomaml__kpos-1__kneg-1__steps-5__target-Logistics",
  "method": "fomaml",
  "init_name": "C_hybrid",
  "target_department": "Logistics",
  "n_support_pos": 1,
  "n_support_neg": 1,
  "inner_steps": 5,
  "inner_lr": 0.01,
  "meta_batch_size": 4,
  "synthetic_proportion": 0.0,
  "augmentation_method": "none",
  "target_per_class": null,
  "k_neighbors": 5,
  "status": "success",
  "augmentation_method_requested": "none",
  "augmentation_method_actual": "none",
  "target_effective_k": null,
  "n_real_support_rows": 5.6,
  "n_synthetic_support_rows": 0.0,
  "n_effective_support_rows": 5.6,
  "n_real_support_pos": 2.7,
  "n_real_support_neg": 2.9,
  "n_synthetic_support_pos": 0.0,
  "n_synthetic_support_neg": 0.0,
  "n_query_rows": 16.4,
  "n_query_pos": 10.3,
  "n_query_neg": 6.1,
  "n_query_synthetic_rows": 0,
  "gen_fallback_used": false,
  "gen_skip_reason": null,
  "gold_auroc_mean": 0.4653093434343433,
  "gold_auroc_std": 0.11650190245604344,
  "gold_ap_mean": 0.6611613590316008,
  "gold_ap_std": 0.13491892018717422,
  "gold_logloss_mean": 3.9242909168834776,
  "gold_logloss_std": 3.4527642611335163,
  "gold_brier_mean": 0.39086894335966615,
  "gold_brier_std": 0.15447421101895728,
  "gold_ece_mean": 0.3765558307497647,
  "gold_ece_std": 0.17550789166685343,
  "gold_f1_mean": 0.6038270063270064,
  "gold_f1_std": 0.30699159060389636,
  "gold_accuracy_mean": 0.5531749055897661,
  "gold_accuracy_std": 0.13954936548216731,
  "gold_pred_mean_mean": 0.7133454186028563,
  "gold_pred_mean_std": 0.3580705145050717,
  "gold_true_mean_mean": 0.6308672132820738,
  "gold_true_mean_std": 0.08684602687553226,
  "n_eval_rows_mean": 16.4,
  "n_eval_rows_std": 1.8814887722226776,
  "n_positive_mean": 10.3,
  "n_positive_std": 1.5524174696260027,
  "precision_at_5_mean": 0.7300000000000001,
  "precision_at_5_std": 0.21236760581595301,
  "recall_at_5_mean": 0.3638888888888888,
  "recall_at_5_std": 0.11953516959337689,
  "ndcg_at_5_mean": 0.6544067880210644,
  "ndcg_at_5_std": 0.19093483664393943,
  "precision_at_10_mean": 0.58,
  "precision_at_10_std": 0.12884098726725124,
  "recall_at_10_mean": 0.5611742424242424,
  "recall_at_10_std": 0.08282335054759006,
  "ndcg_at_10_mean": 0.6410572164896942,
  "ndcg_at_10_std": 0.12330532143374655,
  "precision_at_20_mean": 0.6308672132820738,
  "precision_at_20_std": 0.08684602687553226,
  "recall_at_20_mean": 1.0,
  "recall_at_20_std": 0.0,
  "ndcg_at_20_mean": 0.8521180364949528,
  "ndcg_at_20_std": 0.074179322388576,
  "n_metric_rows": 20,
  "n_predictions": 328,
  "n_episodes_diagnosed": 20,
  "collapse_rate": 0.6,
  "pred_mean_mean": 0.7133454199996777,
  "pred_std_mean": 0.015960064686078114,
  "frac_near_zero_mean": 0.15,
  "frac_near_one_mean": 0.45
}