method,episode_idx,repeat_idx,n_query,pred_mean,pred_std,pred_min,pred_max,frac_near_zero,frac_near_one,collapsed,collapse_reason
anil,0,0,8,0.4870908260345459,0.13661755621433258,0.2895628809928894,0.7194464802742004,0.0,0.0,False,
anil,1,1,11,0.27643096446990967,0.11055660247802734,0.14315178990364075,0.5256596803665161,0.0,0.0,False,
anil,2,2,9,0.44099679589271545,0.11907573789358139,0.25183215737342834,0.610061526298523,0.0,0.0,False,
