{
  "experiment_id": "stage2__init-A_weak_only__method-anil__kpos-2__kneg-2__steps-3__target-Logistics__synprop-1__gen-smote_nc",
  "method": "anil",
  "init_name": "A_weak_only",
  "target_department": "Logistics",
  "n_support_pos": 2,
  "n_support_neg": 2,
  "inner_steps": 3,
  "inner_lr": 0.01,
  "meta_batch_size": 4,
  "synthetic_proportion": 1.0,
  "augmentation_method": "smote_nc",
  "target_per_class": null,
  "k_neighbors": 5,
  "status": "success",
  "gold_auroc_mean": 0.28690476190476194,
  "gold_auroc_std": 0.07144840994344599,
  "gold_ap_mean": 0.8872602298495155,
  "gold_ap_std": 0.01416733799266214,
  "gold_logloss_mean": 0.9707473760007422,
  "gold_logloss_std": 0.22919394138938617,
  "gold_brier_mean": 0.37200080514869766,
  "gold_brier_std": 0.09541553315678053,
  "gold_ece_mean": 0.5544344118673993,
  "gold_ece_std": 0.1029781867794779,
  "gold_f1_mean": 0.37575757575757573,
  "gold_f1_std": 0.14944033946591456,
  "gold_accuracy_mean": 0.2920875420875421,
  "gold_accuracy_std": 0.11127041941291085,
  "gold_pred_mean_mean": 0.4015061932957735,
  "gold_pred_mean_std": 0.09042132478946589,
  "gold_true_mean_mean": 0.890993265993266,
  "gold_true_mean_std": 0.013996876387471277,
  "n_eval_rows_mean": 9.333333333333334,
  "n_eval_rows_std": 1.247219128924647,
  "n_positive_mean": 8.333333333333334,
  "n_positive_std": 1.247219128924647,
  "precision_at_5_mean": 0.8000000000000002,
  "precision_at_5_std": 1.1102230246251565e-16,
  "recall_at_5_mean": 0.4904761904761905,
  "recall_at_5_std": 0.07030868123920665,
  "ndcg_at_5_mean": 0.838257148294559,
  "ndcg_at_5_std": 0.011083546558860699,
  "precision_at_10_mean": 0.887962962962963,
  "precision_at_10_std": 0.010227186127025249,
  "recall_at_10_mean": 0.9666666666666667,
  "recall_at_10_std": 0.04714045207910316,
  "ndcg_at_10_mean": 0.9354788756625206,
  "ndcg_at_10_std": 0.03301272085162986,
  "precision_at_20_mean": 0.890993265993266,
  "precision_at_20_std": 0.013996876387471277,
  "recall_at_20_mean": 1.0,
  "recall_at_20_std": 0.0,
  "ndcg_at_20_mean": 0.9559432241974362,
  "ndcg_at_20_std": 0.008009356863640434,
  "n_metric_rows": 3,
  "n_predictions": 28,
  "n_episodes_diagnosed": 3,
  "collapse_rate": 0.0,
  "pred_mean_mean": 0.4015061954657237,
  "pred_std_mean": 0.12208329886198044,
  "frac_near_zero_mean": 0.0,
  "frac_near_one_mean": 0.0
}