{
  "experiment_id": "stage2__init-C_hybrid__method-anil__kpos-2__kneg-2__steps-5__target-Logistics",
  "method": "anil",
  "init_name": "C_hybrid",
  "target_department": "Logistics",
  "n_support_pos": 2,
  "n_support_neg": 2,
  "inner_steps": 5,
  "inner_lr": 0.01,
  "meta_batch_size": 2,
  "synthetic_proportion": 0.0,
  "augmentation_method": "none",
  "target_per_class": null,
  "k_neighbors": 5,
  "status": "success",
  "gold_auroc_mean": 0.6026515151515152,
  "gold_auroc_std": 0.1537489307148434,
  "gold_ap_mean": 0.8717793893065808,
  "gold_ap_std": 0.10466743363218427,
  "gold_logloss_mean": 1.062175635171668,
  "gold_logloss_std": 0.4024346658465622,
  "gold_brier_mean": 0.3213880053441633,
  "gold_brier_std": 0.08821582490170184,
  "gold_ece_mean": 0.4207143696953371,
  "gold_ece_std": 0.08980189831294193,
  "gold_f1_mean": 0.6439084436375457,
  "gold_f1_std": 0.1475819361277862,
  "gold_accuracy_mean": 0.5290351315351315,
  "gold_accuracy_std": 0.15156185042557924,
  "gold_pred_mean_mean": 0.5364156063790071,
  "gold_pred_mean_std": 0.10381645888830804,
  "gold_true_mean_mean": 0.7447660672660672,
  "gold_true_mean_std": 0.13033374816883822,
  "n_eval_rows_mean": 10.25,
  "n_eval_rows_std": 2.118372016431486,
  "n_positive_mean": 7.65,
  "n_positive_std": 2.1277922830953213,
  "precision_at_5_mean": 0.8300000000000001,
  "precision_at_5_std": 0.1819340539866025,
  "recall_at_5_mean": 0.5596320346320345,
  "recall_at_5_std": 0.12049003183964183,
  "ndcg_at_5_mean": 0.8801602515990217,
  "ndcg_at_5_std": 0.13503602426271152,
  "precision_at_10_mean": 0.7477380952380952,
  "precision_at_10_std": 0.13288900477967633,
  "recall_at_10_mean": 0.9266233766233766,
  "recall_at_10_std": 0.09669744752003469,
  "ndcg_at_10_mean": 0.9104026094223597,
  "ndcg_at_10_std": 0.06417424435867496,
  "precision_at_20_mean": 0.7447660672660672,
  "precision_at_20_std": 0.13033374816883822,
  "recall_at_20_mean": 1.0,
  "recall_at_20_std": 0.0,
  "ndcg_at_20_mean": 0.9505492445505916,
  "ndcg_at_20_std": 0.05257159446582841,
  "n_metric_rows": 20,
  "n_predictions": 205,
  "n_episodes_diagnosed": 20,
  "collapse_rate": 0.0,
  "pred_mean_mean": 0.5364156007766724,
  "pred_std_mean": 0.26270295977592467,
  "frac_near_zero_mean": 0.07627164502164503,
  "frac_near_one_mean": 0.00909090909090909
}