{
  "experiment_id": "stage2__init-C_hybrid__method-anil__kpos-1__kneg-1__steps-3__target-Logistics__synprop-0.5__gen-smote_nc",
  "method": "anil",
  "init_name": "C_hybrid",
  "target_department": "Logistics",
  "n_support_pos": 1,
  "n_support_neg": 1,
  "inner_steps": 3,
  "inner_lr": 0.01,
  "meta_batch_size": 4,
  "synthetic_proportion": 0.5,
  "augmentation_method": "smote_nc",
  "target_per_class": null,
  "k_neighbors": 5,
  "status": "success",
  "augmentation_method_requested": "smote_nc",
  "augmentation_method_actual": "smote_nc",
  "target_effective_k": null,
  "n_real_support_rows": 6.55,
  "n_synthetic_support_rows": 6.55,
  "n_effective_support_rows": 13.1,
  "n_real_support_pos": 3.25,
  "n_real_support_neg": 3.3,
  "n_synthetic_support_pos": 3.25,
  "n_synthetic_support_neg": 3.3,
  "n_query_rows": 15.45,
  "n_query_pos": 9.75,
  "n_query_neg": 5.7,
  "n_query_synthetic_rows": 0,
  "gen_fallback_used": false,
  "gen_skip_reason": null,
  "gold_auroc_mean": 0.5388231271043772,
  "gold_auroc_std": 0.09059002547404556,
  "gold_ap_mean": 0.7629891380359443,
  "gold_ap_std": 0.07641743495511458,
  "gold_logloss_mean": 1.2198922212279215,
  "gold_logloss_std": 0.3170771156776956,
  "gold_brier_mean": 0.358562343154193,
  "gold_brier_std": 0.06695646766957845,
  "gold_ece_mean": 0.4014330996653538,
  "gold_ece_std": 0.09699081019806782,
  "gold_f1_mean": 0.538518915866742,
  "gold_f1_std": 0.15138140769608463,
  "gold_accuracy_mean": 0.49096333405156933,
  "gold_accuracy_std": 0.08100564716751871,
  "gold_pred_mean_mean": 0.5124402306297771,
  "gold_pred_mean_std": 0.1964793498731131,
  "gold_true_mean_mean": 0.6333414134884723,
  "gold_true_mean_std": 0.0642471070651101,
  "n_eval_rows_mean": 15.45,
  "n_eval_rows_std": 2.3553131426627756,
  "n_positive_mean": 9.75,
  "n_positive_std": 1.6085707942145413,
  "precision_at_5_mean": 0.74,
  "precision_at_5_std": 0.16852299546352717,
  "recall_at_5_mean": 0.39444444444444443,
  "recall_at_5_std": 0.12634492267505948,
  "ndcg_at_5_mean": 0.8008954992503169,
  "ndcg_at_5_std": 0.13046009329073283,
  "precision_at_10_mean": 0.6249999999999999,
  "precision_at_10_std": 0.082915619758885,
  "recall_at_10_mean": 0.6486111111111111,
  "recall_at_10_std": 0.07898138549150512,
  "ndcg_at_10_mean": 0.7427579498158328,
  "ndcg_at_10_std": 0.06896188208635884,
  "precision_at_20_mean": 0.6333414134884723,
  "precision_at_20_std": 0.0642471070651101,
  "recall_at_20_mean": 1.0,
  "recall_at_20_std": 0.0,
  "ndcg_at_20_mean": 0.9143823348938623,
  "ndcg_at_20_std": 0.03366881863740609,
  "n_metric_rows": 20,
  "n_predictions": 309,
  "n_episodes_diagnosed": 20,
  "collapse_rate": 0.0,
  "pred_mean_mean": 0.5124402225017548,
  "pred_std_mean": 0.2522875085473061,
  "frac_near_zero_mean": 0.1095115995115995,
  "frac_near_one_mean": 0.04732142857142857
}