method,episode_idx,repeat_idx,n_query,pred_mean,pred_std,pred_min,pred_max,frac_near_zero,frac_near_one,collapsed,collapse_reason
anil,0,0,62,0.0,0.0,0.0,0.0,1.0,0.0,True,std<0.01
anil,1,1,54,5.3860960179008543e-05,4.272144451533677e-06,5.0514048780314624e-05,7.430915138684213e-05,1.0,0.0,True,std<0.01
anil,2,2,54,4.187364538665861e-05,3.357316245455877e-06,3.93527552660089e-05,5.793675154563971e-05,1.0,0.0,True,std<0.01
anil,3,3,58,0.0,0.0,0.0,0.0,1.0,0.0,True,std<0.01
anil,4,4,54,5.3860960179008543e-05,4.272144451533677e-06,5.0514048780314624e-05,7.430915138684213e-05,1.0,0.0,True,std<0.01
