model,gold_auroc,gold_ap,gold_logloss,gold_brier,gold_ece,gold_f1,gold_accuracy,gold_pred_mean,gold_true_mean,n_eval_rows,n_positive,precision_at_5,recall_at_5,ndcg_at_5,precision_at_10,recall_at_10,ndcg_at_10,precision_at_20,recall_at_20,ndcg_at_20,condition,model_base,n_gold_samples,n_gold_classes,diagnostic_only
Mean Predictor_C_hybrid,0.5,0.4375,0.7117594930247052,0.2592671446160636,0.11477540945718112,0.6086956521739131,0.4375,0.5522754094571811,0.4375,16,7,0.0,0.0,0.43749999999999994,0.2,0.2857142857142857,0.5464011565390907,0.4375,1.0,0.7342975882775339,C_hybrid,Mean Predictor,16,2,False
Elastic Net_C_hybrid,0.4126984126984127,0.45637755102040817,0.8953225205975245,0.3123296021775776,0.3033171480187087,0.0,0.5,0.34156364007089524,0.4375,16,7,0.4,0.2857142857142857,0.36005461457723387,0.4,0.5714285714285714,0.47643720378768994,0.4375,1.0,0.682761734118921,C_hybrid,Elastic Net,16,2,False
XGBoost_C_hybrid,0.5079365079365079,0.6619897959183674,3.8553897655760716,0.32080774137412627,0.3187063126701248,0.0,0.5625,0.13175135805575727,0.4375,16,7,0.6,0.42857142857142855,0.69921481985085,0.4,0.5714285714285714,0.6583122271626569,0.4375,1.0,0.864636757493888,C_hybrid,XGBoost,16,2,False
MLP_C_hybrid,0.6031746031746033,0.7274350649350649,1.3662149643841197,0.3484386566105222,0.34670104438555427,0.0,0.5625,0.09079895561444573,0.4375,16,7,0.8,0.5714285714285714,0.8539316501572934,0.4,0.5714285714285714,0.6920788373899057,0.4375,1.0,0.9047213784743225,C_hybrid,MLP,16,2,False
