{
  "experiment_id": "stage2__init-A_weak_only__method-maml__kpos-2__kneg-2__steps-1__target-Logistics__lr-0.002",
  "method": "maml",
  "init_name": "A_weak_only",
  "target_department": "Logistics",
  "n_support_pos": 2,
  "n_support_neg": 2,
  "inner_steps": 1,
  "inner_lr": 0.002,
  "meta_batch_size": 4,
  "status": "success",
  "gold_auroc_mean": 0.297642738605123,
  "gold_auroc_std": 0.10792590565555296,
  "gold_ap_mean": 0.6310924555798961,
  "gold_ap_std": 0.06451710221362943,
  "gold_logloss_mean": 0.934349792021419,
  "gold_logloss_std": 0.22595960529248246,
  "gold_brier_mean": 0.2981029947272124,
  "gold_brier_std": 0.06719188537066385,
  "gold_ece_mean": 0.29414611619446235,
  "gold_ece_std": 0.11705506417717282,
  "gold_f1_mean": 0.7106307008057912,
  "gold_f1_std": 0.23071005174732864,
  "gold_accuracy_mean": 0.6038427029306674,
  "gold_accuracy_std": 0.1685257577755496,
  "gold_pred_mean_mean": 0.7912991917168553,
  "gold_pred_mean_std": 0.19895616240262773,
  "gold_true_mean_mean": 0.6980093695973341,
  "gold_true_mean_std": 0.0802917532046381,
  "n_eval_rows_mean": 41.05,
  "n_eval_rows_std": 5.962172422867356,
  "n_positive_mean": 28.45,
  "n_positive_std": 4.165033013074447,
  "precision_at_5_mean": 0.51,
  "precision_at_5_std": 0.1609347693943108,
  "recall_at_5_mean": 0.09254691422396748,
  "recall_at_5_std": 0.03480018163081925,
  "ndcg_at_5_mean": 0.543107538071777,
  "ndcg_at_5_std": 0.1760299803317068,
  "precision_at_10_mean": 0.5349999999999999,
  "precision_at_10_std": 0.11521718621802912,
  "recall_at_10_mean": 0.1939711675670136,
  "recall_at_10_std": 0.0574532753425395,
  "ndcg_at_10_mean": 0.5474444874149348,
  "ndcg_at_10_std": 0.12057447191567977,
  "precision_at_20_mean": 0.5725,
  "precision_at_20_std": 0.13367404385294848,
  "recall_at_20_mean": 0.4106817132641167,
  "recall_at_20_std": 0.1073589352699953,
  "ndcg_at_20_mean": 0.5687472634674434,
  "ndcg_at_20_std": 0.0936619179292121,
  "n_metric_rows": 20,
  "n_predictions": 821,
  "n_episodes_diagnosed": 20,
  "collapse_rate": 0.2,
  "pred_mean_mean": 0.7912992000579834,
  "pred_std_mean": 0.04736993636470288,
  "frac_near_zero_mean": 0.0,
  "frac_near_one_mean": 0.1737353830849147
}