{
  "experiment_id": "stage2__init-C_hybrid__method-finetune__kpos-2__kneg-2__steps-5__target-Logistics",
  "method": "finetune",
  "init_name": "C_hybrid",
  "target_department": "Logistics",
  "n_support_pos": 2,
  "n_support_neg": 2,
  "inner_steps": 5,
  "inner_lr": 0.01,
  "meta_batch_size": 2,
  "synthetic_proportion": 0.0,
  "augmentation_method": "none",
  "target_per_class": null,
  "k_neighbors": 5,
  "status": "success",
  "gold_auroc_mean": 0.5063988095238094,
  "gold_auroc_std": 0.15163471422316094,
  "gold_ap_mean": 0.7590489470846613,
  "gold_ap_std": 0.1372440023331521,
  "gold_logloss_mean": 5.830064885300052,
  "gold_logloss_std": 3.819070334988681,
  "gold_brier_mean": 0.37440391723115385,
  "gold_brier_std": 0.23134719642258875,
  "gold_ece_mean": 0.3838599338855019,
  "gold_ece_std": 0.23654255784151737,
  "gold_f1_mean": 0.5803790457310447,
  "gold_f1_std": 0.39713636349608106,
  "gold_accuracy_mean": 0.6056372793872794,
  "gold_accuracy_std": 0.24866006675839403,
  "gold_pred_mean_mean": 0.6789124602628153,
  "gold_pred_mean_std": 0.4510923689714194,
  "gold_true_mean_mean": 0.7447660672660672,
  "gold_true_mean_std": 0.13033374816883822,
  "n_eval_rows_mean": 10.25,
  "n_eval_rows_std": 2.118372016431486,
  "n_positive_mean": 7.65,
  "n_positive_std": 2.1277922830953213,
  "precision_at_5_mean": 0.7100000000000002,
  "precision_at_5_std": 0.299833287011299,
  "recall_at_5_mean": 0.4708820346320346,
  "recall_at_5_std": 0.22098360127427769,
  "ndcg_at_5_mean": 0.7694615636705553,
  "ndcg_at_5_std": 0.13321997191430437,
  "precision_at_10_mean": 0.7377380952380952,
  "precision_at_10_std": 0.1597318048983819,
  "recall_at_10_mean": 0.9128354978354979,
  "recall_at_10_std": 0.12761698258797877,
  "ndcg_at_10_mean": 0.8524122390419034,
  "ndcg_at_10_std": 0.08287810023507378,
  "precision_at_20_mean": 0.7447660672660672,
  "precision_at_20_std": 0.13033374816883822,
  "recall_at_20_mean": 1.0,
  "recall_at_20_std": 0.0,
  "ndcg_at_20_mean": 0.8947555571742674,
  "ndcg_at_20_std": 0.06795659284893998,
  "n_metric_rows": 20,
  "n_predictions": 205,
  "n_episodes_diagnosed": 20,
  "collapse_rate": 0.9,
  "pred_mean_mean": 0.6789124645916189,
  "pred_std_mean": 0.014707236133207856,
  "frac_near_zero_mean": 0.29125,
  "frac_near_one_mean": 0.65625
}