method,episode_idx,repeat_idx,n_query,pred_mean,pred_std,pred_min,pred_max,frac_near_zero,frac_near_one,collapsed,collapse_reason
anil,0,0,8,1.0,0.0,1.0,1.0,0.0,1.0,True,std<0.01
anil,1,1,11,0.0,0.0,0.0,0.0,1.0,0.0,True,std<0.01
anil,2,2,9,3.341550994240272e-11,2.1082020677798408e-12,2.987904368367822e-11,3.6206433684515815e-11,1.0,0.0,True,std<0.01
anil,3,3,13,6.151298478090256e-37,0.0,5.5621280318548665e-37,8.156570481419835e-37,1.0,0.0,True,std<0.01
anil,4,4,12,0.001260522403754294,6.406616739695892e-05,0.0011044640559703112,0.0013558671344071627,1.0,0.0,True,std<0.01
