{
  "experiment_id": "stage2__init-A_weak_only__method-zero_shot__kpos-2__kneg-2__steps-3__target-Packaging-Material",
  "method": "zero_shot",
  "init_name": "A_weak_only",
  "target_department": "Packaging Material",
  "n_support_pos": 2,
  "n_support_neg": 2,
  "inner_steps": 3,
  "inner_lr": 0.01,
  "meta_batch_size": 4,
  "status": "success",
  "gold_auroc_mean": 0.5449317655723906,
  "gold_auroc_std": 0.07601222266760019,
  "gold_ap_mean": 0.6811003337716565,
  "gold_ap_std": 0.08507095291881575,
  "gold_logloss_mean": 1.0219231940701161,
  "gold_logloss_std": 0.06931413898824648,
  "gold_brier_mean": 0.36677543533368656,
  "gold_brier_std": 0.027632305972802675,
  "gold_ece_mean": 0.35836282931266517,
  "gold_ece_std": 0.0634223500960009,
  "gold_f1_mean": 0.07791537667698659,
  "gold_f1_std": 0.045694964972591096,
  "gold_accuracy_mean": 0.41483385129748457,
  "gold_accuracy_std": 0.06018073515980579,
  "gold_pred_mean_mean": 0.2568767054698079,
  "gold_pred_mean_std": 0.010729118933948602,
  "gold_true_mean_mean": 0.610595955032615,
  "gold_true_mean_std": 0.06458257725954823,
  "n_eval_rows_mean": 59.95,
  "n_eval_rows_std": 5.361669516111563,
  "n_positive_mean": 36.4,
  "n_positive_std": 3.32264954516723,
  "precision_at_5_mean": 0.6700000000000002,
  "precision_at_5_std": 0.13076696830622023,
  "recall_at_5_mean": 0.09215277777777779,
  "recall_at_5_std": 0.016929495910691594,
  "ndcg_at_5_mean": 0.7208778291748282,
  "ndcg_at_5_std": 0.1636927931440955,
  "precision_at_10_mean": 0.715,
  "precision_at_10_std": 0.08529361054615994,
  "recall_at_10_mean": 0.19673611111111114,
  "recall_at_10_std": 0.019490397089431084,
  "ndcg_at_10_mean": 0.7321454750602359,
  "ndcg_at_10_std": 0.10651357224768758,
  "precision_at_20_mean": 0.6925000000000001,
  "precision_at_20_std": 0.10871407452579449,
  "recall_at_20_mean": 0.3800347222222222,
  "recall_at_20_std": 0.0450527356246934,
  "ndcg_at_20_mean": 0.7124097817315536,
  "ndcg_at_20_std": 0.10167035906113263,
  "n_metric_rows": 20,
  "n_predictions": 1199,
  "n_episodes_diagnosed": 20,
  "collapse_rate": 0.0,
  "pred_mean_mean": 0.2568767055869102,
  "pred_std_mean": 0.12875128723680973,
  "frac_near_zero_mean": 0.020638451851245014,
  "frac_near_one_mean": 0.0
}