model,rmse,mae,r2,pred_mean,true_mean,condition
Mean Predictor_A_weak_only,0.48118134759326786,0.4799231734075858,-0.2348559427822574,0.5401536531848284,0.75,A_weak_only
Elastic Net_A_weak_only,0.3005868861332374,0.19050582638309033,0.5181201273851956,0.6999405069200404,0.75,A_weak_only
XGBoost_A_weak_only,0.29875252352902215,0.1412749870796688,0.5239836249868857,0.7742669324507006,0.75,A_weak_only
