model,rmse,mae,r2,pred_mean,true_mean,condition
Mean Predictor_A_weak_only,0.5107764700646684,0.5088817822556494,-0.08618219189914145,0.5448421689492547,0.40096618357487923,A_weak_only
Elastic Net_A_weak_only,0.6607452305940916,0.596801935497775,-0.8176446702438218,0.679837937573641,0.40096618357487923,A_weak_only
XGBoost_A_weak_only,0.6945256528792492,0.6030228238435831,-1.008248707691151,0.6981198774326755,0.40096618357487923,A_weak_only
