model,rmse,mae,r2,pred_mean,true_mean,condition
Mean Predictor_A_weak_only,0.48613296536878736,0.4842257462562515,-0.0723979177169638,0.5458204513508891,0.6721311475409836,A_weak_only
Elastic Net_A_weak_only,0.3272458792604237,0.21468946035184702,0.5140470859766044,0.7435071228003256,0.6721311475409836,A_weak_only
XGBoost_A_weak_only,0.3360817981965186,0.18657537240247482,0.48745051430612274,0.74978293360356,0.6721311475409836,A_weak_only
