model,rmse,mae,r2,pred_mean,true_mean,condition
Mean Predictor_A_weak_only,0.4772092121233325,0.475285382952068,-0.21455270472198262,0.549429234095864,0.75,A_weak_only
Elastic Net_A_weak_only,0.2947776808687551,0.16952593270180127,0.5365659672620713,0.7099022505438937,0.75,A_weak_only
XGBoost_A_weak_only,0.2989657322338418,0.1363072959939018,0.5233039517327083,0.7637885989388451,0.75,A_weak_only
