model,rmse,mae,r2,pred_mean,true_mean,condition
Mean Predictor_A_weak_only,0.4772092121233325,0.475285382952068,-0.21455270472198262,0.549429234095864,0.75,A_weak_only
Elastic Net_A_weak_only,0.29478121744140123,0.16952685174017512,0.5365548471667485,0.70989847306326,0.75,A_weak_only
XGBoost_A_weak_only,0.2992286732892602,0.13627178443130106,0.5224650724349289,0.7636187725001946,0.75,A_weak_only
