{
  "experiment_id": "stage2__init-C_hybrid__method-anil__kpos-2__kneg-2__steps-5__target-Logistics__synprop-0.5__gen-smote_nc",
  "method": "anil",
  "init_name": "C_hybrid",
  "target_department": "Logistics",
  "n_support_pos": 2,
  "n_support_neg": 2,
  "inner_steps": 5,
  "inner_lr": 0.01,
  "meta_batch_size": 4,
  "synthetic_proportion": 0.5,
  "augmentation_method": "smote_nc",
  "target_per_class": null,
  "k_neighbors": 5,
  "status": "success",
  "augmentation_method_requested": "smote_nc",
  "augmentation_method_actual": "smote_nc",
  "target_effective_k": null,
  "n_real_support_rows": 11.3,
  "n_synthetic_support_rows": 11.3,
  "n_effective_support_rows": 22.6,
  "n_real_support_pos": 5.8,
  "n_real_support_neg": 5.5,
  "n_synthetic_support_pos": 5.8,
  "n_synthetic_support_neg": 5.5,
  "n_query_rows": 10.7,
  "n_query_pos": 7.2,
  "n_query_neg": 3.5,
  "n_query_synthetic_rows": 0,
  "gen_fallback_used": false,
  "gen_skip_reason": null,
  "gold_auroc_mean": 0.5473095238095238,
  "gold_auroc_std": 0.13849310705933293,
  "gold_ap_mean": 0.8037459187637758,
  "gold_ap_std": 0.1162894089773606,
  "gold_logloss_mean": 1.264606435228648,
  "gold_logloss_std": 0.5024801160501751,
  "gold_brier_mean": 0.3545295980383984,
  "gold_brier_std": 0.10245458583786707,
  "gold_ece_mean": 0.42816494705638214,
  "gold_ece_std": 0.10533908635190523,
  "gold_f1_mean": 0.6129707873825521,
  "gold_f1_std": 0.16781496494695236,
  "gold_accuracy_mean": 0.5519945332445332,
  "gold_accuracy_std": 0.15188938563308388,
  "gold_pred_mean_mean": 0.5084800714353959,
  "gold_pred_mean_std": 0.15191189469065686,
  "gold_true_mean_mean": 0.6797582972582973,
  "gold_true_mean_std": 0.14218116433076594,
  "n_eval_rows_mean": 10.7,
  "n_eval_rows_std": 2.238302928559939,
  "n_positive_mean": 7.2,
  "n_positive_std": 1.74928556845359,
  "precision_at_5_mean": 0.71,
  "precision_at_5_std": 0.1841195263952197,
  "recall_at_5_mean": 0.5064880952380953,
  "recall_at_5_std": 0.12120922941722864,
  "ndcg_at_5_mean": 0.782762068678245,
  "ndcg_at_5_std": 0.13842969773579641,
  "precision_at_10_mean": 0.6738492063492064,
  "precision_at_10_std": 0.1583915485531385,
  "recall_at_10_mean": 0.8926785714285714,
  "recall_at_10_std": 0.14138290658884545,
  "ndcg_at_10_mean": 0.862200878258518,
  "ndcg_at_10_std": 0.10213491445298174,
  "precision_at_20_mean": 0.6797582972582973,
  "precision_at_20_std": 0.14218116433076594,
  "recall_at_20_mean": 1.0,
  "recall_at_20_std": 0.0,
  "ndcg_at_20_mean": 0.9214286410373627,
  "ndcg_at_20_std": 0.057438779360615436,
  "n_metric_rows": 20,
  "n_predictions": 214,
  "n_episodes_diagnosed": 20,
  "collapse_rate": 0.0,
  "pred_mean_mean": 0.5084800578653812,
  "pred_std_mean": 0.2759900063276291,
  "frac_near_zero_mean": 0.13366383616383615,
  "frac_near_one_mean": 0.01818181818181818
}