method,episode_idx,repeat_idx,n_query,pred_mean,pred_std,pred_min,pred_max,frac_near_zero,frac_near_one,collapsed,collapse_reason
anil,0,0,62,0.2426944226026535,0.20455828309059143,0.004061057232320309,0.7488054037094116,0.16129032258064516,0.0,False,
anil,1,1,54,0.3961120843887329,0.2903164029121399,0.011746825650334358,0.9082025289535522,0.12962962962962962,0.0,False,
anil,2,2,54,0.28096312284469604,0.2221519649028778,0.008278814144432545,0.7580572366714478,0.14814814814814814,0.0,False,
anil,3,3,58,0.4340289831161499,0.28257426619529724,0.013774923980236053,0.8983303308486938,0.08620689655172414,0.0,False,
anil,4,4,54,0.3961120843887329,0.2903164029121399,0.011746825650334358,0.9082025289535522,0.12962962962962962,0.0,False,
