{
  "experiment_id": "stage2__init-A_weak_only__method-anil__kpos-1__kneg-1__steps-5__target-Packaging-Material__synprop-0.9__gen-smote_nc",
  "method": "anil",
  "init_name": "A_weak_only",
  "target_department": "Packaging Material",
  "n_support_pos": 1,
  "n_support_neg": 1,
  "inner_steps": 5,
  "inner_lr": 0.01,
  "meta_batch_size": 4,
  "synthetic_proportion": 0.9,
  "augmentation_method": "smote_nc",
  "target_per_class": null,
  "k_neighbors": 5,
  "status": "success",
  "gold_auroc_mean": 0.27765979496922244,
  "gold_auroc_std": 0.043704151890827304,
  "gold_ap_mean": 0.7166673570668298,
  "gold_ap_std": 0.03611846018064333,
  "gold_logloss_mean": 1.5360682488163124,
  "gold_logloss_std": 0.1676987090335298,
  "gold_brier_mean": 0.49900352053701386,
  "gold_brier_std": 0.04288601850044754,
  "gold_ece_mean": 0.5124792630523576,
  "gold_ece_std": 0.05263080919427302,
  "gold_f1_mean": 0.38083783093062806,
  "gold_f1_std": 0.10553407512444601,
  "gold_accuracy_mean": 0.309656820335352,
  "gold_accuracy_std": 0.054430362957541646,
  "gold_pred_mean_mean": 0.34998215242144626,
  "gold_pred_mean_std": 0.07428875610271053,
  "gold_true_mean_mean": 0.8043628723272771,
  "gold_true_mean_std": 0.01061018362086474,
  "n_eval_rows_mean": 56.4,
  "n_eval_rows_std": 3.1999999999999997,
  "n_positive_mean": 45.4,
  "n_positive_std": 3.1999999999999997,
  "precision_at_5_mean": 0.48,
  "precision_at_5_std": 0.16,
  "recall_at_5_mean": 0.0535630778783557,
  "recall_at_5_std": 0.019917915454381378,
  "ndcg_at_5_mean": 0.42033243754899735,
  "ndcg_at_5_std": 0.2243297427275593,
  "precision_at_10_mean": 0.64,
  "precision_at_10_std": 0.08000000000000003,
  "recall_at_10_mean": 0.1420845824722764,
  "recall_at_10_std": 0.023456029333772437,
  "ndcg_at_10_mean": 0.5552639996686094,
  "ndcg_at_10_std": 0.14817562491250105,
  "precision_at_20_mean": 0.7,
  "precision_at_20_std": 0.04472135954999579,
  "recall_at_20_mean": 0.3086998282737142,
  "recall_at_20_std": 0.011730926802782113,
  "ndcg_at_20_mean": 0.6278839017323521,
  "ndcg_at_20_std": 0.07514125620706706,
  "n_metric_rows": 5,
  "n_predictions": 282,
  "n_episodes_diagnosed": 5,
  "collapse_rate": 0.0,
  "pred_mean_mean": 0.34998213946819307,
  "pred_std_mean": 0.25798346400260924,
  "frac_near_zero_mean": 0.13098092530795535,
  "frac_near_one_mean": 0.0
}