{
  "experiment_id": "stage2__init-C_hybrid__method-maml__kpos-2__kneg-2__steps-2__target-Logistics__lr-0.001__clip-1",
  "method": "maml",
  "init_name": "C_hybrid",
  "target_department": "Logistics",
  "n_support_pos": 2,
  "n_support_neg": 2,
  "inner_steps": 2,
  "inner_lr": 0.001,
  "meta_batch_size": 2,
  "gradient_clip_norm": 1.0,
  "inner_grad_clip": 1.0,
  "synthetic_proportion": 0.0,
  "augmentation_method": "none",
  "target_per_class": null,
  "k_neighbors": 5,
  "status": "success",
  "augmentation_method_requested": "none",
  "augmentation_method_actual": "none",
  "target_effective_k": null,
  "n_real_support_rows": 12.666666666666666,
  "n_synthetic_support_rows": 0.0,
  "n_effective_support_rows": 12.666666666666666,
  "n_real_support_pos": 4.666666666666667,
  "n_real_support_neg": 8.0,
  "n_synthetic_support_pos": 0.0,
  "n_synthetic_support_neg": 0.0,
  "n_query_rows": 9.333333333333334,
  "n_query_pos": 8.333333333333334,
  "n_query_neg": 1.0,
  "n_query_synthetic_rows": 0,
  "gen_fallback_used": false,
  "gen_skip_reason": null,
  "gold_auroc_mean": 0.5,
  "gold_auroc_std": 0.0,
  "gold_ap_mean": 0.890993265993266,
  "gold_ap_std": 0.013996876387471277,
  "gold_logloss_mean": 2.007978254441183,
  "gold_logloss_std": 0.2578319911358743,
  "gold_brier_mean": 0.10900673182659942,
  "gold_brier_std": 0.013996876107533762,
  "gold_ece_mean": 0.10900672400673395,
  "gold_ece_std": 0.013996876387471324,
  "gold_f1_mean": 0.9422969187675069,
  "gold_f1_std": 0.007816414392700756,
  "gold_accuracy_mean": 0.890993265993266,
  "gold_accuracy_std": 0.013996876387471277,
  "gold_pred_mean_mean": 0.99999999,
  "gold_pred_mean_std": 6.409875621278546e-17,
  "gold_true_mean_mean": 0.890993265993266,
  "gold_true_mean_std": 0.013996876387471277,
  "n_eval_rows_mean": 9.333333333333334,
  "n_eval_rows_std": 1.247219128924647,
  "n_positive_mean": 8.333333333333334,
  "n_positive_std": 1.247219128924647,
  "precision_at_5_mean": 1.0,
  "precision_at_5_std": 0.0,
  "recall_at_5_mean": 0.6130952380952381,
  "recall_at_5_std": 0.08788585154900834,
  "ndcg_at_5_mean": 0.8909932659932659,
  "ndcg_at_5_std": 0.013996876387471236,
  "precision_at_10_mean": 0.9212962962962963,
  "precision_at_10_std": 0.05594002765553043,
  "recall_at_10_mean": 1.0,
  "recall_at_10_std": 0.0,
  "ndcg_at_10_mean": 0.9388457891462386,
  "ndcg_at_10_std": 0.02116804752271835,
  "precision_at_20_mean": 0.890993265993266,
  "precision_at_20_std": 0.013996876387471277,
  "recall_at_20_mean": 1.0,
  "recall_at_20_std": 0.0,
  "ndcg_at_20_mean": 0.9574497423597982,
  "ndcg_at_20_std": 0.005760520238644386,
  "n_metric_rows": 3,
  "n_predictions": 28,
  "n_episodes_diagnosed": 3,
  "collapse_rate": 1.0,
  "pred_mean_mean": 1.0,
  "pred_std_mean": 0.0,
  "frac_near_zero_mean": 0.0,
  "frac_near_one_mean": 1.0
}