method,episode_idx,repeat_idx,n_query,pred_mean,pred_std,pred_min,pred_max,frac_near_zero,frac_near_one,collapsed,collapse_reason
anil,0,0,17,0.8092708587646484,0.07383690029382706,0.6341389417648315,0.9265631437301636,0.0,0.0,False,
anil,1,1,16,0.17768897116184235,0.0442117340862751,0.08464328944683075,0.2689157724380493,0.0,0.0,False,
anil,2,2,17,0.3799624741077423,0.12799185514450073,0.19172212481498718,0.7076424956321716,0.0,0.0,False,
