{
  "experiment_id": "stage2__init-A_weak_only__method-anil__kpos-1__kneg-1__steps-3__target-Logistics__synprop-1__gen-smote_nc",
  "method": "anil",
  "init_name": "A_weak_only",
  "target_department": "Logistics",
  "n_support_pos": 1,
  "n_support_neg": 1,
  "inner_steps": 3,
  "inner_lr": 0.01,
  "meta_batch_size": 4,
  "synthetic_proportion": 1.0,
  "augmentation_method": "smote_nc",
  "target_per_class": null,
  "k_neighbors": 5,
  "status": "success",
  "gold_auroc_mean": 0.4595959595959596,
  "gold_auroc_std": 0.1169685411921057,
  "gold_ap_mean": 0.7384783273932115,
  "gold_ap_std": 0.05302456502625237,
  "gold_logloss_mean": 1.029921295834367,
  "gold_logloss_std": 0.250645653601181,
  "gold_brier_mean": 0.3850613555748215,
  "gold_brier_std": 0.09451522556488239,
  "gold_ece_mean": 0.42353962428466074,
  "gold_ece_std": 0.10520137181863398,
  "gold_f1_mean": 0.3333333333333333,
  "gold_f1_std": 0.2832143850560836,
  "gold_accuracy_mean": 0.4166666666666667,
  "gold_accuracy_std": 0.12027298182730684,
  "gold_pred_mean_mean": 0.45564077669462444,
  "gold_pred_mean_std": 0.26333670997334424,
  "gold_true_mean_mean": 0.642156862745098,
  "gold_true_mean_std": 0.09012145250416782,
  "n_eval_rows_mean": 16.666666666666668,
  "n_eval_rows_std": 0.4714045207910317,
  "n_positive_mean": 10.666666666666666,
  "n_positive_std": 1.247219128924647,
  "precision_at_5_mean": 0.6666666666666666,
  "precision_at_5_std": 0.1885618083164127,
  "recall_at_5_mean": 0.31986531986531985,
  "recall_at_5_std": 0.10763883746226115,
  "ndcg_at_5_mean": 0.7586243475510317,
  "ndcg_at_5_std": 0.1454214515027253,
  "precision_at_10_mean": 0.6,
  "precision_at_10_std": 0.0,
  "recall_at_10_mean": 0.5707070707070706,
  "recall_at_10_std": 0.07034539533931372,
  "ndcg_at_10_mean": 0.6931981720167201,
  "ndcg_at_10_std": 0.0438274557379397,
  "precision_at_20_mean": 0.642156862745098,
  "precision_at_20_std": 0.09012145250416782,
  "recall_at_20_mean": 1.0,
  "recall_at_20_std": 0.0,
  "ndcg_at_20_mean": 0.905613499141345,
  "ndcg_at_20_std": 0.028566739550284583,
  "n_metric_rows": 3,
  "n_predictions": 50,
  "n_episodes_diagnosed": 3,
  "collapse_rate": 0.0,
  "pred_mean_mean": 0.455640768011411,
  "pred_std_mean": 0.08201349650820096,
  "frac_near_zero_mean": 0.0,
  "frac_near_one_mean": 0.0
}