{
  "experiment_id": "stage2__init-A_weak_only__method-anil__kpos-1__kneg-1__steps-5__target-Packaging-Material__synprop-0.5__gen-smote_nc__tek-5",
  "method": "anil",
  "init_name": "A_weak_only",
  "target_department": "Packaging Material",
  "n_support_pos": 1,
  "n_support_neg": 1,
  "inner_steps": 5,
  "inner_lr": 0.01,
  "meta_batch_size": 4,
  "synthetic_proportion": 0.5,
  "augmentation_method": "smote_nc",
  "target_per_class": 5,
  "k_neighbors": 5,
  "status": "success",
  "augmentation_method_requested": "smote_nc",
  "augmentation_method_actual": "smote_nc",
  "target_effective_k": 5,
  "n_real_support_rows": 19.0,
  "n_synthetic_support_rows": 0.6,
  "n_effective_support_rows": 19.6,
  "n_real_support_pos": 8.0,
  "n_real_support_neg": 11.0,
  "n_synthetic_support_pos": 0.6,
  "n_synthetic_support_neg": 0.0,
  "n_query_rows": 57.0,
  "n_query_pos": 46.0,
  "n_query_neg": 11.0,
  "n_query_synthetic_rows": 0,
  "gen_fallback_used": false,
  "gen_skip_reason": null,
  "gold_auroc_mean": 0.35532818948280137,
  "gold_auroc_std": 0.059748557997622555,
  "gold_ap_mean": 0.7692780035454885,
  "gold_ap_std": 0.05137311759030251,
  "gold_logloss_mean": 1.3215010607085547,
  "gold_logloss_std": 0.3480339526705848,
  "gold_brier_mean": 0.4371710401798595,
  "gold_brier_std": 0.10588455854907883,
  "gold_ece_mean": 0.45981126161856817,
  "gold_ece_std": 0.1277518442581195,
  "gold_f1_mean": 0.41155892696639845,
  "gold_f1_std": 0.18103293098614873,
  "gold_accuracy_mean": 0.3623583817410291,
  "gold_accuracy_std": 0.10448480850216388,
  "gold_pred_mean_mean": 0.38732424989242725,
  "gold_pred_mean_std": 0.15096161065651442,
  "gold_true_mean_mean": 0.8062888806492812,
  "gold_true_mean_std": 0.011705235633511928,
  "n_eval_rows_mean": 57.0,
  "n_eval_rows_std": 3.5496478698597698,
  "n_positive_mean": 46.0,
  "n_positive_std": 3.5496478698597698,
  "precision_at_5_mean": 0.74,
  "precision_at_5_std": 0.2835489375751565,
  "recall_at_5_mean": 0.08023110283202842,
  "recall_at_5_std": 0.030000996995185644,
  "ndcg_at_5_mean": 0.7123957096240534,
  "ndcg_at_5_std": 0.3276709963005455,
  "precision_at_10_mean": 0.7450000000000001,
  "precision_at_10_std": 0.12439855304624729,
  "recall_at_10_mean": 0.16278730195690347,
  "recall_at_10_std": 0.02995397491150061,
  "ndcg_at_10_mean": 0.7300464780665619,
  "ndcg_at_10_std": 0.1996345601285654,
  "precision_at_20_mean": 0.7249999999999999,
  "precision_at_20_std": 0.04031128874149277,
  "recall_at_20_mean": 0.3163401926827138,
  "recall_at_20_std": 0.021474908313452837,
  "ndcg_at_20_mean": 0.7216520359997549,
  "ndcg_at_20_std": 0.10010626425648533,
  "n_metric_rows": 20,
  "n_predictions": 1140,
  "n_episodes_diagnosed": 20,
  "collapse_rate": 0.0,
  "pred_mean_mean": 0.38732425794005393,
  "pred_std_mean": 0.2156769208610058,
  "frac_near_zero_mean": 0.09285111028715032,
  "frac_near_one_mean": 0.0
}