{
  "experiment_id": "stage2__init-A_weak_only__method-maml__kpos-2__kneg-2__steps-1__target-Logistics",
  "method": "maml",
  "init_name": "A_weak_only",
  "target_department": "Logistics",
  "n_support_pos": 2,
  "n_support_neg": 2,
  "inner_steps": 1,
  "status": "success",
  "gold_auroc_mean": 0.507920321637427,
  "gold_auroc_std": 0.018085200481096943,
  "gold_ap_mean": 0.7030138847529022,
  "gold_ap_std": 0.07626544919152929,
  "gold_logloss_mean": 1.1008679340278973,
  "gold_logloss_std": 0.4750565413296564,
  "gold_brier_mean": 0.40099195506926044,
  "gold_brier_std": 0.15376724538350536,
  "gold_ece_mean": 0.37450008572319093,
  "gold_ece_std": 0.23751168906158773,
  "gold_f1_mean": 0.10994837656137854,
  "gold_f1_std": 0.26174382787858325,
  "gold_accuracy_mean": 0.32556094897298454,
  "gold_accuracy_std": 0.12339162677346645,
  "gold_pred_mean_mean": 0.32458805560621323,
  "gold_pred_mean_std": 0.16183083663482484,
  "gold_true_mean_mean": 0.6980093695973341,
  "gold_true_mean_std": 0.0802917532046381,
  "n_eval_rows_mean": 41.05,
  "n_eval_rows_std": 5.962172422867356,
  "n_positive_mean": 28.45,
  "n_positive_std": 4.165033013074447,
  "precision_at_5_mean": 0.6599999999999999,
  "precision_at_5_std": 0.35832945734337834,
  "recall_at_5_mean": 0.1136607349026807,
  "recall_at_5_std": 0.06019065670100994,
  "ndcg_at_5_mean": 0.6844511762208609,
  "ndcg_at_5_std": 0.11723413280126205,
  "precision_at_10_mean": 0.6950000000000001,
  "precision_at_10_std": 0.32630507198019465,
  "recall_at_10_mean": 0.24333879278746656,
  "recall_at_10_std": 0.1164827636603346,
  "ndcg_at_10_mean": 0.6914303992030952,
  "ndcg_at_10_std": 0.10017775800912714,
  "precision_at_20_mean": 0.78,
  "precision_at_20_std": 0.17204650534085253,
  "recall_at_20_mean": 0.5518356131492527,
  "recall_at_20_std": 0.12119418968578922,
  "ndcg_at_20_mean": 0.6960054184880236,
  "ndcg_at_20_std": 0.0898917611243875,
  "n_metric_rows": 20,
  "n_predictions": 821,
  "n_episodes_diagnosed": 20,
  "collapse_rate": 1.0,
  "pred_mean_mean": 0.32458807043731214,
  "pred_std_mean": 9.323186780725301e-05,
  "frac_near_zero_mean": 0.0,
  "frac_near_one_mean": 0.0
}