{
  "experiment_id": "stage2__init-A_weak_only__method-maml__kpos-2__kneg-2__steps-1__target-Logistics",
  "method": "maml",
  "init_name": "A_weak_only",
  "target_department": "Logistics",
  "n_support_pos": 2,
  "n_support_neg": 2,
  "inner_steps": 1,
  "status": "success",
  "gold_auroc_mean": 0.4676073790284887,
  "gold_auroc_std": 0.19376072034811204,
  "gold_ap_mean": 0.7184054297245603,
  "gold_ap_std": 0.11391775811519034,
  "gold_logloss_mean": 2.412279780458557,
  "gold_logloss_std": 2.587686735474711,
  "gold_brier_mean": 0.37225873806710663,
  "gold_brier_std": 0.18852446910688248,
  "gold_ece_mean": 0.3502597686533724,
  "gold_ece_std": 0.2145481391426058,
  "gold_f1_mean": 0.6042299176808701,
  "gold_f1_std": 0.3518421558138109,
  "gold_accuracy_mean": 0.568710735414979,
  "gold_accuracy_std": 0.2023198233484324,
  "gold_pred_mean_mean": 0.6412133763977833,
  "gold_pred_mean_std": 0.3561418977585552,
  "gold_true_mean_mean": 0.6980093695973341,
  "gold_true_mean_std": 0.0802917532046381,
  "n_eval_rows_mean": 41.05,
  "n_eval_rows_std": 5.962172422867356,
  "n_positive_mean": 28.45,
  "n_positive_std": 4.165033013074447,
  "precision_at_5_mean": 0.7300000000000001,
  "precision_at_5_std": 0.2389560629069704,
  "recall_at_5_mean": 0.130703030221031,
  "recall_at_5_std": 0.047141688305736805,
  "ndcg_at_5_mean": 0.763548214176632,
  "ndcg_at_5_std": 0.15781140971613775,
  "precision_at_10_mean": 0.6849999999999999,
  "precision_at_10_std": 0.2495495942693556,
  "recall_at_10_mean": 0.24461141407180823,
  "recall_at_10_std": 0.09518976812265383,
  "ndcg_at_10_mean": 0.7115664680386722,
  "ndcg_at_10_std": 0.16257422747659062,
  "precision_at_20_mean": 0.6950000000000001,
  "precision_at_20_std": 0.18020821290940098,
  "recall_at_20_mean": 0.4939969074613339,
  "recall_at_20_std": 0.13633087037352992,
  "ndcg_at_20_mean": 0.6950988192232459,
  "ndcg_at_20_std": 0.13517908648460056,
  "n_metric_rows": 20,
  "n_predictions": 821,
  "n_episodes_diagnosed": 20,
  "collapse_rate": 0.8,
  "pred_mean_mean": 0.6412133595917112,
  "pred_std_mean": 0.007785432843218132,
  "frac_near_zero_mean": 0.15,
  "frac_near_one_mean": 0.34750000000000003
}