{
  "experiment_id": "stage2__init-C_hybrid__method-anil__kpos-1__kneg-1__steps-3__target-Logistics__synprop-0.5__gen-smote_nc__tek-5",
  "method": "anil",
  "init_name": "C_hybrid",
  "target_department": "Logistics",
  "n_support_pos": 1,
  "n_support_neg": 1,
  "inner_steps": 3,
  "inner_lr": 0.01,
  "meta_batch_size": 4,
  "synthetic_proportion": 0.5,
  "augmentation_method": "smote_nc",
  "target_per_class": 5,
  "k_neighbors": 5,
  "status": "success",
  "augmentation_method_requested": "smote_nc",
  "augmentation_method_actual": "smote_nc",
  "target_effective_k": 5,
  "n_real_support_rows": 6.55,
  "n_synthetic_support_rows": 3.45,
  "n_effective_support_rows": 10.0,
  "n_real_support_pos": 3.25,
  "n_real_support_neg": 3.3,
  "n_synthetic_support_pos": 1.75,
  "n_synthetic_support_neg": 1.7,
  "n_query_rows": 15.45,
  "n_query_pos": 9.75,
  "n_query_neg": 5.7,
  "n_query_synthetic_rows": 0,
  "gen_fallback_used": false,
  "gen_skip_reason": null,
  "gold_auroc_mean": 0.5355481902356902,
  "gold_auroc_std": 0.09053711848897271,
  "gold_ap_mean": 0.7553609645346089,
  "gold_ap_std": 0.07522261127724915,
  "gold_logloss_mean": 1.1505848870306297,
  "gold_logloss_std": 0.24167470262648577,
  "gold_brier_mean": 0.3355227250778875,
  "gold_brier_std": 0.05358972814203557,
  "gold_ece_mean": 0.370802797216912,
  "gold_ece_std": 0.07262639684775218,
  "gold_f1_mean": 0.58635175010175,
  "gold_f1_std": 0.12673758695100892,
  "gold_accuracy_mean": 0.5282955361631833,
  "gold_accuracy_std": 0.0862592120096033,
  "gold_pred_mean_mean": 0.5118057377029455,
  "gold_pred_mean_std": 0.18105227379799319,
  "gold_true_mean_mean": 0.6333414134884723,
  "gold_true_mean_std": 0.0642471070651101,
  "n_eval_rows_mean": 15.45,
  "n_eval_rows_std": 2.3553131426627756,
  "n_positive_mean": 9.75,
  "n_positive_std": 1.6085707942145413,
  "precision_at_5_mean": 0.7099999999999999,
  "precision_at_5_std": 0.16093476939431084,
  "recall_at_5_mean": 0.37739898989898985,
  "recall_at_5_std": 0.12026201976356662,
  "ndcg_at_5_mean": 0.7767557559243562,
  "ndcg_at_5_std": 0.12589331720418434,
  "precision_at_10_mean": 0.6199999999999999,
  "precision_at_10_std": 0.10295630140987,
  "recall_at_10_mean": 0.6406565656565657,
  "recall_at_10_std": 0.07956689626039332,
  "ndcg_at_10_mean": 0.7343900856513566,
  "ndcg_at_10_std": 0.07370606061273957,
  "precision_at_20_mean": 0.6333414134884723,
  "precision_at_20_std": 0.0642471070651101,
  "recall_at_20_mean": 1.0,
  "recall_at_20_std": 0.0,
  "ndcg_at_20_mean": 0.9105052548072121,
  "ndcg_at_20_std": 0.033224605367350224,
  "n_metric_rows": 20,
  "n_predictions": 309,
  "n_episodes_diagnosed": 20,
  "collapse_rate": 0.0,
  "pred_mean_mean": 0.5118057399988174,
  "pred_std_mean": 0.25179124586284163,
  "frac_near_zero_mean": 0.09923382173382173,
  "frac_near_one_mean": 0.043529411764705886
}