model,gold_auroc,gold_ap,gold_logloss,gold_brier,gold_ece,gold_f1,gold_accuracy,gold_pred_mean,gold_true_mean,n_eval_rows,n_positive,precision_at_5,recall_at_5,ndcg_at_5,precision_at_10,recall_at_10,ndcg_at_10,precision_at_20,recall_at_20,ndcg_at_20,episode_idx
ANIL,0.29055258467023176,0.7319749296117214,1.8066271612996325,0.5664485271493269,0.6028373524201133,0.22580645161290322,0.22580645161290322,0.2438488608271244,0.8225806451612904,62,51,0.4,0.0392156862745098,0.31564845247951445,0.6,0.11764705882352941,0.4896484487323553,0.75,0.29411764705882354,0.6371982811912683,0
ANIL,0.23044397463002114,0.6788967595994151,1.479845968619351,0.4908415040587702,0.48206728974495217,0.4307692307692308,0.3148148148148148,0.3962593117073454,0.7962962962962963,54,43,0.4,0.046511627906976744,0.30078518014914984,0.6,0.13953488372093023,0.4728935033594544,0.65,0.3023255813953488,0.553822896475253,1
ANIL,0.34672304439746304,0.7752544453300739,1.5993646474646863,0.5110602959179162,0.5245183877888376,0.2962962962962963,0.2962962962962963,0.28111756780978153,0.7962962962962963,54,43,0.8,0.09302325581395349,0.8687949224876581,0.8,0.18604651162790697,0.8512360941594274,0.7,0.32558139534883723,0.7586898346428733,2
ANIL,0.2901353965183752,0.7183138911935231,1.3013727637173134,0.4334044006210268,0.44288378067571543,0.5405405405405406,0.41379310344827586,0.43519589266386527,0.8103448275862069,58,47,0.4,0.0425531914893617,0.31564845247951445,0.6,0.1276595744680851,0.4896484487323553,0.75,0.3191489361702128,0.6358855998771131,3
ANIL,0.23044397463002114,0.6788967595994151,1.479845968619351,0.4908415040587702,0.48206728974495217,0.4307692307692308,0.3148148148148148,0.3962593117073454,0.7962962962962963,54,43,0.4,0.046511627906976744,0.30078518014914984,0.6,0.13953488372093023,0.4728935033594544,0.65,0.3023255813953488,0.553822896475253,4
