{
  "experiment_id": "stage2__init-random__method-anil__kpos-1__kneg-1__steps-3__target-Packaging-Material__synprop-0__gen-none",
  "method": "anil",
  "init_name": "random",
  "target_department": "Packaging Material",
  "n_support_pos": 1,
  "n_support_neg": 1,
  "inner_steps": 3,
  "inner_lr": 0.01,
  "meta_batch_size": 4,
  "synthetic_proportion": 0.0,
  "augmentation_method": "none",
  "target_per_class": null,
  "k_neighbors": 5,
  "status": "success",
  "gold_auroc_mean": 0.46345811051693403,
  "gold_auroc_std": 0.05167803570169064,
  "gold_ap_mean": 0.8053263739944082,
  "gold_ap_std": 0.012770458349952706,
  "gold_logloss_mean": 4.81475614212076,
  "gold_logloss_std": 1.5024537611024338,
  "gold_brier_mean": 0.4098767743107781,
  "gold_brier_std": 0.2915727584102411,
  "gold_ece_mean": 0.4099237566547282,
  "gold_ece_std": 0.29163920985877245,
  "gold_f1_mean": 0.5910652920962199,
  "gold_f1_std": 0.4179462761652446,
  "gold_accuracy_mean": 0.5900039824771007,
  "gold_accuracy_std": 0.29174138801643296,
  "gold_pred_mean_mean": 0.6667389142015043,
  "gold_pred_mean_std": 0.47130233320528053,
  "gold_true_mean_mean": 0.805057745917961,
  "gold_true_mean_std": 0.012390560881006837,
  "n_eval_rows_mean": 56.666666666666664,
  "n_eval_rows_std": 3.7712361663282534,
  "n_positive_mean": 45.666666666666664,
  "n_positive_std": 3.7712361663282534,
  "precision_at_5_mean": 1.0,
  "precision_at_5_std": 0.0,
  "recall_at_5_mean": 0.11019911840705275,
  "recall_at_5_std": 0.008598349672431038,
  "ndcg_at_5_mean": 0.8641975308641974,
  "ndcg_at_5_std": 0.09602684682780276,
  "precision_at_10_mean": 0.9,
  "precision_at_10_std": 0.08164965809277258,
  "recall_at_10_mean": 0.19835841313269495,
  "recall_at_10_std": 0.024496809883380374,
  "ndcg_at_10_mean": 0.8421127897127345,
  "ndcg_at_10_std": 0.06479430636990456,
  "precision_at_20_mean": 0.6666666666666666,
  "precision_at_20_std": 0.15456030825826172,
  "recall_at_20_mean": 0.2906216750265998,
  "recall_at_20_std": 0.0592612051305768,
  "ndcg_at_20_mean": 0.8125955345190649,
  "ndcg_at_20_std": 0.023050603750989312,
  "n_metric_rows": 3,
  "n_predictions": 170,
  "n_episodes_diagnosed": 3,
  "collapse_rate": 1.0,
  "pred_mean_mean": 0.6667389208693445,
  "pred_std_mean": 5.3334479162003845e-06,
  "frac_near_zero_mean": 0.3333333333333333,
  "frac_near_one_mean": 0.6666666666666666
}