{
  "experiment_id": "stage2__init-A_weak_only__method-anil__kpos-1__kneg-1__steps-5__target-Packaging-Material__synprop-0__gen-none",
  "method": "anil",
  "init_name": "A_weak_only",
  "target_department": "Packaging Material",
  "n_support_pos": 1,
  "n_support_neg": 1,
  "inner_steps": 5,
  "inner_lr": 0.01,
  "meta_batch_size": 4,
  "synthetic_proportion": 0.0,
  "augmentation_method": "none",
  "target_per_class": null,
  "k_neighbors": 5,
  "status": "success",
  "augmentation_method_requested": "none",
  "augmentation_method_actual": "none",
  "target_effective_k": null,
  "n_real_support_rows": 19.4,
  "n_synthetic_support_rows": 0.0,
  "n_effective_support_rows": 19.4,
  "n_real_support_pos": 8.4,
  "n_real_support_neg": 11.0,
  "n_synthetic_support_pos": 0.0,
  "n_synthetic_support_neg": 0.0,
  "n_query_rows": 56.6,
  "n_query_pos": 45.6,
  "n_query_neg": 11.0,
  "n_query_synthetic_rows": 0,
  "gen_fallback_used": false,
  "gen_skip_reason": null,
  "gold_auroc_mean": 0.3170683756386815,
  "gold_auroc_std": 0.08350475823654376,
  "gold_ap_mean": 0.7439406223171463,
  "gold_ap_std": 0.0566044856159318,
  "gold_logloss_mean": 1.5124648728044208,
  "gold_logloss_std": 0.35673548177162556,
  "gold_brier_mean": 0.4875777491737038,
  "gold_brier_std": 0.09483048305628626,
  "gold_ece_mean": 0.5026574620939289,
  "gold_ece_std": 0.11177947484665839,
  "gold_f1_mean": 0.3650903446699453,
  "gold_f1_std": 0.1696046284316971,
  "gold_accuracy_mean": 0.31294751369834795,
  "gold_accuracy_std": 0.08761049671043585,
  "gold_pred_mean_mean": 0.34744394738692164,
  "gold_pred_mean_std": 0.11253193359473154,
  "gold_true_mean_mean": 0.8049746632060314,
  "gold_true_mean_std": 0.011269732973976498,
  "n_eval_rows_mean": 56.6,
  "n_eval_rows_std": 3.4117444218463966,
  "n_positive_mean": 45.6,
  "n_positive_std": 3.4117444218463966,
  "precision_at_5_mean": 0.62,
  "precision_at_5_std": 0.27495454169735045,
  "recall_at_5_mean": 0.06858088114018493,
  "recall_at_5_std": 0.031282976700543315,
  "ndcg_at_5_mean": 0.5732959092704015,
  "ndcg_at_5_std": 0.32366678125568166,
  "precision_at_10_mean": 0.71,
  "precision_at_10_std": 0.13747727084867523,
  "recall_at_10_mean": 0.1567686352126204,
  "recall_at_10_std": 0.033500294855639504,
  "ndcg_at_10_mean": 0.654656752831723,
  "ndcg_at_10_std": 0.21081812825374419,
  "precision_at_20_mean": 0.7125,
  "precision_at_20_std": 0.05889609494694874,
  "recall_at_20_mean": 0.3132622173065168,
  "recall_at_20_std": 0.025880701746859094,
  "ndcg_at_20_mean": 0.6756382559402648,
  "ndcg_at_20_std": 0.11180333037092532,
  "n_metric_rows": 20,
  "n_predictions": 1132,
  "n_episodes_diagnosed": 20,
  "collapse_rate": 0.0,
  "pred_mean_mean": 0.3474439479410648,
  "pred_std_mean": 0.23570474833250046,
  "frac_near_zero_mean": 0.13282350760103817,
  "frac_near_one_mean": 0.0
}