{
  "experiment_id": "stage2__init-C_hybrid__method-finetune__kpos-1__kneg-1__steps-3__target-Packaging-Material",
  "method": "finetune",
  "init_name": "C_hybrid",
  "target_department": "Packaging Material",
  "n_support_pos": 1,
  "n_support_neg": 1,
  "inner_steps": 3,
  "inner_lr": 0.01,
  "meta_batch_size": 4,
  "synthetic_proportion": 0.0,
  "augmentation_method": "none",
  "target_per_class": null,
  "k_neighbors": 5,
  "status": "success",
  "augmentation_method_requested": "none",
  "augmentation_method_actual": "none",
  "target_effective_k": null,
  "n_real_support_rows": 19.4,
  "n_synthetic_support_rows": 0.0,
  "n_effective_support_rows": 19.4,
  "n_real_support_pos": 8.4,
  "n_real_support_neg": 11.0,
  "n_synthetic_support_pos": 0.0,
  "n_synthetic_support_neg": 0.0,
  "n_query_rows": 56.6,
  "n_query_pos": 45.6,
  "n_query_neg": 11.0,
  "n_query_synthetic_rows": 0,
  "gen_fallback_used": false,
  "gen_skip_reason": null,
  "gold_auroc_mean": 0.518230174081238,
  "gold_auroc_std": 0.0794634865432705,
  "gold_ap_mean": 0.8128301574567101,
  "gold_ap_std": 0.03720006022385632,
  "gold_logloss_mean": 7.814107376438481,
  "gold_logloss_std": 5.63278460527876,
  "gold_brier_mean": 0.430335477753395,
  "gold_brier_std": 0.29902325668287993,
  "gold_ece_mean": 0.4304418578180155,
  "gold_ece_std": 0.2989256938429029,
  "gold_f1_mean": 0.5372690187287396,
  "gold_f1_std": 0.43871097743157395,
  "gold_accuracy_mean": 0.5679376261689943,
  "gold_accuracy_std": 0.2975248410292139,
  "gold_pred_mean_mean": 0.59837949198701,
  "gold_pred_mean_std": 0.48862406855430357,
  "gold_true_mean_mean": 0.8049746632060314,
  "gold_true_mean_std": 0.011269732973976498,
  "n_eval_rows_mean": 56.6,
  "n_eval_rows_std": 3.4117444218463966,
  "n_positive_mean": 45.6,
  "n_positive_std": 3.4117444218463966,
  "precision_at_5_mean": 1.0,
  "precision_at_5_std": 0.0,
  "recall_at_5_mean": 0.11023469259054439,
  "recall_at_5_std": 0.007831249355099885,
  "ndcg_at_5_mean": 0.8144574218267209,
  "ndcg_at_5_std": 0.04401575100521411,
  "precision_at_10_mean": 0.9400000000000001,
  "precision_at_10_std": 0.09165151389911678,
  "recall_at_10_mean": 0.20651589680899574,
  "recall_at_10_std": 0.019032942511510352,
  "ndcg_at_10_mean": 0.8144574218267211,
  "ndcg_at_10_std": 0.04401575100521413,
  "precision_at_20_mean": 0.6799999999999999,
  "precision_at_20_std": 0.1833030277982336,
  "recall_at_20_mean": 0.2974376885835977,
  "recall_at_20_std": 0.07416042713133242,
  "ndcg_at_20_mean": 0.8144574218267209,
  "ndcg_at_20_std": 0.04401575100521413,
  "n_metric_rows": 20,
  "n_predictions": 1132,
  "n_episodes_diagnosed": 20,
  "collapse_rate": 0.95,
  "pred_mean_mean": 0.5983794897794723,
  "pred_std_mean": 0.0033580176532268524,
  "frac_near_zero_mean": 0.4,
  "frac_near_one_mean": 0.5905172413793103
}