{
  "experiment_id": "stage2__init-C_hybrid__method-zero_shot__kpos-1__kneg-1__steps-5__target-Logistics",
  "method": "zero_shot",
  "init_name": "C_hybrid",
  "target_department": "Logistics",
  "n_support_pos": 1,
  "n_support_neg": 1,
  "inner_steps": 5,
  "inner_lr": 0.01,
  "meta_batch_size": 4,
  "synthetic_proportion": 0.0,
  "augmentation_method": "none",
  "target_per_class": null,
  "k_neighbors": 5,
  "status": "success",
  "augmentation_method_requested": "none",
  "augmentation_method_actual": "none",
  "target_effective_k": null,
  "n_real_support_rows": 5.6,
  "n_synthetic_support_rows": 0.0,
  "n_effective_support_rows": 5.6,
  "n_real_support_pos": 2.7,
  "n_real_support_neg": 2.9,
  "n_synthetic_support_pos": 0.0,
  "n_synthetic_support_neg": 0.0,
  "n_query_rows": 16.4,
  "n_query_pos": 10.3,
  "n_query_neg": 6.1,
  "n_query_synthetic_rows": 0,
  "gen_fallback_used": false,
  "gen_skip_reason": null,
  "gold_auroc_mean": 0.6060343013468013,
  "gold_auroc_std": 0.08022782726741719,
  "gold_ap_mean": 0.8004546142601132,
  "gold_ap_std": 0.07813166328452063,
  "gold_logloss_mean": 1.3306648974506392,
  "gold_logloss_std": 0.1897219191862603,
  "gold_brier_mean": 0.41858300788564035,
  "gold_brier_std": 0.053779199514345497,
  "gold_ece_mean": 0.441775425518012,
  "gold_ece_std": 0.07948736320251744,
  "gold_f1_mean": 0.0,
  "gold_f1_std": 0.0,
  "gold_accuracy_mean": 0.36913278671792604,
  "gold_accuracy_std": 0.08684602687553228,
  "gold_pred_mean_mean": 0.19643509647932125,
  "gold_pred_mean_std": 0.012951441015779048,
  "gold_true_mean_mean": 0.6308672132820738,
  "gold_true_mean_std": 0.08684602687553226,
  "n_eval_rows_mean": 16.4,
  "n_eval_rows_std": 1.8814887722226776,
  "n_positive_mean": 10.3,
  "n_positive_std": 1.5524174696260027,
  "precision_at_5_mean": 0.78,
  "precision_at_5_std": 0.15362291495737218,
  "recall_at_5_mean": 0.3779671717171717,
  "recall_at_5_std": 0.04200064155682118,
  "ndcg_at_5_mean": 0.8462023428851628,
  "ndcg_at_5_std": 0.11128844741516956,
  "precision_at_10_mean": 0.675,
  "precision_at_10_std": 0.1219631091765047,
  "recall_at_10_mean": 0.655871212121212,
  "recall_at_10_std": 0.07652022997948085,
  "ndcg_at_10_mean": 0.7804136116701051,
  "ndcg_at_10_std": 0.07627558846726513,
  "precision_at_20_mean": 0.6308672132820738,
  "precision_at_20_std": 0.08684602687553226,
  "recall_at_20_mean": 1.0,
  "recall_at_20_std": 0.0,
  "ndcg_at_20_mean": 0.9338344542599231,
  "ndcg_at_20_std": 0.03122060196823166,
  "n_metric_rows": 20,
  "n_predictions": 328,
  "n_episodes_diagnosed": 20,
  "collapse_rate": 0.0,
  "pred_mean_mean": 0.19643509462475778,
  "pred_std_mean": 0.11055395677685738,
  "frac_near_zero_mean": 0.15389680366073555,
  "frac_near_one_mean": 0.0
}