{
  "experiment_id": "stage2__init-A_weak_only__method-maml__kpos-2__kneg-2__steps-3__target-Logistics__lr-0.0005",
  "method": "maml",
  "init_name": "A_weak_only",
  "target_department": "Logistics",
  "n_support_pos": 2,
  "n_support_neg": 2,
  "inner_steps": 3,
  "inner_lr": 0.0005,
  "meta_batch_size": 4,
  "status": "success",
  "gold_auroc_mean": 0.3141670326245781,
  "gold_auroc_std": 0.08456966103293242,
  "gold_ap_mean": 0.6473453157370173,
  "gold_ap_std": 0.07983518292493709,
  "gold_logloss_mean": 0.9078547022015189,
  "gold_logloss_std": 0.25663638836272923,
  "gold_brier_mean": 0.26365432020512697,
  "gold_brier_std": 0.06799071530529319,
  "gold_ece_mean": 0.22538516889064203,
  "gold_ece_std": 0.08536805622894367,
  "gold_f1_mean": 0.8194826328020062,
  "gold_f1_std": 0.05644808478221971,
  "gold_accuracy_mean": 0.6980093695973341,
  "gold_accuracy_std": 0.0802917532046381,
  "gold_pred_mean_mean": 0.9208682981980154,
  "gold_pred_mean_std": 0.052930577471017745,
  "gold_true_mean_mean": 0.6980093695973341,
  "gold_true_mean_std": 0.0802917532046381,
  "n_eval_rows_mean": 41.05,
  "n_eval_rows_std": 5.962172422867356,
  "n_positive_mean": 28.45,
  "n_positive_std": 4.165033013074447,
  "precision_at_5_mean": 0.64,
  "precision_at_5_std": 0.13564659966250536,
  "recall_at_5_mean": 0.11631156643379233,
  "recall_at_5_std": 0.03520448921104935,
  "ndcg_at_5_mean": 0.7129896520257076,
  "ndcg_at_5_std": 0.10524245249525035,
  "precision_at_10_mean": 0.51,
  "precision_at_10_std": 0.11789826122551594,
  "recall_at_10_mean": 0.18631803034594158,
  "recall_at_10_std": 0.06138827339973497,
  "ndcg_at_10_mean": 0.5936208168700716,
  "ndcg_at_10_std": 0.0919352006951655,
  "precision_at_20_mean": 0.5375,
  "precision_at_20_std": 0.17739433474606792,
  "recall_at_20_mean": 0.38470127293734047,
  "recall_at_20_std": 0.13881554468097299,
  "ndcg_at_20_mean": 0.5802941358530911,
  "ndcg_at_20_std": 0.12771222709808105,
  "n_metric_rows": 20,
  "n_predictions": 821,
  "n_episodes_diagnosed": 20,
  "collapse_rate": 0.55,
  "pred_mean_mean": 0.920868307352066,
  "pred_std_mean": 0.013208053121343256,
  "frac_near_zero_mean": 0.0,
  "frac_near_one_mean": 0.6022474747474748
}