{
  "experiment_id": "stage2__init-A_weak_only__method-maml__kpos-1__kneg-1__steps-3__target-Packaging-Material",
  "method": "maml",
  "init_name": "A_weak_only",
  "target_department": "Packaging Material",
  "n_support_pos": 1,
  "n_support_neg": 1,
  "inner_steps": 3,
  "inner_lr": 0.01,
  "meta_batch_size": 4,
  "synthetic_proportion": 0.0,
  "augmentation_method": "none",
  "target_per_class": null,
  "k_neighbors": 5,
  "status": "success",
  "augmentation_method_requested": "none",
  "augmentation_method_actual": "none",
  "target_effective_k": null,
  "n_real_support_rows": 19.4,
  "n_synthetic_support_rows": 0.0,
  "n_effective_support_rows": 19.4,
  "n_real_support_pos": 8.4,
  "n_real_support_neg": 11.0,
  "n_synthetic_support_pos": 0.0,
  "n_synthetic_support_neg": 0.0,
  "n_query_rows": 56.6,
  "n_query_pos": 45.6,
  "n_query_neg": 11.0,
  "n_query_synthetic_rows": 0,
  "gen_fallback_used": false,
  "gen_skip_reason": null,
  "gold_auroc_mean": 0.47526072054479657,
  "gold_auroc_std": 0.01557671706294967,
  "gold_ap_mean": 0.8024078241165007,
  "gold_ap_std": 0.022365734108173607,
  "gold_logloss_mean": 0.6624969401616472,
  "gold_logloss_std": 0.25867752107470665,
  "gold_brier_mean": 0.19375009108789046,
  "gold_brier_std": 0.003382384951381323,
  "gold_ece_mean": 0.19084615490672835,
  "gold_ece_std": 0.020173696373702914,
  "gold_f1_mean": 0.8919081939864716,
  "gold_f1_std": 0.006888778789535748,
  "gold_accuracy_mean": 0.8049746632060314,
  "gold_accuracy_std": 0.011269732973976498,
  "gold_pred_mean_mean": 0.6546961675272394,
  "gold_pred_mean_std": 0.1151585604398467,
  "gold_true_mean_mean": 0.8049746632060314,
  "gold_true_mean_std": 0.011269732973976498,
  "n_eval_rows_mean": 56.6,
  "n_eval_rows_std": 3.4117444218463966,
  "n_positive_mean": 45.6,
  "n_positive_std": 3.4117444218463966,
  "precision_at_5_mean": 0.9199999999999999,
  "precision_at_5_std": 0.1833030277982336,
  "recall_at_5_mean": 0.10093236700914905,
  "recall_at_5_std": 0.020079207130915884,
  "ndcg_at_5_mean": 0.9179647632997762,
  "ndcg_at_5_std": 0.19001603958442972,
  "precision_at_10_mean": 0.8799999999999999,
  "precision_at_10_std": 0.12489995996796797,
  "recall_at_10_mean": 0.19425056514441502,
  "recall_at_10_std": 0.032887939972720076,
  "ndcg_at_10_mean": 0.8683230568994956,
  "ndcg_at_10_std": 0.09528304006465627,
  "precision_at_20_mean": 0.7825,
  "precision_at_20_std": 0.13534677683639165,
  "recall_at_20_mean": 0.3425585276168854,
  "recall_at_20_std": 0.05036002456508129,
  "ndcg_at_20_mean": 0.8318413974156407,
  "ndcg_at_20_std": 0.05920247003926079,
  "n_metric_rows": 20,
  "n_predictions": 1132,
  "n_episodes_diagnosed": 20,
  "collapse_rate": 0.1,
  "pred_mean_mean": 0.6546961545944214,
  "pred_std_mean": 0.017432158746669302,
  "frac_near_zero_mean": 0.0,
  "frac_near_one_mean": 0.1
}