{
  "experiment_id": "stage2__init-A_weak_only__method-fomaml__kpos-2__kneg-2__steps-5__target-Logistics__lr-0.01",
  "method": "fomaml",
  "init_name": "A_weak_only",
  "target_department": "Logistics",
  "n_support_pos": 2,
  "n_support_neg": 2,
  "inner_steps": 5,
  "inner_lr": 0.01,
  "meta_batch_size": 4,
  "status": "success",
  "gold_auroc_mean": 0.5025399127257044,
  "gold_auroc_std": 0.03192996671288769,
  "gold_ap_mean": 0.7007598061590171,
  "gold_ap_std": 0.08521812086062755,
  "gold_logloss_mean": 0.6393612284319609,
  "gold_logloss_std": 0.028292463702450598,
  "gold_brier_mean": 0.22334424106870737,
  "gold_brier_std": 0.013975873856258687,
  "gold_ece_mean": 0.11467665313982126,
  "gold_ece_std": 0.07564115041133353,
  "gold_f1_mean": 0.8194826328020062,
  "gold_f1_std": 0.05644808478221971,
  "gold_accuracy_mean": 0.6980093695973341,
  "gold_accuracy_std": 0.0802917532046381,
  "gold_pred_mean_mean": 0.5969081562444608,
  "gold_pred_mean_std": 0.015236486623635553,
  "gold_true_mean_mean": 0.6980093695973341,
  "gold_true_mean_std": 0.0802917532046381,
  "n_eval_rows_mean": 41.05,
  "n_eval_rows_std": 5.962172422867356,
  "n_positive_mean": 28.45,
  "n_positive_std": 4.165033013074447,
  "precision_at_5_mean": 0.69,
  "precision_at_5_std": 0.337490740613724,
  "recall_at_5_mean": 0.12038412660049694,
  "recall_at_5_std": 0.05805146389218458,
  "ndcg_at_5_mean": 0.7332794210159926,
  "ndcg_at_5_std": 0.09299959633868021,
  "precision_at_10_mean": 0.715,
  "precision_at_10_std": 0.315079355083763,
  "recall_at_10_mean": 0.25106950782524684,
  "recall_at_10_std": 0.11398953533245558,
  "ndcg_at_10_mean": 0.7187429999166546,
  "ndcg_at_10_std": 0.08636276291483783,
  "precision_at_20_mean": 0.7825,
  "precision_at_20_std": 0.18115946014492312,
  "recall_at_20_mean": 0.5523778146545297,
  "recall_at_20_std": 0.12212438219398367,
  "ndcg_at_20_mean": 0.709214087166252,
  "ndcg_at_20_std": 0.08467620913818959,
  "n_metric_rows": 20,
  "n_predictions": 821,
  "n_episodes_diagnosed": 20,
  "collapse_rate": 1.0,
  "pred_mean_mean": 0.5969081580638885,
  "pred_std_mean": 0.0021521736241993496,
  "frac_near_zero_mean": 0.0,
  "frac_near_one_mean": 0.0
}