model,gold_auroc,gold_ap,gold_logloss,gold_brier,gold_ece,gold_f1,gold_accuracy,gold_pred_mean,gold_true_mean,n_eval_rows,n_positive,precision_at_5,recall_at_5,ndcg_at_5,precision_at_10,recall_at_10,ndcg_at_10,precision_at_20,recall_at_20,ndcg_at_20,episode_idx
FINETUNE,,,1.0000000100247594e-08,1.0000000100495187e-16,1.0000000161269895e-08,1.0,1.0,0.9999999899999998,1.0,40,40,1.0,0.125,0.9999999999999999,1.0,0.25,1.0,1.0,0.5,0.9999999999999999,0
FINETUNE,,,18.420680743952367,0.99999998,0.99999999,0.0,0.0,1e-08,1.0,32,32,1.0,0.15625,0.9999999999999999,1.0,0.3125,1.0,1.0,0.625,0.9999999999999999,1
FINETUNE,,,1.0000000100247594e-08,1.0000000100495187e-16,1.0000000161269895e-08,1.0,1.0,0.9999999899999998,1.0,40,40,1.0,0.125,0.9999999999999999,1.0,0.25,1.0,1.0,0.5,0.9999999999999999,2
