{
  "experiment_id": "stage2__init-C_hybrid__method-anil__kpos-1__kneg-1__steps-5__target-Packaging-Material__synprop-0__gen-none",
  "method": "anil",
  "init_name": "C_hybrid",
  "target_department": "Packaging Material",
  "n_support_pos": 1,
  "n_support_neg": 1,
  "inner_steps": 5,
  "inner_lr": 0.01,
  "meta_batch_size": 4,
  "synthetic_proportion": 0.0,
  "augmentation_method": "none",
  "target_per_class": null,
  "k_neighbors": 5,
  "status": "success",
  "augmentation_method_requested": "none",
  "augmentation_method_actual": "none",
  "target_effective_k": null,
  "n_real_support_rows": 19.4,
  "n_synthetic_support_rows": 0.0,
  "n_effective_support_rows": 19.4,
  "n_real_support_pos": 8.4,
  "n_real_support_neg": 11.0,
  "n_synthetic_support_pos": 0.0,
  "n_synthetic_support_neg": 0.0,
  "n_query_rows": 56.6,
  "n_query_pos": 45.6,
  "n_query_neg": 11.0,
  "n_query_synthetic_rows": 0,
  "gen_fallback_used": false,
  "gen_skip_reason": null,
  "gold_auroc_mean": 0.9848383858963945,
  "gold_auroc_std": 0.007948361212804915,
  "gold_ap_mean": 0.9960209235557558,
  "gold_ap_std": 0.0023150746156034613,
  "gold_logloss_mean": 0.29922287503774164,
  "gold_logloss_std": 0.060166303871180465,
  "gold_brier_mean": 0.09101865402122052,
  "gold_brier_std": 0.024052252015347622,
  "gold_ece_mean": 0.19284577412174791,
  "gold_ece_std": 0.046433197514919915,
  "gold_f1_mean": 0.9068101126487929,
  "gold_f1_std": 0.05148145882230641,
  "gold_accuracy_mean": 0.8645532072673341,
  "gold_accuracy_std": 0.06656616266912721,
  "gold_pred_mean_mean": 0.6517794181194151,
  "gold_pred_mean_std": 0.050300077942081876,
  "gold_true_mean_mean": 0.8049746632060314,
  "gold_true_mean_std": 0.011269732973976498,
  "n_eval_rows_mean": 56.6,
  "n_eval_rows_std": 3.4117444218463966,
  "n_positive_mean": 45.6,
  "n_positive_std": 3.4117444218463966,
  "precision_at_5_mean": 1.0,
  "precision_at_5_std": 0.0,
  "recall_at_5_mean": 0.11023469259054439,
  "recall_at_5_std": 0.007831249355099885,
  "ndcg_at_5_mean": 0.9999999999999998,
  "ndcg_at_5_std": 1.1102230246251565e-16,
  "precision_at_10_mean": 1.0,
  "precision_at_10_std": 0.0,
  "recall_at_10_mean": 0.22046938518108877,
  "recall_at_10_std": 0.01566249871019977,
  "ndcg_at_10_mean": 1.0,
  "ndcg_at_10_std": 0.0,
  "precision_at_20_mean": 1.0,
  "precision_at_20_std": 0.0,
  "recall_at_20_mean": 0.44093877036217755,
  "recall_at_20_std": 0.03132499742039954,
  "ndcg_at_20_mean": 0.9999999999999998,
  "ndcg_at_20_std": 1.1102230246251565e-16,
  "n_metric_rows": 20,
  "n_predictions": 1132,
  "n_episodes_diagnosed": 20,
  "collapse_rate": 0.0,
  "pred_mean_mean": 0.6517794281244278,
  "pred_std_mean": 0.2949361652135849,
  "frac_near_zero_mean": 0.0042712066905615294,
  "frac_near_one_mean": 0.19746735055411363
}