model,gold_auroc,gold_ap,gold_logloss,gold_brier,gold_ece,gold_f1,gold_accuracy,gold_pred_mean,gold_true_mean,n_eval_rows,n_positive,precision_at_5,recall_at_5,ndcg_at_5,precision_at_10,recall_at_10,ndcg_at_10,precision_at_20,recall_at_20,ndcg_at_20,condition,model_base,n_gold_samples,n_gold_classes,diagnostic_only
Mean Predictor_B_gold_only,0.5,0.4375,0.8816219122067217,0.33456416025547975,0.2974397590361446,0.6086956521739131,0.4375,0.7349397590361446,0.4375,16,7,0.0,0.0,0.43749999999999994,0.2,0.2857142857142857,0.5464011565390907,0.4375,1.0,0.7342975882775339,B_gold_only,Mean Predictor,16,2,False
Elastic Net_B_gold_only,0.6349206349206349,0.5450396825396826,5.470492194669031,0.5276049026130993,0.5600906621470016,0.6086956521739131,0.4375,0.9584046526232202,0.4375,16,7,0.4,0.2857142857142857,0.5555555555555556,0.6,0.8571428571428571,0.7291569959880116,0.4375,1.0,0.7964056398509629,B_gold_only,Elastic Net,16,2,False
XGBoost_B_gold_only,0.14285714285714285,0.31065105529391246,6.174405474758221,0.5579698782641114,0.5540298005980968,0.6086956521739131,0.4375,0.9915298005980968,0.4375,16,7,0.2,0.14285714285714285,0.19999999999999998,0.2,0.2857142857142857,0.24483834737437365,0.4375,1.0,0.5976410916407796,B_gold_only,XGBoost,16,2,False
MLP_B_gold_only,0.5,0.4375,10.36163292002178,0.5624999887500001,0.56249999,0.6086956521739131,0.4375,0.99999999,0.4375,16,7,0.0,0.0,0.43749999999999994,0.2,0.2857142857142857,0.5464011565390907,0.4375,1.0,0.7342975882775339,B_gold_only,MLP,16,2,False
