{
  "experiment_id": "stage2__init-C_hybrid__method-anil__kpos-1__kneg-1__steps-5__target-Logistics__synprop-0.5__gen-smote_nc",
  "method": "anil",
  "init_name": "C_hybrid",
  "target_department": "Logistics",
  "n_support_pos": 1,
  "n_support_neg": 1,
  "inner_steps": 5,
  "inner_lr": 0.01,
  "meta_batch_size": 4,
  "synthetic_proportion": 0.5,
  "augmentation_method": "smote_nc",
  "target_per_class": null,
  "k_neighbors": 5,
  "status": "success",
  "augmentation_method_requested": "smote_nc",
  "augmentation_method_actual": "smote_nc",
  "target_effective_k": null,
  "n_real_support_rows": 6.55,
  "n_synthetic_support_rows": 6.55,
  "n_effective_support_rows": 13.1,
  "n_real_support_pos": 3.25,
  "n_real_support_neg": 3.3,
  "n_synthetic_support_pos": 3.25,
  "n_synthetic_support_neg": 3.3,
  "n_query_rows": 15.45,
  "n_query_pos": 9.75,
  "n_query_neg": 5.7,
  "n_query_synthetic_rows": 0,
  "gen_fallback_used": false,
  "gen_skip_reason": null,
  "gold_auroc_mean": 0.5630287247474748,
  "gold_auroc_std": 0.09260433701457053,
  "gold_ap_mean": 0.7790917911698474,
  "gold_ap_std": 0.07311980505279131,
  "gold_logloss_mean": 1.2844860235453688,
  "gold_logloss_std": 0.3753727948686677,
  "gold_brier_mean": 0.3579969098938951,
  "gold_brier_std": 0.06804319431618251,
  "gold_ece_mean": 0.3977375280000589,
  "gold_ece_std": 0.06911365890292569,
  "gold_f1_mean": 0.5431855825334087,
  "gold_f1_std": 0.1517865186544494,
  "gold_accuracy_mean": 0.5096234647705236,
  "gold_accuracy_std": 0.07835018748534654,
  "gold_pred_mean_mean": 0.4925766646975235,
  "gold_pred_mean_std": 0.20192551990589971,
  "gold_true_mean_mean": 0.6333414134884723,
  "gold_true_mean_std": 0.0642471070651101,
  "n_eval_rows_mean": 15.45,
  "n_eval_rows_std": 2.3553131426627756,
  "n_positive_mean": 9.75,
  "n_positive_std": 1.6085707942145413,
  "precision_at_5_mean": 0.77,
  "precision_at_5_std": 0.1584297951775486,
  "recall_at_5_mean": 0.40978535353535345,
  "recall_at_5_std": 0.1219807248449551,
  "ndcg_at_5_mean": 0.8236705997730965,
  "ndcg_at_5_std": 0.12641994176489554,
  "precision_at_10_mean": 0.6399999999999999,
  "precision_at_10_std": 0.066332495807108,
  "recall_at_10_mean": 0.6652777777777779,
  "recall_at_10_std": 0.06863149041351178,
  "ndcg_at_10_mean": 0.7600691874023339,
  "ndcg_at_10_std": 0.0556721428036746,
  "precision_at_20_mean": 0.6333414134884723,
  "precision_at_20_std": 0.0642471070651101,
  "recall_at_20_mean": 1.0,
  "recall_at_20_std": 0.0,
  "ndcg_at_20_mean": 0.9218027648786202,
  "ndcg_at_20_std": 0.03220013617417438,
  "n_metric_rows": 20,
  "n_predictions": 309,
  "n_episodes_diagnosed": 20,
  "collapse_rate": 0.0,
  "pred_mean_mean": 0.49257666915655135,
  "pred_std_mean": 0.2559469409286976,
  "frac_near_zero_mean": 0.13748168498168495,
  "frac_near_one_mean": 0.03125
}