{
  "experiment_id": "stage2__init-C_hybrid__method-anil__kpos-2__kneg-2__steps-3__target-Logistics__synprop-0.5__gen-smote_nc__tek-5",
  "method": "anil",
  "init_name": "C_hybrid",
  "target_department": "Logistics",
  "n_support_pos": 2,
  "n_support_neg": 2,
  "inner_steps": 3,
  "inner_lr": 0.01,
  "meta_batch_size": 4,
  "synthetic_proportion": 0.5,
  "augmentation_method": "smote_nc",
  "target_per_class": 5,
  "k_neighbors": 5,
  "status": "success",
  "augmentation_method_requested": "smote_nc",
  "augmentation_method_actual": "smote_nc",
  "target_effective_k": 5,
  "n_real_support_rows": 11.3,
  "n_synthetic_support_rows": 0.8,
  "n_effective_support_rows": 12.1,
  "n_real_support_pos": 5.8,
  "n_real_support_neg": 5.5,
  "n_synthetic_support_pos": 0.3,
  "n_synthetic_support_neg": 0.5,
  "n_query_rows": 10.7,
  "n_query_pos": 7.2,
  "n_query_neg": 3.5,
  "n_query_synthetic_rows": 0,
  "gen_fallback_used": false,
  "gen_skip_reason": null,
  "gold_auroc_mean": 0.5507619047619047,
  "gold_auroc_std": 0.15873544713412546,
  "gold_ap_mean": 0.8079277498295354,
  "gold_ap_std": 0.11899505679822545,
  "gold_logloss_mean": 1.0938755471505583,
  "gold_logloss_std": 0.27003256925014246,
  "gold_brier_mean": 0.3589786828632671,
  "gold_brier_std": 0.08539644957018708,
  "gold_ece_mean": 0.4258167239957894,
  "gold_ece_std": 0.08665727601323768,
  "gold_f1_mean": 0.6327316694388305,
  "gold_f1_std": 0.09759561053762535,
  "gold_accuracy_mean": 0.4802028527028527,
  "gold_accuracy_std": 0.10141197512211597,
  "gold_pred_mean_mean": 0.6781918582380144,
  "gold_pred_mean_std": 0.1565761459319713,
  "gold_true_mean_mean": 0.6797582972582973,
  "gold_true_mean_std": 0.14218116433076594,
  "n_eval_rows_mean": 10.7,
  "n_eval_rows_std": 2.238302928559939,
  "n_positive_mean": 7.2,
  "n_positive_std": 1.74928556845359,
  "precision_at_5_mean": 0.7400000000000001,
  "precision_at_5_std": 0.18000000000000002,
  "recall_at_5_mean": 0.5236309523809524,
  "recall_at_5_std": 0.10571353160927943,
  "ndcg_at_5_mean": 0.8008534535310812,
  "ndcg_at_5_std": 0.13469949928047287,
  "precision_at_10_mean": 0.6738492063492064,
  "precision_at_10_std": 0.1583915485531385,
  "recall_at_10_mean": 0.8926785714285714,
  "recall_at_10_std": 0.14138290658884545,
  "ndcg_at_10_mean": 0.8631214327596494,
  "ndcg_at_10_std": 0.10289623095298277,
  "precision_at_20_mean": 0.6797582972582973,
  "precision_at_20_std": 0.14218116433076594,
  "recall_at_20_mean": 1.0,
  "recall_at_20_std": 0.0,
  "ndcg_at_20_mean": 0.922349195538494,
  "ndcg_at_20_std": 0.05954211686005853,
  "n_metric_rows": 20,
  "n_predictions": 214,
  "n_episodes_diagnosed": 20,
  "collapse_rate": 0.0,
  "pred_mean_mean": 0.6781918689608574,
  "pred_std_mean": 0.23844219483435153,
  "frac_near_zero_mean": 0.05140442890442891,
  "frac_near_one_mean": 0.10112304362304363
}