{
  "experiment_id": "stage2__init-A_weak_only__method-fomaml__kpos-1__kneg-1__steps-3__target-Packaging-Material",
  "method": "fomaml",
  "init_name": "A_weak_only",
  "target_department": "Packaging Material",
  "n_support_pos": 1,
  "n_support_neg": 1,
  "inner_steps": 3,
  "inner_lr": 0.01,
  "meta_batch_size": 4,
  "synthetic_proportion": 0.0,
  "augmentation_method": "none",
  "target_per_class": null,
  "k_neighbors": 5,
  "status": "success",
  "augmentation_method_requested": "none",
  "augmentation_method_actual": "none",
  "target_effective_k": null,
  "n_real_support_rows": 19.4,
  "n_synthetic_support_rows": 0.0,
  "n_effective_support_rows": 19.4,
  "n_real_support_pos": 8.4,
  "n_real_support_neg": 11.0,
  "n_synthetic_support_pos": 0.0,
  "n_synthetic_support_neg": 0.0,
  "n_query_rows": 56.6,
  "n_query_pos": 45.6,
  "n_query_neg": 11.0,
  "n_query_synthetic_rows": 0,
  "gen_fallback_used": false,
  "gen_skip_reason": null,
  "gold_auroc_mean": 0.48266706709673207,
  "gold_auroc_std": 0.022012142340589725,
  "gold_ap_mean": 0.8079396011126165,
  "gold_ap_std": 0.01892352441980488,
  "gold_logloss_mean": 0.5853741047752238,
  "gold_logloss_std": 0.008158395727609935,
  "gold_brier_mean": 0.1970048586945524,
  "gold_brier_std": 0.003843248078615006,
  "gold_ece_mean": 0.19874904144570527,
  "gold_ece_std": 0.01989958435815031,
  "gold_f1_mean": 0.8919081939864716,
  "gold_f1_std": 0.006888778789535748,
  "gold_accuracy_mean": 0.8049746632060314,
  "gold_accuracy_std": 0.011269732973976498,
  "gold_pred_mean_mean": 0.6062256217603261,
  "gold_pred_mean_std": 0.01119963867948524,
  "gold_true_mean_mean": 0.8049746632060314,
  "gold_true_mean_std": 0.011269732973976498,
  "n_eval_rows_mean": 56.6,
  "n_eval_rows_std": 3.4117444218463966,
  "n_positive_mean": 45.6,
  "n_positive_std": 3.4117444218463966,
  "precision_at_5_mean": 1.0,
  "precision_at_5_std": 0.0,
  "recall_at_5_mean": 0.11023469259054439,
  "recall_at_5_std": 0.007831249355099885,
  "ndcg_at_5_mean": 0.9654435472998364,
  "ndcg_at_5_std": 0.06294121166914682,
  "precision_at_10_mean": 0.9399999999999998,
  "precision_at_10_std": 0.09165151389911681,
  "recall_at_10_mean": 0.2073599751627519,
  "recall_at_10_std": 0.026641090554448597,
  "ndcg_at_10_mean": 0.8913665122497758,
  "ndcg_at_10_std": 0.038847223281989716,
  "precision_at_20_mean": 0.7950000000000002,
  "precision_at_20_std": 0.16039014932345438,
  "recall_at_20_mean": 0.34727808986038744,
  "recall_at_20_std": 0.05961136822227107,
  "ndcg_at_20_mean": 0.8466927276723049,
  "ndcg_at_20_std": 0.025717644039105873,
  "n_metric_rows": 20,
  "n_predictions": 1132,
  "n_episodes_diagnosed": 20,
  "collapse_rate": 0.1,
  "pred_mean_mean": 0.606225562095642,
  "pred_std_mean": 0.01771028684452176,
  "frac_near_zero_mean": 0.0,
  "frac_near_one_mean": 0.0
}