{
  "experiment_id": "stage2__init-A_weak_only__method-zero_shot__kpos-2__kneg-2__steps-3__target-Logistics",
  "method": "zero_shot",
  "init_name": "A_weak_only",
  "target_department": "Logistics",
  "n_support_pos": 2,
  "n_support_neg": 2,
  "inner_steps": 3,
  "status": "success",
  "gold_auroc_mean": 0.6588041125541124,
  "gold_auroc_std": 0.13897715494924617,
  "gold_ap_mean": 0.886205886420578,
  "gold_ap_std": 0.09150365006674543,
  "gold_logloss_mean": 3.0240711256867603,
  "gold_logloss_std": 0.6753862257459512,
  "gold_brier_mean": 0.67446946661325,
  "gold_brier_std": 0.1197196283433082,
  "gold_ece_mean": 0.6999355296628036,
  "gold_ece_std": 0.12912525121260143,
  "gold_f1_mean": 0.0,
  "gold_f1_std": 0.0,
  "gold_accuracy_mean": 0.2552339327339327,
  "gold_accuracy_std": 0.13033374816883822,
  "gold_pred_mean_mean": 0.04483053760326368,
  "gold_pred_mean_std": 0.007729435178107844,
  "gold_true_mean_mean": 0.7447660672660672,
  "gold_true_mean_std": 0.13033374816883822,
  "n_eval_rows_mean": 10.25,
  "n_eval_rows_std": 2.118372016431486,
  "n_positive_mean": 7.65,
  "n_positive_std": 2.1277922830953213,
  "precision_at_5_mean": 0.8600000000000001,
  "precision_at_5_std": 0.18,
  "recall_at_5_mean": 0.586715367965368,
  "recall_at_5_std": 0.14376371335946425,
  "ndcg_at_5_mean": 0.9085570148864308,
  "ndcg_at_5_std": 0.12720465327444805,
  "precision_at_10_mean": 0.7277380952380951,
  "precision_at_10_std": 0.13103057429797307,
  "recall_at_10_mean": 0.9066233766233767,
  "recall_at_10_std": 0.1265516946620034,
  "ndcg_at_10_mean": 0.9063928805956085,
  "ndcg_at_10_std": 0.07656573922163652,
  "precision_at_20_mean": 0.7447660672660672,
  "precision_at_20_std": 0.13033374816883822,
  "recall_at_20_mean": 1.0,
  "recall_at_20_std": 0.0,
  "ndcg_at_20_mean": 0.9588089366551025,
  "ndcg_at_20_std": 0.042532884841469915,
  "n_metric_rows": 20,
  "n_predictions": 205,
  "n_episodes_diagnosed": 20,
  "collapse_rate": 0.0,
  "pred_mean_mean": 0.044830535724759105,
  "pred_std_mean": 0.030094158556312322,
  "frac_near_zero_mean": 0.5407715895215895,
  "frac_near_one_mean": 0.0
}