epoch,train_loss,val_loss,val_rmse,val_mae
1,0.6470872696965598,0.664270005017723,0.1088408942511947,0.08424698561429977
2,0.6265839899738859,0.6602018273711644,0.09970476687827619,0.07479611039161682
3,0.6227371143302144,0.6577899695196047,0.09516519572578591,0.06885668635368347
4,0.6187095557849919,0.6189209442191402,0.08639518551838102,0.05953380465507507
5,0.616529040599777,0.62787328713062,0.0829411603697328,0.05688297003507614
6,0.6144449224507309,0.6331236761077069,0.07302055522200934,0.04688690975308418
7,0.6129327192759716,0.619852646706668,0.07309270545556427,0.04520641639828682
8,0.6112660536926696,0.6196445758999367,0.07345720835783304,0.04789348319172859
9,0.6105611588131464,0.6304550240578433,0.06427793463125603,0.03899030387401581
