{
  "experiment_id": "stage2__init-A_weak_only__method-finetune__kpos-1__kneg-1__steps-3__target-Packaging-Material",
  "method": "finetune",
  "init_name": "A_weak_only",
  "target_department": "Packaging Material",
  "n_support_pos": 1,
  "n_support_neg": 1,
  "inner_steps": 3,
  "inner_lr": 0.01,
  "meta_batch_size": 4,
  "synthetic_proportion": 0.0,
  "augmentation_method": "none",
  "target_per_class": null,
  "k_neighbors": 5,
  "status": "success",
  "augmentation_method_requested": "none",
  "augmentation_method_actual": "none",
  "target_effective_k": null,
  "n_real_support_rows": 19.4,
  "n_synthetic_support_rows": 0.0,
  "n_effective_support_rows": 19.4,
  "n_real_support_pos": 8.4,
  "n_real_support_neg": 11.0,
  "n_synthetic_support_pos": 0.0,
  "n_synthetic_support_neg": 0.0,
  "n_query_rows": 56.6,
  "n_query_pos": 45.6,
  "n_query_neg": 11.0,
  "n_query_synthetic_rows": 0,
  "gen_fallback_used": false,
  "gen_skip_reason": null,
  "gold_auroc_mean": 0.5062896405919661,
  "gold_auroc_std": 0.020191312526603136,
  "gold_ap_mean": 0.8100640012789626,
  "gold_ap_std": 0.018546609142085384,
  "gold_logloss_mean": 10.328107474826277,
  "gold_logloss_std": 5.450246206511617,
  "gold_brier_mean": 0.5809127337856644,
  "gold_brier_std": 0.29112725823826463,
  "gold_ece_mean": 0.5813073629130592,
  "gold_ece_std": 0.2913291389450662,
  "gold_f1_mean": 0.32283414892646467,
  "gold_f1_std": 0.42370835997106726,
  "gold_accuracy_mean": 0.4192786223375767,
  "gold_accuracy_std": 0.2910329402485936,
  "gold_pred_mean_mean": 0.3531174609542144,
  "gold_pred_mean_std": 0.4748707064388116,
  "gold_true_mean_mean": 0.8049746632060314,
  "gold_true_mean_std": 0.011269732973976498,
  "n_eval_rows_mean": 56.6,
  "n_eval_rows_std": 3.4117444218463966,
  "n_positive_mean": 45.6,
  "n_positive_std": 3.4117444218463966,
  "precision_at_5_mean": 1.0,
  "precision_at_5_std": 0.0,
  "recall_at_5_mean": 0.11023469259054439,
  "recall_at_5_std": 0.007831249355099885,
  "ndcg_at_5_mean": 0.8207238097871506,
  "ndcg_at_5_std": 0.04795342314807263,
  "precision_at_10_mean": 0.9349999999999999,
  "precision_at_10_std": 0.09096702699330124,
  "recall_at_10_mean": 0.20535310611132132,
  "recall_at_10_std": 0.01809362062704254,
  "ndcg_at_10_mean": 0.8164950351317464,
  "ndcg_at_10_std": 0.043643399280464464,
  "precision_at_20_mean": 0.6824999999999999,
  "precision_at_20_std": 0.17977416388346795,
  "recall_at_20_mean": 0.29889736201259326,
  "recall_at_20_std": 0.07468732088568118,
  "ndcg_at_20_mean": 0.8125983862901347,
  "ndcg_at_20_std": 0.023690643542149278,
  "n_metric_rows": 20,
  "n_predictions": 1132,
  "n_episodes_diagnosed": 20,
  "collapse_rate": 0.95,
  "pred_mean_mean": 0.35311745554208757,
  "pred_std_mean": 0.011241157106678657,
  "frac_near_zero_mean": 0.6462962962962963,
  "frac_near_one_mean": 0.35185185185185186
}