{
  "experiment_id": "stage2__init-C_hybrid__method-fomaml__kpos-1__kneg-1__steps-5__target-Packaging-Material",
  "method": "fomaml",
  "init_name": "C_hybrid",
  "target_department": "Packaging Material",
  "n_support_pos": 1,
  "n_support_neg": 1,
  "inner_steps": 5,
  "inner_lr": 0.01,
  "meta_batch_size": 4,
  "synthetic_proportion": 0.0,
  "augmentation_method": "none",
  "target_per_class": null,
  "k_neighbors": 5,
  "status": "success",
  "augmentation_method_requested": "none",
  "augmentation_method_actual": "none",
  "target_effective_k": null,
  "n_real_support_rows": 19.4,
  "n_synthetic_support_rows": 0.0,
  "n_effective_support_rows": 19.4,
  "n_real_support_pos": 8.4,
  "n_real_support_neg": 11.0,
  "n_synthetic_support_pos": 0.0,
  "n_synthetic_support_neg": 0.0,
  "n_query_rows": 56.6,
  "n_query_pos": 45.6,
  "n_query_neg": 11.0,
  "n_query_synthetic_rows": 0,
  "gen_fallback_used": false,
  "gen_skip_reason": null,
  "gold_auroc_mean": 0.41010157605392933,
  "gold_auroc_std": 0.1609047490395759,
  "gold_ap_mean": 0.7921267751749769,
  "gold_ap_std": 0.06648245368972053,
  "gold_logloss_mean": 0.9726966237018392,
  "gold_logloss_std": 0.8680644927316196,
  "gold_brier_mean": 0.18737505526143577,
  "gold_brier_std": 0.010321374175582218,
  "gold_ece_mean": 0.16585574367801528,
  "gold_ece_std": 0.01930009927923602,
  "gold_f1_mean": 0.8861092249143067,
  "gold_f1_std": 0.011944510634547063,
  "gold_accuracy_mean": 0.7957154039467722,
  "gold_accuracy_std": 0.019324887106095572,
  "gold_pred_mean_mean": 0.7153407144363506,
  "gold_pred_mean_std": 0.14294084670888227,
  "gold_true_mean_mean": 0.8049746632060314,
  "gold_true_mean_std": 0.011269732973976498,
  "n_eval_rows_mean": 56.6,
  "n_eval_rows_std": 3.4117444218463966,
  "n_positive_mean": 45.6,
  "n_positive_std": 3.4117444218463966,
  "precision_at_5_mean": 0.8400000000000002,
  "precision_at_5_std": 0.17435595774162696,
  "recall_at_5_mean": 0.09163004142775366,
  "recall_at_5_std": 0.01573068337748144,
  "ndcg_at_5_mean": 0.874139365175032,
  "ndcg_at_5_std": 0.12447418933347301,
  "precision_at_10_mean": 0.8450000000000001,
  "precision_at_10_std": 0.17457090250096088,
  "recall_at_10_mean": 0.1855172647980518,
  "recall_at_10_std": 0.038229582487500226,
  "ndcg_at_10_mean": 0.8186819211165733,
  "ndcg_at_10_std": 0.13945948803733635,
  "precision_at_20_mean": 0.7174999999999999,
  "precision_at_20_std": 0.0925675429078681,
  "recall_at_20_mean": 0.31467580599780726,
  "recall_at_20_std": 0.03139850450953575,
  "ndcg_at_20_mean": 0.7746736850050503,
  "ndcg_at_20_std": 0.07595535848395782,
  "n_metric_rows": 20,
  "n_predictions": 1132,
  "n_episodes_diagnosed": 20,
  "collapse_rate": 0.2,
  "pred_mean_mean": 0.7153407156467437,
  "pred_std_mean": 0.026011296532800543,
  "frac_near_zero_mean": 0.0,
  "frac_near_one_mean": 0.2
}