{
  "experiment_id": "stage2__init-A_weak_only__method-maml__kpos-2__kneg-2__steps-2__target-Logistics__lr-0.001",
  "method": "maml",
  "init_name": "A_weak_only",
  "target_department": "Logistics",
  "n_support_pos": 2,
  "n_support_neg": 2,
  "inner_steps": 2,
  "inner_lr": 0.001,
  "meta_batch_size": 4,
  "status": "success",
  "gold_auroc_mean": 0.29118727510421283,
  "gold_auroc_std": 0.08125454566621272,
  "gold_ap_mean": 0.6266699610276442,
  "gold_ap_std": 0.07889925356515723,
  "gold_logloss_mean": 3.131621170189592,
  "gold_logloss_std": 0.7123356243507187,
  "gold_brier_mean": 0.6736510239384936,
  "gold_brier_std": 0.08948643495356029,
  "gold_ece_mean": 0.6787472499664859,
  "gold_ece_std": 0.0883890392412554,
  "gold_f1_mean": 0.0,
  "gold_f1_std": 0.0,
  "gold_accuracy_mean": 0.301990630402666,
  "gold_accuracy_std": 0.0802917532046381,
  "gold_pred_mean_mean": 0.020457137552802748,
  "gold_pred_mean_std": 0.013542511170203057,
  "gold_true_mean_mean": 0.6980093695973341,
  "gold_true_mean_std": 0.0802917532046381,
  "n_eval_rows_mean": 41.05,
  "n_eval_rows_std": 5.962172422867356,
  "n_positive_mean": 28.45,
  "n_positive_std": 4.165033013074447,
  "precision_at_5_mean": 0.52,
  "precision_at_5_std": 0.116619037896906,
  "recall_at_5_mean": 0.09526226167844536,
  "recall_at_5_std": 0.03205651307645299,
  "ndcg_at_5_mean": 0.5585884038470901,
  "ndcg_at_5_std": 0.1453634915065725,
  "precision_at_10_mean": 0.52,
  "precision_at_10_std": 0.10295630140986999,
  "recall_at_10_mean": 0.18893622457703907,
  "recall_at_10_std": 0.054885131617398566,
  "ndcg_at_10_mean": 0.5471517053408178,
  "ndcg_at_10_std": 0.08871467475521447,
  "precision_at_20_mean": 0.5399999999999999,
  "precision_at_20_std": 0.18275666882497066,
  "recall_at_20_mean": 0.38417446774354724,
  "recall_at_20_std": 0.13225082949625677,
  "ndcg_at_20_mean": 0.5502025645019923,
  "ndcg_at_20_std": 0.1188897284800706,
  "n_metric_rows": 20,
  "n_predictions": 821,
  "n_episodes_diagnosed": 20,
  "collapse_rate": 0.5,
  "pred_mean_mean": 0.020457137981429695,
  "pred_std_mean": 0.02180519305402413,
  "frac_near_zero_mean": 0.9330767460534733,
  "frac_near_one_mean": 0.0
}