{
  "experiment_id": "stage2__init-C_hybrid__method-anil__kpos-2__kneg-2__steps-5__target-Logistics__synprop-0.5__gen-smote_nc__tek-5",
  "method": "anil",
  "init_name": "C_hybrid",
  "target_department": "Logistics",
  "n_support_pos": 2,
  "n_support_neg": 2,
  "inner_steps": 5,
  "inner_lr": 0.01,
  "meta_batch_size": 4,
  "synthetic_proportion": 0.5,
  "augmentation_method": "smote_nc",
  "target_per_class": 5,
  "k_neighbors": 5,
  "status": "success",
  "augmentation_method_requested": "smote_nc",
  "augmentation_method_actual": "smote_nc",
  "target_effective_k": 5,
  "n_real_support_rows": 11.3,
  "n_synthetic_support_rows": 0.8,
  "n_effective_support_rows": 12.1,
  "n_real_support_pos": 5.8,
  "n_real_support_neg": 5.5,
  "n_synthetic_support_pos": 0.3,
  "n_synthetic_support_neg": 0.5,
  "n_query_rows": 10.7,
  "n_query_pos": 7.2,
  "n_query_neg": 3.5,
  "n_query_synthetic_rows": 0,
  "gen_fallback_used": false,
  "gen_skip_reason": null,
  "gold_auroc_mean": 0.5542619047619048,
  "gold_auroc_std": 0.1460232660149987,
  "gold_ap_mean": 0.8055449292770721,
  "gold_ap_std": 0.11828607501746058,
  "gold_logloss_mean": 1.2102435679057812,
  "gold_logloss_std": 0.47695896580217817,
  "gold_brier_mean": 0.34520351716425485,
  "gold_brier_std": 0.10421723296776543,
  "gold_ece_mean": 0.4054333413446237,
  "gold_ece_std": 0.10225611797681189,
  "gold_f1_mean": 0.6145332445332446,
  "gold_f1_std": 0.13906713643347096,
  "gold_accuracy_mean": 0.5429133366633366,
  "gold_accuracy_std": 0.12198174784616644,
  "gold_pred_mean_mean": 0.5208936868897276,
  "gold_pred_mean_std": 0.1552090097923922,
  "gold_true_mean_mean": 0.6797582972582973,
  "gold_true_mean_std": 0.14218116433076594,
  "n_eval_rows_mean": 10.7,
  "n_eval_rows_std": 2.238302928559939,
  "n_positive_mean": 7.2,
  "n_positive_std": 1.74928556845359,
  "precision_at_5_mean": 0.7,
  "precision_at_5_std": 0.18439088914585774,
  "recall_at_5_mean": 0.49934523809523823,
  "recall_at_5_std": 0.12138098682489376,
  "ndcg_at_5_mean": 0.7769449784191462,
  "ndcg_at_5_std": 0.1386692539437955,
  "precision_at_10_mean": 0.6788492063492064,
  "precision_at_10_std": 0.16069969069531265,
  "recall_at_10_mean": 0.8976785714285714,
  "recall_at_10_std": 0.136151902525174,
  "ndcg_at_10_mean": 0.8659790946982723,
  "ndcg_at_10_std": 0.10150266429981047,
  "precision_at_20_mean": 0.6797582972582973,
  "precision_at_20_std": 0.14218116433076594,
  "recall_at_20_mean": 1.0,
  "recall_at_20_std": 0.0,
  "ndcg_at_20_mean": 0.9221372051968798,
  "ndcg_at_20_std": 0.05799981087604265,
  "n_metric_rows": 20,
  "n_predictions": 214,
  "n_episodes_diagnosed": 20,
  "collapse_rate": 0.0,
  "pred_mean_mean": 0.5208936840295791,
  "pred_std_mean": 0.2744646050035954,
  "frac_near_zero_mean": 0.11245171495171495,
  "frac_near_one_mean": 0.0038461538461538464
}