{
  "experiment_id": "stage2__init-A_weak_only__method-anil__kpos-2__kneg-2__steps-5__target-Logistics__synprop-0__gen-none",
  "method": "anil",
  "init_name": "A_weak_only",
  "target_department": "Logistics",
  "n_support_pos": 2,
  "n_support_neg": 2,
  "inner_steps": 5,
  "inner_lr": 0.01,
  "meta_batch_size": 4,
  "synthetic_proportion": 0.0,
  "augmentation_method": "none",
  "target_per_class": null,
  "k_neighbors": 5,
  "status": "success",
  "augmentation_method_requested": "none",
  "augmentation_method_actual": "none",
  "target_effective_k": null,
  "n_real_support_rows": 11.75,
  "n_synthetic_support_rows": 0.0,
  "n_effective_support_rows": 11.75,
  "n_real_support_pos": 5.35,
  "n_real_support_neg": 6.4,
  "n_synthetic_support_pos": 0.0,
  "n_synthetic_support_neg": 0.0,
  "n_query_rows": 10.25,
  "n_query_pos": 7.65,
  "n_query_neg": 2.6,
  "n_query_synthetic_rows": 0,
  "gen_fallback_used": false,
  "gen_skip_reason": null,
  "gold_auroc_mean": 0.3510768398268398,
  "gold_auroc_std": 0.14522097528711295,
  "gold_ap_mean": 0.7875701927491701,
  "gold_ap_std": 0.10011680643448236,
  "gold_logloss_mean": 0.8762253291874493,
  "gold_logloss_std": 0.26269755938145534,
  "gold_brier_mean": 0.3286348456254617,
  "gold_brier_std": 0.10956406887378214,
  "gold_ece_mean": 0.4033249640054666,
  "gold_ece_std": 0.19441667119812578,
  "gold_f1_mean": 0.4846017789400142,
  "gold_f1_std": 0.2637578585065092,
  "gold_accuracy_mean": 0.41506229881229884,
  "gold_accuracy_std": 0.20044341574607327,
  "gold_pred_mean_mean": 0.473508146677978,
  "gold_pred_mean_std": 0.15241449599567267,
  "gold_true_mean_mean": 0.7447660672660672,
  "gold_true_mean_std": 0.13033374816883822,
  "n_eval_rows_mean": 10.25,
  "n_eval_rows_std": 2.118372016431486,
  "n_positive_mean": 7.65,
  "n_positive_std": 2.1277922830953213,
  "precision_at_5_mean": 0.63,
  "precision_at_5_std": 0.14525839046333952,
  "recall_at_5_mean": 0.44806277056277055,
  "recall_at_5_std": 0.17688126378992147,
  "ndcg_at_5_mean": 0.7175877493693757,
  "ndcg_at_5_std": 0.14309117710722868,
  "precision_at_10_mean": 0.7327380952380952,
  "precision_at_10_std": 0.12396221379305748,
  "recall_at_10_mean": 0.9137662337662338,
  "recall_at_10_std": 0.11931906086786362,
  "ndcg_at_10_mean": 0.8577956850167551,
  "ndcg_at_10_std": 0.0964225163564776,
  "precision_at_20_mean": 0.7447660672660672,
  "precision_at_20_std": 0.13033374816883822,
  "recall_at_20_mean": 1.0,
  "recall_at_20_std": 0.0,
  "ndcg_at_20_mean": 0.9064605238970735,
  "ndcg_at_20_std": 0.0710338364354984,
  "n_metric_rows": 20,
  "n_predictions": 205,
  "n_episodes_diagnosed": 20,
  "collapse_rate": 0.0,
  "pred_mean_mean": 0.47350813522934915,
  "pred_std_mean": 0.1029041688889265,
  "frac_near_zero_mean": 0.0,
  "frac_near_one_mean": 0.0
}