method,episode_idx,repeat_idx,n_query,pred_mean,pred_std,pred_min,pred_max,frac_near_zero,frac_near_one,collapsed,collapse_reason
anil,0,0,17,1.0,0.0,1.0,1.0,0.0,1.0,True,std<0.01
anil,1,1,16,1.4826586787590474e-27,0.0,1.3300073528439763e-27,1.8539433052979075e-27,1.0,0.0,True,std<0.01
anil,2,2,17,8.395815035469605e-34,0.0,7.249995488520849e-34,1.0944399745712598e-33,1.0,0.0,True,std<0.01
