{
  "experiment_id": "stage2__init-random__method-anil__kpos-1__kneg-1__steps-3__target-Logistics__synprop-1__gen-smote_nc",
  "method": "anil",
  "init_name": "random",
  "target_department": "Logistics",
  "n_support_pos": 1,
  "n_support_neg": 1,
  "inner_steps": 3,
  "inner_lr": 0.01,
  "meta_batch_size": 4,
  "synthetic_proportion": 1.0,
  "augmentation_method": "smote_nc",
  "target_per_class": null,
  "k_neighbors": 5,
  "status": "success",
  "gold_auroc_mean": 0.5,
  "gold_auroc_std": 0.0,
  "gold_ap_mean": 0.642156862745098,
  "gold_ap_std": 0.09012145250416782,
  "gold_logloss_mean": 11.467776740642933,
  "gold_logloss_std": 2.125349663571108,
  "gold_brier_mean": 0.6225490071568628,
  "gold_brier_std": 0.11537845157419387,
  "gold_ece_mean": 0.6225490096078431,
  "gold_ece_std": 0.1153784538817629,
  "gold_f1_mean": 0.23076923076923075,
  "gold_f1_std": 0.3263569759322527,
  "gold_accuracy_mean": 0.37745098039215685,
  "gold_accuracy_std": 0.11537845388176293,
  "gold_pred_mean_mean": 0.33333333666666665,
  "gold_pred_mean_std": 0.4714045113629413,
  "gold_true_mean_mean": 0.642156862745098,
  "gold_true_mean_std": 0.09012145250416782,
  "n_eval_rows_mean": 16.666666666666668,
  "n_eval_rows_std": 0.4714045207910317,
  "n_positive_mean": 10.666666666666666,
  "n_positive_std": 1.247219128924647,
  "precision_at_5_mean": 0.8666666666666667,
  "precision_at_5_std": 0.09428090415820632,
  "recall_at_5_mean": 0.41077441077441074,
  "recall_at_5_std": 0.05491416306498347,
  "ndcg_at_5_mean": 0.642156862745098,
  "ndcg_at_5_std": 0.09012145250416777,
  "precision_at_10_mean": 0.7666666666666666,
  "precision_at_10_std": 0.047140452079103216,
  "recall_at_10_mean": 0.7331649831649832,
  "recall_at_10_std": 0.12481209447896975,
  "ndcg_at_10_mean": 0.6541468746718553,
  "ndcg_at_10_std": 0.0755365264830289,
  "precision_at_20_mean": 0.642156862745098,
  "precision_at_20_std": 0.09012145250416782,
  "recall_at_20_mean": 1.0,
  "recall_at_20_std": 0.0,
  "ndcg_at_20_mean": 0.8467720539581184,
  "ndcg_at_20_std": 0.04485561327480613,
  "n_metric_rows": 3,
  "n_predictions": 50,
  "n_episodes_diagnosed": 3,
  "collapse_rate": 1.0,
  "pred_mean_mean": 0.3333333333333333,
  "pred_std_mean": 0.0,
  "frac_near_zero_mean": 0.6666666666666666,
  "frac_near_one_mean": 0.3333333333333333
}