{
  "experiment_id": "stage2__init-C_hybrid__method-maml__kpos-1__kneg-1__steps-3__target-Packaging-Material",
  "method": "maml",
  "init_name": "C_hybrid",
  "target_department": "Packaging Material",
  "n_support_pos": 1,
  "n_support_neg": 1,
  "inner_steps": 3,
  "inner_lr": 0.01,
  "meta_batch_size": 4,
  "synthetic_proportion": 0.0,
  "augmentation_method": "none",
  "target_per_class": null,
  "k_neighbors": 5,
  "status": "success",
  "augmentation_method_requested": "none",
  "augmentation_method_actual": "none",
  "target_effective_k": null,
  "n_real_support_rows": 19.4,
  "n_synthetic_support_rows": 0.0,
  "n_effective_support_rows": 19.4,
  "n_real_support_pos": 8.4,
  "n_real_support_neg": 11.0,
  "n_synthetic_support_pos": 0.0,
  "n_synthetic_support_neg": 0.0,
  "n_query_rows": 56.6,
  "n_query_pos": 45.6,
  "n_query_neg": 11.0,
  "n_query_synthetic_rows": 0,
  "gen_fallback_used": false,
  "gen_skip_reason": null,
  "gold_auroc_mean": 0.6446706198110571,
  "gold_auroc_std": 0.1345025680303503,
  "gold_ap_mean": 0.8934906178053135,
  "gold_ap_std": 0.05187845425623771,
  "gold_logloss_mean": 3.6578646793133474,
  "gold_logloss_std": 4.04568894998951,
  "gold_brier_mean": 0.5897052102263429,
  "gold_brier_std": 0.2543192746106194,
  "gold_ece_mean": 0.595521961232458,
  "gold_ece_std": 0.2793762433848267,
  "gold_f1_mean": 0.22566371681415925,
  "gold_f1_std": 0.390861022946959,
  "gold_accuracy_mean": 0.3563156593746137,
  "gold_accuracy_std": 0.2692422001432632,
  "gold_pred_mean_mean": 0.26711670863363485,
  "gold_pred_mean_std": 0.38923566047514174,
  "gold_true_mean_mean": 0.8049746632060314,
  "gold_true_mean_std": 0.011269732973976498,
  "n_eval_rows_mean": 56.6,
  "n_eval_rows_std": 3.4117444218463966,
  "n_positive_mean": 45.6,
  "n_positive_std": 3.4117444218463966,
  "precision_at_5_mean": 1.0,
  "precision_at_5_std": 0.0,
  "recall_at_5_mean": 0.11023469259054439,
  "recall_at_5_std": 0.007831249355099885,
  "ndcg_at_5_mean": 0.9796296296296296,
  "ndcg_at_5_std": 0.061111111111111116,
  "precision_at_10_mean": 0.99,
  "precision_at_10_std": 0.029999999999999992,
  "recall_at_10_mean": 0.2185086008673633,
  "recall_at_10_std": 0.0193795444017849,
  "ndcg_at_10_mean": 0.9722932374196936,
  "ndcg_at_10_std": 0.06261055585250193,
  "precision_at_20_mean": 0.905,
  "precision_at_20_std": 0.085,
  "recall_at_20_mean": 0.3974823180137963,
  "recall_at_20_std": 0.0318834284220269,
  "ndcg_at_20_mean": 0.9289280707731832,
  "ndcg_at_20_std": 0.06558437918178875,
  "n_metric_rows": 20,
  "n_predictions": 1132,
  "n_episodes_diagnosed": 20,
  "collapse_rate": 0.85,
  "pred_mean_mean": 0.26711670971668033,
  "pred_std_mean": 0.005190445095480817,
  "frac_near_zero_mean": 0.6051724137931034,
  "frac_near_one_mean": 0.0
}