{
  "experiment_id": "stage2__init-A_weak_only__method-fomaml__kpos-2__kneg-2__steps-2__target-Logistics__lr-0.002",
  "method": "fomaml",
  "init_name": "A_weak_only",
  "target_department": "Logistics",
  "n_support_pos": 2,
  "n_support_neg": 2,
  "inner_steps": 2,
  "inner_lr": 0.002,
  "meta_batch_size": 4,
  "status": "success",
  "gold_auroc_mean": 0.3510507990977356,
  "gold_auroc_std": 0.11543477278730448,
  "gold_ap_mean": 0.6581971911223534,
  "gold_ap_std": 0.07782142768091717,
  "gold_logloss_mean": 1.1061677270229409,
  "gold_logloss_std": 0.603040023477115,
  "gold_brier_mean": 0.3780889258601961,
  "gold_brier_std": 0.1810092435029284,
  "gold_ece_mean": 0.34897914443847056,
  "gold_ece_std": 0.23200340056864954,
  "gold_f1_mean": 0.4173099151004406,
  "gold_f1_std": 0.38137728089397405,
  "gold_accuracy_mean": 0.4905118978019899,
  "gold_accuracy_std": 0.21416051537990793,
  "gold_pred_mean_mean": 0.41184889140423503,
  "gold_pred_mean_std": 0.257621192708629,
  "gold_true_mean_mean": 0.6980093695973341,
  "gold_true_mean_std": 0.0802917532046381,
  "n_eval_rows_mean": 41.05,
  "n_eval_rows_std": 5.962172422867356,
  "n_positive_mean": 28.45,
  "n_positive_std": 4.165033013074447,
  "precision_at_5_mean": 0.6000000000000001,
  "precision_at_5_std": 0.14142135623730953,
  "recall_at_5_mean": 0.109569686989707,
  "recall_at_5_std": 0.037259973286501644,
  "ndcg_at_5_mean": 0.6722328347648807,
  "ndcg_at_5_std": 0.12097231791816922,
  "precision_at_10_mean": 0.515,
  "precision_at_10_std": 0.10136567466356644,
  "recall_at_10_mean": 0.1875641671600132,
  "recall_at_10_std": 0.05502842290907147,
  "ndcg_at_10_mean": 0.5839608195314809,
  "ndcg_at_10_std": 0.08521521074636984,
  "precision_at_20_mean": 0.5775,
  "precision_at_20_std": 0.16161296358893987,
  "recall_at_20_mean": 0.4102061156956999,
  "recall_at_20_std": 0.11907250491636595,
  "ndcg_at_20_mean": 0.6030590475980802,
  "ndcg_at_20_std": 0.1108180405824902,
  "n_metric_rows": 20,
  "n_predictions": 821,
  "n_episodes_diagnosed": 20,
  "collapse_rate": 0.15,
  "pred_mean_mean": 0.4118488885462284,
  "pred_std_mean": 0.038538365298882125,
  "frac_near_zero_mean": 0.08666666666666667,
  "frac_near_one_mean": 0.0
}