{
  "experiment_id": "stage2__init-A_weak_only__method-anil__kpos-1__kneg-1__steps-3__target-Logistics__synprop-0.5__gen-smote_nc__tek-5",
  "method": "anil",
  "init_name": "A_weak_only",
  "target_department": "Logistics",
  "n_support_pos": 1,
  "n_support_neg": 1,
  "inner_steps": 3,
  "inner_lr": 0.01,
  "meta_batch_size": 4,
  "synthetic_proportion": 0.5,
  "augmentation_method": "smote_nc",
  "target_per_class": 5,
  "k_neighbors": 5,
  "status": "success",
  "augmentation_method_requested": "smote_nc",
  "augmentation_method_actual": "smote_nc",
  "target_effective_k": 5,
  "n_real_support_rows": 6.55,
  "n_synthetic_support_rows": 3.45,
  "n_effective_support_rows": 10.0,
  "n_real_support_pos": 3.25,
  "n_real_support_neg": 3.3,
  "n_synthetic_support_pos": 1.75,
  "n_synthetic_support_neg": 1.7,
  "n_query_rows": 15.45,
  "n_query_pos": 9.75,
  "n_query_neg": 5.7,
  "n_query_synthetic_rows": 0,
  "gen_fallback_used": false,
  "gen_skip_reason": null,
  "gold_auroc_mean": 0.48749736952861944,
  "gold_auroc_std": 0.10794906808321783,
  "gold_ap_mean": 0.7411225960955943,
  "gold_ap_std": 0.0637918464616912,
  "gold_logloss_mean": 0.6819115354240963,
  "gold_logloss_std": 0.048419953336316435,
  "gold_brier_mean": 0.24608390976306924,
  "gold_brier_std": 0.022929935746948543,
  "gold_ece_mean": 0.2183212129871966,
  "gold_ece_std": 0.07585760301509827,
  "gold_f1_mean": 0.629404140584606,
  "gold_f1_std": 0.14881613473790992,
  "gold_accuracy_mean": 0.5270172556201969,
  "gold_accuracy_std": 0.09655875206638602,
  "gold_pred_mean_mean": 0.5724957140356464,
  "gold_pred_mean_std": 0.0723414314199032,
  "gold_true_mean_mean": 0.6333414134884723,
  "gold_true_mean_std": 0.0642471070651101,
  "n_eval_rows_mean": 15.45,
  "n_eval_rows_std": 2.3553131426627756,
  "n_positive_mean": 9.75,
  "n_positive_std": 1.6085707942145413,
  "precision_at_5_mean": 0.6900000000000002,
  "precision_at_5_std": 0.1841195263952197,
  "recall_at_5_mean": 0.36167929292929296,
  "recall_at_5_std": 0.10443260741566068,
  "ndcg_at_5_mean": 0.7705762723261655,
  "ndcg_at_5_std": 0.14335234043230416,
  "precision_at_10_mean": 0.5999999999999999,
  "precision_at_10_std": 0.0547722557505166,
  "recall_at_10_mean": 0.6276515151515152,
  "recall_at_10_std": 0.0883160815317155,
  "ndcg_at_10_mean": 0.7167962350473971,
  "ndcg_at_10_std": 0.04703139185782179,
  "precision_at_20_mean": 0.6333414134884723,
  "precision_at_20_std": 0.0642471070651101,
  "recall_at_20_mean": 1.0,
  "recall_at_20_std": 0.0,
  "ndcg_at_20_mean": 0.904920080093007,
  "ndcg_at_20_std": 0.035456675934910795,
  "n_metric_rows": 20,
  "n_predictions": 309,
  "n_episodes_diagnosed": 20,
  "collapse_rate": 0.0,
  "pred_mean_mean": 0.5724957153201103,
  "pred_std_mean": 0.1024949075654149,
  "frac_near_zero_mean": 0.0,
  "frac_near_one_mean": 0.0
}