{
  "experiment_id": "stage2__init-A_weak_only__method-zero_shot__kpos-1__kneg-1__steps-3__target-Logistics",
  "method": "zero_shot",
  "init_name": "A_weak_only",
  "target_department": "Logistics",
  "n_support_pos": 1,
  "n_support_neg": 1,
  "inner_steps": 3,
  "inner_lr": 0.01,
  "meta_batch_size": 4,
  "synthetic_proportion": 0.0,
  "augmentation_method": "none",
  "target_per_class": null,
  "k_neighbors": 5,
  "status": "success",
  "augmentation_method_requested": "none",
  "augmentation_method_actual": "none",
  "target_effective_k": null,
  "n_real_support_rows": 5.6,
  "n_synthetic_support_rows": 0.0,
  "n_effective_support_rows": 5.6,
  "n_real_support_pos": 2.7,
  "n_real_support_neg": 2.9,
  "n_synthetic_support_pos": 0.0,
  "n_synthetic_support_neg": 0.0,
  "n_query_rows": 16.4,
  "n_query_pos": 10.3,
  "n_query_neg": 6.1,
  "n_query_synthetic_rows": 0,
  "gen_fallback_used": false,
  "gen_skip_reason": null,
  "gold_auroc_mean": 0.592092803030303,
  "gold_auroc_std": 0.0760998570937183,
  "gold_ap_mean": 0.7897164708799244,
  "gold_ap_std": 0.07141149439707686,
  "gold_logloss_mean": 1.5148982464483702,
  "gold_logloss_std": 0.23072610350880202,
  "gold_brier_mean": 0.45877844168299975,
  "gold_brier_std": 0.06253366188642381,
  "gold_ece_mean": 0.4847041369843187,
  "gold_ece_std": 0.08457379502003909,
  "gold_f1_mean": 0.0,
  "gold_f1_std": 0.0,
  "gold_accuracy_mean": 0.36913278671792604,
  "gold_accuracy_std": 0.08684602687553228,
  "gold_pred_mean_mean": 0.1461630762977552,
  "gold_pred_mean_std": 0.009571086796144379,
  "gold_true_mean_mean": 0.6308672132820738,
  "gold_true_mean_std": 0.08684602687553226,
  "n_eval_rows_mean": 16.4,
  "n_eval_rows_std": 1.8814887722226776,
  "n_positive_mean": 10.3,
  "n_positive_std": 1.5524174696260027,
  "precision_at_5_mean": 0.76,
  "precision_at_5_std": 0.16248076809271922,
  "recall_at_5_mean": 0.3668560606060606,
  "recall_at_5_std": 0.037388397599027394,
  "ndcg_at_5_mean": 0.8315955079008923,
  "ndcg_at_5_std": 0.11681328271285368,
  "precision_at_10_mean": 0.68,
  "precision_at_10_std": 0.11224972160321826,
  "recall_at_10_mean": 0.6638257575757576,
  "recall_at_10_std": 0.08391277257628081,
  "ndcg_at_10_mean": 0.7788385443877852,
  "ndcg_at_10_std": 0.07563841646432745,
  "precision_at_20_mean": 0.6308672132820738,
  "precision_at_20_std": 0.08684602687553226,
  "recall_at_20_mean": 1.0,
  "recall_at_20_std": 0.0,
  "ndcg_at_20_mean": 0.9293568932817283,
  "ndcg_at_20_std": 0.029502983896432515,
  "n_metric_rows": 20,
  "n_predictions": 328,
  "n_episodes_diagnosed": 20,
  "collapse_rate": 0.0,
  "pred_mean_mean": 0.1461630802601576,
  "pred_std_mean": 0.08870410397648812,
  "frac_near_zero_mean": 0.2695273392757913,
  "frac_near_one_mean": 0.0
}