{
  "experiment_id": "stage2__init-A_weak_only__method-anil__kpos-2__kneg-2__steps-3__target-Logistics__synprop-0.5__gen-smote_nc__tek-5",
  "method": "anil",
  "init_name": "A_weak_only",
  "target_department": "Logistics",
  "n_support_pos": 2,
  "n_support_neg": 2,
  "inner_steps": 3,
  "inner_lr": 0.01,
  "meta_batch_size": 4,
  "synthetic_proportion": 0.5,
  "augmentation_method": "smote_nc",
  "target_per_class": 5,
  "k_neighbors": 5,
  "status": "success",
  "augmentation_method_requested": "smote_nc",
  "augmentation_method_actual": "smote_nc",
  "target_effective_k": 5,
  "n_real_support_rows": 11.3,
  "n_synthetic_support_rows": 0.8,
  "n_effective_support_rows": 12.1,
  "n_real_support_pos": 5.8,
  "n_real_support_neg": 5.5,
  "n_synthetic_support_pos": 0.3,
  "n_synthetic_support_neg": 0.5,
  "n_query_rows": 10.7,
  "n_query_pos": 7.2,
  "n_query_neg": 3.5,
  "n_query_synthetic_rows": 0,
  "gen_fallback_used": false,
  "gen_skip_reason": null,
  "gold_auroc_mean": 0.4614880952380952,
  "gold_auroc_std": 0.1721641275635778,
  "gold_ap_mean": 0.7637882952034738,
  "gold_ap_std": 0.1217855483134251,
  "gold_logloss_mean": 0.7075015294245209,
  "gold_logloss_std": 0.06809129121940087,
  "gold_brier_mean": 0.2584028946816916,
  "gold_brier_std": 0.03146877738182761,
  "gold_ece_mean": 0.2713964244833644,
  "gold_ece_std": 0.13223017075224086,
  "gold_f1_mean": 0.5877182157367916,
  "gold_f1_std": 0.17370995357765304,
  "gold_accuracy_mean": 0.4708655233655234,
  "gold_accuracy_std": 0.14864225825239213,
  "gold_pred_mean_mean": 0.5531396382032685,
  "gold_pred_mean_std": 0.07096467551795647,
  "gold_true_mean_mean": 0.6797582972582973,
  "gold_true_mean_std": 0.14218116433076594,
  "n_eval_rows_mean": 10.7,
  "n_eval_rows_std": 2.238302928559939,
  "n_positive_mean": 7.2,
  "n_positive_std": 1.74928556845359,
  "precision_at_5_mean": 0.65,
  "precision_at_5_std": 0.16583123951777,
  "recall_at_5_mean": 0.47565476190476197,
  "recall_at_5_std": 0.15476944807623735,
  "ndcg_at_5_mean": 0.7125744332973569,
  "ndcg_at_5_std": 0.18111218682208155,
  "precision_at_10_mean": 0.6738492063492062,
  "precision_at_10_std": 0.1381589036329589,
  "recall_at_10_mean": 0.8994642857142858,
  "recall_at_10_std": 0.1395157212632033,
  "ndcg_at_10_mean": 0.8324740426186269,
  "ndcg_at_10_std": 0.11390974521297229,
  "precision_at_20_mean": 0.6797582972582973,
  "precision_at_20_std": 0.14218116433076594,
  "recall_at_20_mean": 1.0,
  "recall_at_20_std": 0.0,
  "ndcg_at_20_mean": 0.8893581257588868,
  "ndcg_at_20_std": 0.08826051104573591,
  "n_metric_rows": 20,
  "n_predictions": 214,
  "n_episodes_diagnosed": 20,
  "collapse_rate": 0.0,
  "pred_mean_mean": 0.5531396463513374,
  "pred_std_mean": 0.097062211856246,
  "frac_near_zero_mean": 0.0,
  "frac_near_one_mean": 0.0
}