{
  "method": "anil",
  "status": "fully_integrated",
  "target_department": "Logistics",
  "weight_path": "/Users/annita/Desktop/Thesis/Signal_Fusion_with_Meta-learners-/models/stage_2/A_weak_only/anil/anil_initialized.pt",
  "target_eval_result": {
    "method": "anil",
    "status": "success",
    "n_target_episodes": 20,
    "raw_metrics": [
      {
        "model": "ANIL",
        "gold_auroc": 0.3242105263157895,
        "gold_ap": 0.4762385943610707,
        "gold_logloss": 4.902113610167185,
        "gold_brier": 0.4318080329125264,
        "gold_ece": 0.4318063665520061,
        "gold_f1": 0.7246376811594203,
        "gold_accuracy": 0.5681818181818182,
        "gold_pred_mean": 0.9999881847338243,
        "gold_true_mean": 0.5681818181818182,
        "n_eval_rows": 44,
        "n_positive": 25,
        "precision_at_5": 0.4,
        "recall_at_5": 0.08,
        "ndcg_at_5": 0.28571428571428564,
        "precision_at_10": 0.4,
        "recall_at_10": 0.16,
        "ndcg_at_10": 0.3284227643407396,
        "precision_at_20": 0.4,
        "recall_at_20": 0.32,
        "ndcg_at_20": 0.3892696543664964,
        "episode_idx": 0
      },
      {
        "model": "ANIL",
        "gold_auroc": 0.6439628482972136,
        "gold_ap": 0.7431911577057377,
        "gold_logloss": 1.01707928310034,
        "gold_brier": 0.31534234979530273,
        "gold_ece": 0.29352302371330985,
        "gold_f1": 0.7816091954022989,
        "gold_accuracy": 0.6415094339622641,
        "gold_pred_mean": 0.935032457675574,
        "gold_true_mean": 0.6415094339622641,
        "n_eval_rows": 53,
        "n_positive": 34,
        "precision_at_5": 0.8,
        "recall_at_5": 0.11764705882352941,
        "ndcg_at_5": 0.8687949224876581,
        "precision_at_10": 0.7,
        "recall_at_10": 0.20588235294117646,
        "ndcg_at_10": 0.7791714369672127,
        "precision_at_20": 0.65,
        "recall_at_20": 0.38235294117647056,
        "ndcg_at_20": 0.7066619903152533,
        "episode_idx": 1
      },
      {
        "model": "ANIL",
        "gold_auroc": 0.601010101010101,
        "gold_ap": 0.7332709080638437,
        "gold_logloss": 1.0146739752657987,
        "gold_brier": 0.3120532953454123,
        "gold_ece": 0.2897462739663965,
        "gold_f1": 0.7857142857142857,
        "gold_accuracy": 0.6470588235294118,
        "gold_pred_mean": 0.9368050974958083,
        "gold_true_mean": 0.6470588235294118,
        "n_eval_rows": 51,
        "n_positive": 33,
        "precision_at_5": 0.8,
        "recall_at_5": 0.12121212121212122,
        "ndcg_at_5": 0.8687949224876581,
        "precision_at_10": 0.7,
        "recall_at_10": 0.21212121212121213,
        "ndcg_at_10": 0.772837825180752,
        "precision_at_20": 0.65,
        "recall_at_20": 0.3939393939393939,
        "ndcg_at_20": 0.7061699857891935,
        "episode_idx": 2
      },
      {
        "model": "ANIL",
        "gold_auroc": 0.5,
        "gold_ap": 0.574468085106383,
        "gold_logloss": 6.194081461910284,
        "gold_brier": 0.4255315090749863,
        "gold_ece": 0.42553143805645877,
        "gold_f1": 0.7297297297297297,
        "gold_accuracy": 0.574468085106383,
        "gold_pred_mean": 0.9999995231628418,
        "gold_true_mean": 0.574468085106383,
        "n_eval_rows": 47,
        "n_positive": 27,
        "precision_at_5": 0.8,
        "recall_at_5": 0.14814814814814814,
        "ndcg_at_5": 0.574468085106383,
        "precision_at_10": 0.9,
        "recall_at_10": 0.3333333333333333,
        "ndcg_at_10": 0.574468085106383,
        "precision_at_20": 0.8,
        "recall_at_20": 0.5925925925925926,
        "ndcg_at_20": 0.5744680851063829,
        "episode_idx": 3
      },
      {
        "model": "ANIL",
        "gold_auroc": 0.6833910034602075,
        "gold_ap": 0.8165877043859769,
        "gold_logloss": 1.5698058465776827,
        "gold_brier": 0.5432605319258508,
        "gold_ece": 0.567940336962541,
        "gold_f1": 0.0,
        "gold_accuracy": 0.3333333333333333,
        "gold_pred_mean": 0.09872632970412572,
        "gold_true_mean": 0.6666666666666666,
        "n_eval_rows": 51,
        "n_positive": 34,
        "precision_at_5": 1.0,
        "recall_at_5": 0.14705882352941177,
        "ndcg_at_5": 0.9999999999999999,
        "precision_at_10": 0.9,
        "recall_at_10": 0.2647058823529412,
        "ndcg_at_10": 0.9363792118010483,
        "precision_at_20": 0.65,
        "recall_at_20": 0.38235294117647056,
        "ndcg_at_20": 0.7493096778342578,
        "episode_idx": 4
      },
      {
        "model": "ANIL",
        "gold_auroc": 0.3242105263157895,
        "gold_ap": 0.4762385943610707,
        "gold_logloss": 4.902113610167185,
        "gold_brier": 0.4318080329125264,
        "gold_ece": 0.4318063665520061,
        "gold_f1": 0.7246376811594203,
        "gold_accuracy": 0.5681818181818182,
        "gold_pred_mean": 0.9999881847338243,
        "gold_true_mean": 0.5681818181818182,
        "n_eval_rows": 44,
        "n_positive": 25,
        "precision_at_5": 0.4,
        "recall_at_5": 0.08,
        "ndcg_at_5": 0.28571428571428564,
        "precision_at_10": 0.4,
        "recall_at_10": 0.16,
        "ndcg_at_10": 0.3284227643407396,
        "precision_at_20": 0.4,
        "recall_at_20": 0.32,
        "ndcg_at_20": 0.3892696543664964,
        "episode_idx": 5
      },
      {
        "model": "ANIL",
        "gold_auroc": 0.928,
        "gold_ap": 0.9757696969696972,
        "gold_logloss": 0.7992740531018546,
        "gold_brier": 0.2489400801356178,
        "gold_ece": 0.2150454572268895,
        "gold_f1": 0.8333333333333334,
        "gold_accuracy": 0.7142857142857143,
        "gold_pred_mean": 0.9293311715126038,
        "gold_true_mean": 0.7142857142857143,
        "n_eval_rows": 35,
        "n_positive": 25,
        "precision_at_5": 1.0,
        "recall_at_5": 0.2,
        "ndcg_at_5": 0.9999999999999999,
        "precision_at_10": 1.0,
        "recall_at_10": 0.4,
        "ndcg_at_10": 1.0,
        "precision_at_20": 1.0,
        "recall_at_20": 0.8,
        "ndcg_at_20": 0.9999999999999999,
        "episode_idx": 6
      },
      {
        "model": "ANIL",
        "gold_auroc": 0.928,
        "gold_ap": 0.9757696969696972,
        "gold_logloss": 0.7992740531018546,
        "gold_brier": 0.2489400801356178,
        "gold_ece": 0.2150454572268895,
        "gold_f1": 0.8333333333333334,
        "gold_accuracy": 0.7142857142857143,
        "gold_pred_mean": 0.9293311715126038,
        "gold_true_mean": 0.7142857142857143,
        "n_eval_rows": 35,
        "n_positive": 25,
        "precision_at_5": 1.0,
        "recall_at_5": 0.2,
        "ndcg_at_5": 0.9999999999999999,
        "precision_at_10": 1.0,
        "recall_at_10": 0.4,
        "ndcg_at_10": 1.0,
        "precision_at_20": 1.0,
        "recall_at_20": 0.8,
        "ndcg_at_20": 0.9999999999999999,
        "episode_idx": 7
      },
      {
        "model": "ANIL",
        "gold_auroc": 0.7049441786283892,
        "gold_ap": 0.81376668734247,
        "gold_logloss": 0.8938289738138773,
        "gold_brier": 0.3436384508086074,
        "gold_ece": 0.3396123309548085,
        "gold_f1": 0.0,
        "gold_accuracy": 0.36538461538461536,
        "gold_pred_mean": 0.29500305366057616,
        "gold_true_mean": 0.6346153846153846,
        "n_eval_rows": 52,
        "n_positive": 33,
        "precision_at_5": 1.0,
        "recall_at_5": 0.15151515151515152,
        "ndcg_at_5": 0.9999999999999999,
        "precision_at_10": 0.9,
        "recall_at_10": 0.2727272727272727,
        "ndcg_at_10": 0.9363792118010483,
        "precision_at_20": 0.65,
        "recall_at_20": 0.3939393939393939,
        "ndcg_at_20": 0.7511064182922882,
        "episode_idx": 8
      },
      {
        "model": "ANIL",
        "gold_auroc": 0.5423529411764706,
        "gold_ap": 0.5844782833005522,
        "gold_logloss": 1.7961614538333421,
        "gold_brier": 0.3951510521186048,