method,episode_idx,repeat_idx,n_query,pred_mean,pred_std,pred_min,pred_max,frac_near_zero,frac_near_one,collapsed,collapse_reason
anil,0,0,40,0.24686527252197266,0.2141936719417572,0.007245093584060669,0.7034279704093933,0.225,0.0,False,
anil,1,1,32,0.25770318508148193,0.2591201961040497,0.010214399546384811,0.8419429659843445,0.28125,0.0,False,
anil,2,2,40,0.2739233672618866,0.23256950080394745,0.008238648995757103,0.7680478692054749,0.2,0.0,False,
anil,3,3,32,0.22305339574813843,0.2257092297077179,0.009145401418209076,0.7768652439117432,0.28125,0.0,False,
anil,4,4,36,0.33759745955467224,0.28368037939071655,0.011388064362108707,0.8325424790382385,0.2222222222222222,0.0,False,
