method,episode_idx,repeat_idx,n_query,pred_mean,pred_std,pred_min,pred_max,frac_near_zero,frac_near_one,collapsed,collapse_reason
anil,0,0,62,0.24384886026382446,0.20479217171669006,0.00426376610994339,0.7472726106643677,0.16129032258064516,0.0,False,
anil,1,1,54,0.3962593376636505,0.2901211380958557,0.012236006557941437,0.9069357514381409,0.1111111111111111,0.0,False,
anil,2,2,54,0.2811175584793091,0.22214311361312866,0.008627966977655888,0.7586180567741394,0.16666666666666666,0.0,False,
