{
  "experiment_id": "stage2__init-A_weak_only__method-anil__kpos-1__kneg-1__steps-3__target-Packaging-Material__synprop-1__gen-smote_nc",
  "method": "anil",
  "init_name": "A_weak_only",
  "target_department": "Packaging Material",
  "n_support_pos": 1,
  "n_support_neg": 1,
  "inner_steps": 3,
  "inner_lr": 0.01,
  "meta_batch_size": 4,
  "synthetic_proportion": 1.0,
  "augmentation_method": "smote_nc",
  "target_per_class": null,
  "k_neighbors": 5,
  "status": "success",
  "gold_auroc_mean": 0.28923986789923867,
  "gold_auroc_std": 0.0474798057808864,
  "gold_ap_mean": 0.7287087115137368,
  "gold_ap_std": 0.03940560057775041,
  "gold_logloss_mean": 1.6286125924612234,
  "gold_logloss_std": 0.13500140415881398,
  "gold_brier_mean": 0.5227834423753378,
  "gold_brier_std": 0.03196017946654463,
  "gold_ece_mean": 0.5364743433179676,
  "gold_ece_std": 0.050023732128537335,
  "gold_f1_mean": 0.3176239928928101,
  "gold_f1_std": 0.08502387190844733,
  "gold_accuracy_mean": 0.2789725209080048,
  "gold_accuracy_std": 0.03834672585109741,
  "gold_pred_mean_mean": 0.3070752467814171,
  "gold_pred_mean_std": 0.06487211628824788,
  "gold_true_mean_mean": 0.805057745917961,
  "gold_true_mean_std": 0.012390560881006837,
  "n_eval_rows_mean": 56.666666666666664,
  "n_eval_rows_std": 3.7712361663282534,
  "n_positive_mean": 45.666666666666664,
  "n_positive_std": 3.7712361663282534,
  "precision_at_5_mean": 0.5333333333333333,
  "precision_at_5_std": 0.1885618083164127,
  "recall_at_5_mean": 0.05958352333181335,
  "recall_at_5_std": 0.02383232360239506,
  "ndcg_at_5_mean": 0.49507618503877415,
  "ndcg_at_5_std": 0.2643287098246961,
  "precision_at_10_mean": 0.6666666666666666,
  "precision_at_10_std": 0.09428090415820638,
  "recall_at_10_mean": 0.14774281805745554,
  "recall_at_10_std": 0.028520740120587123,
  "ndcg_at_10_mean": 0.6045926820837457,
  "ndcg_at_10_std": 0.17453731518668267,
  "precision_at_20_mean": 0.6999999999999998,
  "precision_at_20_std": 0.04082482904638629,
  "recall_at_20_mean": 0.3073415412676698,
  "recall_at_20_std": 0.01332570834126992,
  "ndcg_at_20_mean": 0.6499036707697982,
  "ndcg_at_20_std": 0.08411771823581743,
  "n_metric_rows": 3,
  "n_predictions": 170,
  "n_episodes_diagnosed": 3,
  "collapse_rate": 0.0,
  "pred_mean_mean": 0.30707525213559467,
  "pred_std_mean": 0.23901880780855814,
  "frac_near_zero_mean": 0.14635603345280765,
  "frac_near_one_mean": 0.0
}