{
  "experiment_id": "stage2__init-A_weak_only__method-zero_shot__kpos-1__kneg-1__steps-5__target-Packaging-Material",
  "method": "zero_shot",
  "init_name": "A_weak_only",
  "target_department": "Packaging Material",
  "n_support_pos": 1,
  "n_support_neg": 1,
  "inner_steps": 5,
  "inner_lr": 0.01,
  "meta_batch_size": 4,
  "synthetic_proportion": 0.0,
  "augmentation_method": "none",
  "target_per_class": null,
  "k_neighbors": 5,
  "status": "success",
  "augmentation_method_requested": "none",
  "augmentation_method_actual": "none",
  "target_effective_k": null,
  "n_real_support_rows": 19.4,
  "n_synthetic_support_rows": 0.0,
  "n_effective_support_rows": 19.4,
  "n_real_support_pos": 8.4,
  "n_real_support_neg": 11.0,
  "n_synthetic_support_pos": 0.0,
  "n_synthetic_support_neg": 0.0,
  "n_query_rows": 56.6,
  "n_query_pos": 45.6,
  "n_query_neg": 11.0,
  "n_query_synthetic_rows": 0,
  "gen_fallback_used": false,
  "gen_skip_reason": null,
  "gold_auroc_mean": 0.33476526771925086,
  "gold_auroc_std": 0.12100690748633824,
  "gold_ap_mean": 0.75660605543622,
  "gold_ap_std": 0.07105620909024987,
  "gold_logloss_mean": 0.7754047705054394,
  "gold_logloss_std": 0.09845974033975423,
  "gold_brier_mean": 0.26703832144073014,
  "gold_brier_std": 0.03475181858702073,
  "gold_ece_mean": 0.283640089694036,
  "gold_ece_std": 0.046552236680505524,
  "gold_f1_mean": 0.7563594946317306,
  "gold_f1_std": 0.04535443697975059,
  "gold_accuracy_mean": 0.6130082808058337,
  "gold_accuracy_std": 0.06085423853891365,
  "gold_pred_mean_mean": 0.6788624790995418,
  "gold_pred_mean_std": 0.02876770556641252,
  "gold_true_mean_mean": 0.8049746632060314,
  "gold_true_mean_std": 0.011269732973976498,
  "n_eval_rows_mean": 56.6,
  "n_eval_rows_std": 3.4117444218463966,
  "n_positive_mean": 45.6,
  "n_positive_std": 3.4117444218463966,
  "precision_at_5_mean": 0.74,
  "precision_at_5_std": 0.22,
  "recall_at_5_mean": 0.0816902911585218,
  "recall_at_5_std": 0.025770360414529903,
  "ndcg_at_5_mean": 0.6771946912927392,
  "ndcg_at_5_std": 0.2684004232041654,
  "precision_at_10_mean": 0.76,
  "precision_at_10_std": 0.16852299546352717,
  "recall_at_10_mean": 0.16718766675398514,
  "recall_at_10_std": 0.038236021413668705,
  "ndcg_at_10_mean": 0.711733708435963,
  "ndcg_at_10_std": 0.21322954476429185,
  "precision_at_20_mean": 0.7300000000000001,
  "precision_at_20_std": 0.09539392014169457,
  "recall_at_20_mean": 0.3211514392991238,
  "recall_at_20_std": 0.04312360196439238,
  "ndcg_at_20_mean": 0.7055427491511532,
  "ndcg_at_20_std": 0.14159817319317164,
  "n_metric_rows": 20,
  "n_predictions": 1132,
  "n_episodes_diagnosed": 20,
  "collapse_rate": 0.0,
  "pred_mean_mean": 0.6788624286651611,
  "pred_std_mean": 0.22398134246468543,
  "frac_near_zero_mean": 0.0,
  "frac_near_one_mean": 0.010561117290816957
}