method,episode_idx,repeat_idx,n_query,pred_mean,pred_std,pred_min,pred_max,frac_near_zero,frac_near_one,collapsed,collapse_reason
maml,0,0,8,0.9999926686286926,1.8342354906053515e-06,0.9999898672103882,0.9999947547912598,0.0,1.0,True,std<0.01
maml,1,1,11,0.999991238117218,1.887860662463936e-06,0.9999874830245972,0.999993085861206,0.0,1.0,True,std<0.01
maml,2,2,9,0.9999920725822449,1.7557252931510448e-06,0.9999891519546509,0.9999940395355225,0.0,1.0,True,std<0.01
