model,gold_auroc,gold_ap,gold_logloss,gold_brier,gold_ece,gold_f1,gold_accuracy,gold_pred_mean,gold_true_mean,n_eval_rows,n_positive,precision_at_5,recall_at_5,ndcg_at_5,precision_at_10,recall_at_10,ndcg_at_10,precision_at_20,recall_at_20,ndcg_at_20,episode_idx
MAML,0.42857142857142855,0.8596938775510203,1.9927982633191412,0.12499997019769715,0.12499986588954926,0.9333333333333333,0.875,0.9999998658895493,0.875,8,7,1.0,0.7142857142857143,0.857142857142857,0.875,1.0,0.943856685636977,0.875,1.0,0.943856685636977,0
MAML,0.35,0.8852272727272728,1.4493078820545129,0.09090906923470046,0.090908939188177,0.9523809523809523,0.9090909090909091,0.9999998482790861,0.9090909090909091,11,10,1.0,0.5,0.8749999999999999,0.9,0.9,0.8912343764566675,0.9090909090909091,1.0,0.952627422061414,1
MAML,0.375,0.865079365079365,1.7713762605524153,0.11111108462018156,0.1111109654108684,0.9411764705882353,0.8888888888888888,0.9999998542997572,0.8888888888888888,9,8,1.0,0.625,0.857142857142857,0.8888888888888888,1.0,0.9446854176548761,0.8888888888888888,1.0,0.9446854176548761,2
