method,episode_idx,repeat_idx,n_query,pred_mean,pred_std,pred_min,pred_max,frac_near_zero,frac_near_one,collapsed,collapse_reason
maml,0,0,8,0.9999998807907104,4.214684778958144e-08,0.9999997615814209,0.9999998807907104,0.0,1.0,True,std<0.01
maml,1,1,11,0.9999999403953552,1.0632069091798257e-07,0.9999997615814209,0.9999998807907104,0.0,1.0,True,std<0.01
maml,2,2,9,0.9999998807907104,5.619579823701315e-08,0.9999997615814209,0.9999998807907104,0.0,1.0,True,std<0.01
