model,gold_auroc,gold_ap,gold_logloss,gold_brier,gold_ece,gold_f1,gold_accuracy,gold_pred_mean,gold_true_mean,n_eval_rows,n_positive,precision_at_5,recall_at_5,ndcg_at_5,precision_at_10,recall_at_10,ndcg_at_10,precision_at_20,recall_at_20,ndcg_at_20,episode_idx
ANIL,0.42857142857142855,0.9093537414965986,0.6491325295039111,0.23536852966971833,0.2766856998205185,0.7692307692307693,0.625,0.6486818492412567,0.875,8,7,0.8,0.5714285714285714,0.8539316501572934,0.875,1.0,0.968331035538757,0.875,1.0,0.968331035538757,0
ANIL,0.7,0.9697979797979798,0.6194060649446907,0.20731060679712268,0.3106550642035224,0.8421052631578947,0.7272727272727273,0.6281343576582995,0.9090909090909091,11,10,1.0,0.5,0.9999999999999999,0.9,0.9,0.9305687780632227,0.9090909090909091,1.0,0.9919618236679693,1
ANIL,0.5,0.9317956349206349,1.3892490593482651,0.42278674028416824,0.47640169432593715,0.6153846153846154,0.4444444444444444,0.43342353796793354,0.8888888888888888,9,8,0.8,0.5,0.8687949224876581,0.8888888888888888,1.0,0.9782917460822231,0.8888888888888888,1.0,0.9782917460822231,2
ANIL,0.8,0.951923076923077,0.6038852252120375,0.21471664074976435,0.3315399850790317,0.7619047619047619,0.6153846153846154,0.6911873485033329,0.7692307692307693,13,10,1.0,0.5,0.9999999999999999,0.8,0.8,0.8701249883466594,0.7692307692307693,1.0,0.9874091811594071,3
ANIL,0.6363636363636364,0.9649678604224059,1.5790639313858368,0.44019623469767616,0.5571567316073924,0.5333333333333333,0.4166666666666667,0.35950993505927425,0.9166666666666666,12,11,1.0,0.45454545454545453,0.9999999999999999,0.9,0.8181818181818182,0.9305687780632227,0.9166666666666666,1.0,0.990621731271978,4
