{
  "experiment_id": "stage2__init-C_hybrid__method-anil__kpos-2__kneg-2__steps-3__target-Logistics__synprop-0.9__gen-smote_nc",
  "method": "anil",
  "init_name": "C_hybrid",
  "target_department": "Logistics",
  "n_support_pos": 2,
  "n_support_neg": 2,
  "inner_steps": 3,
  "inner_lr": 0.01,
  "meta_batch_size": 4,
  "synthetic_proportion": 0.9,
  "augmentation_method": "smote_nc",
  "target_per_class": null,
  "k_neighbors": 5,
  "status": "success",
  "gold_auroc_mean": 0.612987012987013,
  "gold_auroc_std": 0.1340647281129555,
  "gold_ap_mean": 0.9455676587121392,
  "gold_ap_std": 0.02238295809925788,
  "gold_logloss_mean": 0.9681473620789482,
  "gold_logloss_std": 0.4258223935354761,
  "gold_brier_mean": 0.30407575043968993,
  "gold_brier_std": 0.10458519114976168,
  "gold_ece_mean": 0.3904878350072804,
  "gold_ece_std": 0.1076649976504523,
  "gold_f1_mean": 0.7043917486022748,
  "gold_f1_std": 0.11283626064736735,
  "gold_accuracy_mean": 0.5657536907536908,
  "gold_accuracy_std": 0.11747733993269509,
  "gold_pred_mean_mean": 0.5521874056860194,
  "gold_pred_mean_std": 0.13086601179573734,
  "gold_true_mean_mean": 0.8717754467754467,
  "gold_true_mean_std": 0.053341060897489724,
  "n_eval_rows_mean": 10.6,
  "n_eval_rows_std": 1.8547236990991407,
  "n_positive_mean": 9.2,
  "n_positive_std": 1.469693845669907,
  "precision_at_5_mean": 0.9199999999999999,
  "precision_at_5_std": 0.09797958971132709,
  "recall_at_5_mean": 0.5051948051948052,
  "recall_at_5_std": 0.03750527033297051,
  "ndcg_at_5_mean": 0.9445453145289904,
  "ndcg_at_5_std": 0.06808028273641034,
  "precision_at_10_mean": 0.8727777777777778,
  "precision_at_10_std": 0.037531879453454514,
  "recall_at_10_mean": 0.9036363636363637,
  "recall_at_10_std": 0.08558983487956232,
  "ndcg_at_10_mean": 0.935577065218817,
  "ndcg_at_10_std": 0.0380302689454775,
  "precision_at_20_mean": 0.8717754467754467,
  "precision_at_20_std": 0.053341060897489724,
  "recall_at_20_mean": 1.0,
  "recall_at_20_std": 0.0,
  "ndcg_at_20_mean": 0.9833231035440668,
  "ndcg_at_20_std": 0.008884482464983764,
  "n_metric_rows": 5,
  "n_predictions": 53,
  "n_episodes_diagnosed": 5,
  "collapse_rate": 0.0,
  "pred_mean_mean": 0.5521874010562897,
  "pred_std_mean": 0.24892933964729308,
  "frac_near_zero_mean": 0.05555555555555556,
  "frac_near_one_mean": 0.0
}