{
  "experiment_id": "stage2__init-C_hybrid__method-maml__kpos-1__kneg-1__steps-5__target-Logistics",
  "method": "maml",
  "init_name": "C_hybrid",
  "target_department": "Logistics",
  "n_support_pos": 1,
  "n_support_neg": 1,
  "inner_steps": 5,
  "inner_lr": 0.01,
  "meta_batch_size": 4,
  "synthetic_proportion": 0.0,
  "augmentation_method": "none",
  "target_per_class": null,
  "k_neighbors": 5,
  "status": "success",
  "augmentation_method_requested": "none",
  "augmentation_method_actual": "none",
  "target_effective_k": null,
  "n_real_support_rows": 5.6,
  "n_synthetic_support_rows": 0.0,
  "n_effective_support_rows": 5.6,
  "n_real_support_pos": 2.7,
  "n_real_support_neg": 2.9,
  "n_synthetic_support_pos": 0.0,
  "n_synthetic_support_neg": 0.0,
  "n_query_rows": 16.4,
  "n_query_pos": 10.3,
  "n_query_neg": 6.1,
  "n_query_synthetic_rows": 0,
  "gen_fallback_used": false,
  "gen_skip_reason": null,
  "gold_auroc_mean": 0.5035879629629629,
  "gold_auroc_std": 0.13895055536872494,
  "gold_ap_mean": 0.7136137740983264,
  "gold_ap_std": 0.09943572385715384,
  "gold_logloss_mean": 3.0775700257461027,
  "gold_logloss_std": 4.490524484053461,
  "gold_brier_mean": 0.37160793080503485,
  "gold_brier_std": 0.15544973840329993,
  "gold_ece_mean": 0.3240859194593405,
  "gold_ece_std": 0.2093547945569315,
  "gold_f1_mean": 0.37452797202797206,
  "gold_f1_std": 0.3760129240397743,
  "gold_accuracy_mean": 0.470227378400753,
  "gold_accuracy_std": 0.1542143018639632,
  "gold_pred_mean_mean": 0.4344026260402532,
  "gold_pred_mean_std": 0.31076497070600784,
  "gold_true_mean_mean": 0.6308672132820738,
  "gold_true_mean_std": 0.08684602687553226,
  "n_eval_rows_mean": 16.4,
  "n_eval_rows_std": 1.8814887722226776,
  "n_positive_mean": 10.3,
  "n_positive_std": 1.5524174696260027,
  "precision_at_5_mean": 0.7000000000000002,
  "precision_at_5_std": 0.24899799195977465,
  "recall_at_5_mean": 0.3315025252525252,
  "recall_at_5_std": 0.09096473027281934,
  "ndcg_at_5_mean": 0.7056168943659863,
  "ndcg_at_5_std": 0.1735511003720708,
  "precision_at_10_mean": 0.6399999999999999,
  "precision_at_10_std": 0.11575836902790225,
  "recall_at_10_mean": 0.6252525252525253,
  "recall_at_10_std": 0.09408522947339135,
  "ndcg_at_10_mean": 0.6951183269664256,
  "ndcg_at_10_std": 0.09281071577078139,
  "precision_at_20_mean": 0.6308672132820738,
  "precision_at_20_std": 0.08684602687553226,
  "recall_at_20_mean": 1.0,
  "recall_at_20_std": 0.0,
  "ndcg_at_20_mean": 0.885683041318195,
  "ndcg_at_20_std": 0.05263749803085048,
  "n_metric_rows": 20,
  "n_predictions": 328,
  "n_episodes_diagnosed": 20,
  "collapse_rate": 0.95,
  "pred_mean_mean": 0.43440261781216105,
  "pred_std_mean": 0.005773230828345164,
  "frac_near_zero_mean": 0.2,
  "frac_near_one_mean": 0.0
}