{
  "experiment_id": "stage2__init-C_hybrid__method-maml__kpos-1__kneg-1__steps-3__target-Logistics",
  "method": "maml",
  "init_name": "C_hybrid",
  "target_department": "Logistics",
  "n_support_pos": 1,
  "n_support_neg": 1,
  "inner_steps": 3,
  "inner_lr": 0.01,
  "meta_batch_size": 4,
  "synthetic_proportion": 0.0,
  "augmentation_method": "none",
  "target_per_class": null,
  "k_neighbors": 5,
  "status": "success",
  "augmentation_method_requested": "none",
  "augmentation_method_actual": "none",
  "target_effective_k": null,
  "n_real_support_rows": 5.6,
  "n_synthetic_support_rows": 0.0,
  "n_effective_support_rows": 5.6,
  "n_real_support_pos": 2.7,
  "n_real_support_neg": 2.9,
  "n_synthetic_support_pos": 0.0,
  "n_synthetic_support_neg": 0.0,
  "n_query_rows": 16.4,
  "n_query_pos": 10.3,
  "n_query_neg": 6.1,
  "n_query_synthetic_rows": 0,
  "gen_fallback_used": false,
  "gen_skip_reason": null,
  "gold_auroc_mean": 0.43124473905723903,
  "gold_auroc_std": 0.0892775583163547,
  "gold_ap_mean": 0.6588959532406679,
  "gold_ap_std": 0.08221394350632467,
  "gold_logloss_mean": 2.805789766953096,
  "gold_logloss_std": 2.552655336524721,
  "gold_brier_mean": 0.32970235620234156,
  "gold_brier_std": 0.08487565694235068,
  "gold_ece_mean": 0.3019168002239985,
  "gold_ece_std": 0.11172244260189647,
  "gold_f1_mean": 0.34888777888777883,
  "gold_f1_std": 0.39701854521923907,
  "gold_accuracy_mean": 0.5263223953549031,
  "gold_accuracy_std": 0.1598064185164716,
  "gold_pred_mean_mean": 0.5818677098538229,
  "gold_pred_mean_std": 0.3569465960344245,
  "gold_true_mean_mean": 0.6308672132820738,
  "gold_true_mean_std": 0.08684602687553226,
  "n_eval_rows_mean": 16.4,
  "n_eval_rows_std": 1.8814887722226776,
  "n_positive_mean": 10.3,
  "n_positive_std": 1.5524174696260027,
  "precision_at_5_mean": 0.58,
  "precision_at_5_std": 0.20880613017821098,
  "recall_at_5_mean": 0.2805555555555555,
  "recall_at_5_std": 0.09694355313605646,
  "ndcg_at_5_mean": 0.6529882667228223,
  "ndcg_at_5_std": 0.13418512343136807,
  "precision_at_10_mean": 0.58,
  "precision_at_10_std": 0.11661903789690602,
  "recall_at_10_mean": 0.5708964646464646,
  "recall_at_10_std": 0.11598806410992366,
  "ndcg_at_10_mean": 0.64967030851486,
  "ndcg_at_10_std": 0.08604375687627297,
  "precision_at_20_mean": 0.6308672132820738,
  "precision_at_20_std": 0.08684602687553226,
  "recall_at_20_mean": 1.0,
  "recall_at_20_std": 0.0,
  "ndcg_at_20_mean": 0.8589232391330276,
  "ndcg_at_20_std": 0.04718342454904617,
  "n_metric_rows": 20,
  "n_predictions": 328,
  "n_episodes_diagnosed": 20,
  "collapse_rate": 0.45,
  "pred_mean_mean": 0.5818677090108395,
  "pred_std_mean": 0.0342552448975582,
  "frac_near_zero_mean": 0.05,
  "frac_near_one_mean": 0.4
}