{
  "experiment_id": "stage2__init-C_hybrid__method-fomaml__kpos-2__kneg-2__steps-5__target-Logistics",
  "method": "fomaml",
  "init_name": "C_hybrid",
  "target_department": "Logistics",
  "n_support_pos": 2,
  "n_support_neg": 2,
  "inner_steps": 5,
  "inner_lr": 0.01,
  "meta_batch_size": 2,
  "synthetic_proportion": 0.0,
  "augmentation_method": "none",
  "target_per_class": null,
  "k_neighbors": 5,
  "status": "success",
  "gold_auroc_mean": 0.6470238095238094,
  "gold_auroc_std": 0.252237015334312,
  "gold_ap_mean": 0.824460717853575,
  "gold_ap_std": 0.16523261982692766,
  "gold_logloss_mean": 11.475460076220873,
  "gold_logloss_std": 3.560207026447822,
  "gold_brier_mean": 0.7419643442441946,
  "gold_brier_std": 0.13543154134245958,
  "gold_ece_mean": 0.7419710524642634,
  "gold_ece_std": 0.13543025757187918,
  "gold_f1_mean": 0.06761133603238867,
  "gold_f1_std": 0.20374109277941727,
  "gold_accuracy_mean": 0.2580117105117105,
  "gold_accuracy_std": 0.13542149514448182,
  "gold_pred_mean_mean": 0.10001723502402607,
  "gold_pred_mean_std": 0.2999942532919018,
  "gold_true_mean_mean": 0.7447660672660672,
  "gold_true_mean_std": 0.13033374816883822,
  "n_eval_rows_mean": 10.25,
  "n_eval_rows_std": 2.118372016431486,
  "n_positive_mean": 7.65,
  "n_positive_std": 2.1277922830953213,
  "precision_at_5_mean": 0.76,
  "precision_at_5_std": 0.31368774282716244,
  "recall_at_5_mean": 0.5119534632034631,
  "recall_at_5_std": 0.24663127936838197,
  "ndcg_at_5_mean": 0.8123591932792078,
  "ndcg_at_5_std": 0.18350512331240387,
  "precision_at_10_mean": 0.7377380952380952,
  "precision_at_10_std": 0.1597318048983819,
  "recall_at_10_mean": 0.9128354978354979,
  "recall_at_10_std": 0.12761698258797877,
  "ndcg_at_10_mean": 0.8878439270294743,
  "ndcg_at_10_std": 0.10576908688988877,
  "precision_at_20_mean": 0.7447660672660672,
  "precision_at_20_std": 0.13033374816883822,
  "recall_at_20_mean": 1.0,
  "recall_at_20_std": 0.0,
  "ndcg_at_20_mean": 0.9246060591977704,
  "ndcg_at_20_std": 0.07634570994402898,
  "n_metric_rows": 20,
  "n_predictions": 205,
  "n_episodes_diagnosed": 20,
  "collapse_rate": 1.0,
  "pred_mean_mean": 0.100017233415777,
  "pred_std_mean": 1.5707376039808283e-06,
  "frac_near_zero_mean": 0.9,
  "frac_near_one_mean": 0.1
}