{
  "experiment_id": "stage2__init-C_hybrid__method-anil__kpos-1__kneg-1__steps-5__target-Logistics",
  "method": "anil",
  "init_name": "C_hybrid",
  "target_department": "Logistics",
  "n_support_pos": 1,
  "n_support_neg": 1,
  "inner_steps": 5,
  "inner_lr": 0.01,
  "meta_batch_size": 4,
  "synthetic_proportion": 0.0,
  "augmentation_method": "none",
  "target_per_class": null,
  "k_neighbors": 5,
  "status": "success",
  "augmentation_method_requested": "none",
  "augmentation_method_actual": "none",
  "target_effective_k": null,
  "n_real_support_rows": 5.6,
  "n_synthetic_support_rows": 0.0,
  "n_effective_support_rows": 5.6,
  "n_real_support_pos": 2.7,
  "n_real_support_neg": 2.9,
  "n_synthetic_support_pos": 0.0,
  "n_synthetic_support_neg": 0.0,
  "n_query_rows": 16.4,
  "n_query_pos": 10.3,
  "n_query_neg": 6.1,
  "n_query_synthetic_rows": 0,
  "gen_fallback_used": false,
  "gen_skip_reason": null,
  "gold_auroc_mean": 0.5805187289562289,
  "gold_auroc_std": 0.09909524897757656,
  "gold_ap_mean": 0.788598661220448,
  "gold_ap_std": 0.08731645945771152,
  "gold_logloss_mean": 1.3246863255889523,
  "gold_logloss_std": 0.3753832489742397,
  "gold_brier_mean": 0.3669672570925779,
  "gold_brier_std": 0.06855970264451831,
  "gold_ece_mean": 0.4328583580363258,
  "gold_ece_std": 0.07360712916333206,
  "gold_f1_mean": 0.5576502669717772,
  "gold_f1_std": 0.14199907777900433,
  "gold_accuracy_mean": 0.5130479573745828,
  "gold_accuracy_std": 0.08353677777904858,
  "gold_pred_mean_mean": 0.5083063695692249,
  "gold_pred_mean_std": 0.2108166077117866,
  "gold_true_mean_mean": 0.6308672132820738,
  "gold_true_mean_std": 0.08684602687553226,
  "n_eval_rows_mean": 16.4,
  "n_eval_rows_std": 1.8814887722226776,
  "n_positive_mean": 10.3,
  "n_positive_std": 1.5524174696260027,
  "precision_at_5_mean": 0.7899999999999999,
  "precision_at_5_std": 0.16093476939431084,
  "recall_at_5_mean": 0.38876262626262625,
  "recall_at_5_std": 0.07950125034390504,
  "ndcg_at_5_mean": 0.844033688526037,
  "ndcg_at_5_std": 0.12363443185942567,
  "precision_at_10_mean": 0.67,
  "precision_at_10_std": 0.1053565375285274,
  "recall_at_10_mean": 0.653030303030303,
  "recall_at_10_std": 0.06487196308680068,
  "ndcg_at_10_mean": 0.7719281269834312,
  "ndcg_at_10_std": 0.07683369543488905,
  "precision_at_20_mean": 0.6308672132820738,
  "precision_at_20_std": 0.08684602687553226,
  "recall_at_20_mean": 1.0,
  "recall_at_20_std": 0.0,
  "ndcg_at_20_mean": 0.9273287402283014,
  "ndcg_at_20_std": 0.03769071600278888,
  "n_metric_rows": 20,
  "n_predictions": 328,
  "n_episodes_diagnosed": 20,
  "collapse_rate": 0.0,
  "pred_mean_mean": 0.5083063647150994,
  "pred_std_mean": 0.2520560096949339,
  "frac_near_zero_mean": 0.12679541047188106,
  "frac_near_one_mean": 0.0805921052631579
}