{
  "experiment_id": "stage2__init-random__method-anil__kpos-2__kneg-2__steps-3__target-Logistics__synprop-1__gen-smote_nc",
  "method": "anil",
  "init_name": "random",
  "target_department": "Logistics",
  "n_support_pos": 2,
  "n_support_neg": 2,
  "inner_steps": 3,
  "inner_lr": 0.01,
  "meta_batch_size": 4,
  "synthetic_proportion": 1.0,
  "augmentation_method": "smote_nc",
  "target_per_class": null,
  "k_neighbors": 5,
  "status": "success",
  "gold_auroc_mean": 0.5,
  "gold_auroc_std": 0.0,
  "gold_ap_mean": 0.890993265993266,
  "gold_ap_std": 0.013996876387471277,
  "gold_logloss_mean": 11.807532315265997,
  "gold_logloss_std": 6.722729468787303,
  "gold_brier_mean": 0.6409932531734007,
  "gold_brier_std": 0.36495553183578044,
  "gold_ece_mean": 0.640993255993266,
  "gold_ece_std": 0.36495553913489126,
  "gold_f1_mean": 0.3111111111111111,
  "gold_f1_std": 0.43997755273829625,
  "gold_accuracy_mean": 0.359006734006734,
  "gold_accuracy_std": 0.36495553913489126,
  "gold_pred_mean_mean": 0.33333333666666665,
  "gold_pred_mean_std": 0.47140451136294126,
  "gold_true_mean_mean": 0.890993265993266,
  "gold_true_mean_std": 0.013996876387471277,
  "n_eval_rows_mean": 9.333333333333334,
  "n_eval_rows_std": 1.247219128924647,
  "n_positive_mean": 8.333333333333334,
  "n_positive_std": 1.247219128924647,
  "precision_at_5_mean": 1.0,
  "precision_at_5_std": 0.0,
  "recall_at_5_mean": 0.6130952380952381,
  "recall_at_5_std": 0.08788585154900834,
  "ndcg_at_5_mean": 0.8909932659932659,
  "ndcg_at_5_std": 0.013996876387471236,
  "precision_at_10_mean": 0.9212962962962963,
  "precision_at_10_std": 0.05594002765553043,
  "recall_at_10_mean": 1.0,
  "recall_at_10_std": 0.0,
  "ndcg_at_10_mean": 0.9388457891462386,
  "ndcg_at_10_std": 0.02116804752271835,
  "precision_at_20_mean": 0.890993265993266,
  "precision_at_20_std": 0.013996876387471277,
  "recall_at_20_mean": 1.0,
  "recall_at_20_std": 0.0,
  "ndcg_at_20_mean": 0.9574497423597982,
  "ndcg_at_20_std": 0.005760520238644386,
  "n_metric_rows": 3,
  "n_predictions": 28,
  "n_episodes_diagnosed": 3,
  "collapse_rate": 1.0,
  "pred_mean_mean": 0.33333333334447185,
  "pred_std_mean": 7.027340225932802e-13,
  "frac_near_zero_mean": 0.6666666666666666,
  "frac_near_one_mean": 0.3333333333333333
}