episode_idx,y_true,y_prob
0,1,1.0
0,1,1.0
0,1,1.0
0,1,1.0
0,1,1.0
0,1,1.0
1,1,1.0
1,1,1.0
1,1,1.0
1,1,1.0
1,1,1.0
1,1,1.0
2,1,0.2721615
2,1,0.08722886
2,1,0.00038019885
2,1,0.00028371398
2,1,3.8761962e-05
2,1,0.0022311597
2,1,0.022995409
