{
  "experiment_id": "stage2__init-A_weak_only__method-finetune__kpos-3__kneg-3__steps-3__target-Logistics__synprop-0__gen-none",
  "method": "finetune",
  "init_name": "A_weak_only",
  "target_department": "Logistics",
  "n_support_pos": 3,
  "n_support_neg": 3,
  "inner_steps": 3,
  "inner_lr": 0.01,
  "meta_batch_size": 4,
  "synthetic_proportion": 0.0,
  "augmentation_method": "none",
  "target_per_class": null,
  "k_neighbors": 5,
  "status": "success",
  "gold_auroc_mean": NaN,
  "gold_auroc_std": NaN,
  "gold_ap_mean": NaN,
  "gold_ap_std": NaN,
  "gold_logloss_mean": 1.896128835572253,
  "gold_logloss_std": 2.6815311011308487,
  "gold_brier_mean": 0.3005512156690141,
  "gold_brier_std": 0.42504360538684066,
  "gold_ece_mean": 0.3149847869679359,
  "gold_ece_std": 0.44545574352911943,
  "gold_f1_mean": 0.6666666666666666,
  "gold_f1_std": 0.4714045207910317,
  "gold_accuracy_mean": 0.6666666666666666,
  "gold_accuracy_std": 0.4714045207910317,
  "gold_pred_mean_mean": 0.685015213032064,
  "gold_pred_mean_std": 0.44545574352911943,
  "gold_true_mean_mean": 1.0,
  "gold_true_mean_std": 0.0,
  "n_eval_rows_mean": 6.333333333333333,
  "n_eval_rows_std": 0.4714045207910317,
  "n_positive_mean": 6.333333333333333,
  "n_positive_std": 0.4714045207910317,
  "precision_at_5_mean": 1.0,
  "precision_at_5_std": 0.0,
  "recall_at_5_mean": 0.7936507936507936,
  "recall_at_5_std": 0.05611958580845616,
  "ndcg_at_5_mean": 0.9999999999999999,
  "ndcg_at_5_std": 0.0,
  "precision_at_10_mean": 1.0,
  "precision_at_10_std": 0.0,
  "recall_at_10_mean": 1.0,
  "recall_at_10_std": 0.0,
  "ndcg_at_10_mean": 1.0,
  "ndcg_at_10_std": 0.0,
  "precision_at_20_mean": 1.0,
  "precision_at_20_std": 0.0,
  "recall_at_20_mean": 1.0,
  "recall_at_20_std": 0.0,
  "ndcg_at_20_mean": 1.0,
  "ndcg_at_20_std": 0.0,
  "n_metric_rows": 3,
  "n_predictions": 19,
  "n_episodes_diagnosed": 3,
  "collapse_rate": 0.6666666666666666,
  "pred_mean_mean": 0.685015220195055,
  "pred_std_mean": 0.031117945909500122,
  "frac_near_zero_mean": 0.2380952380952381,
  "frac_near_one_mean": 0.6666666666666666
}