{
  "method": "finetune",
  "status": "fully_integrated",
  "target_department": "Logistics",
  "weight_path": "/Users/Thomas/Desktop/Master Thesis/models/stage_1/A_weak_only/mlp_pretrained.pt",
  "target_eval_result": {
    "method": "finetune",
    "status": "success",
    "n_target_episodes": 20,
    "raw_metrics": [
      {
        "model": "FINETUNE",
        "gold_auroc": 0.5611111111111111,
        "gold_ap": 0.6770991970991971,
        "gold_logloss": 6.170819211666371,
        "gold_brier": 0.35714259669477144,
        "gold_ece": 0.357142678986729,
        "gold_f1": 0.782608695652174,
        "gold_accuracy": 0.6428571428571429,
        "gold_pred_mean": 0.9999998218438719,
        "gold_true_mean": 0.6428571428571429,
        "n_eval_rows": 28,
        "n_positive": 18,
        "precision_at_5": 0.6,
        "recall_at_5": 0.16666666666666666,
        "ndcg_at_5": 0.6818181818181817,
        "precision_at_10": 0.8,
        "recall_at_10": 0.4444444444444444,
        "ndcg_at_10": 0.6818181818181818,
        "precision_at_20": 0.7,
        "recall_at_20": 0.7777777777777778,
        "ndcg_at_20": 0.7293758673887925,
        "episode_idx": 0
      },
      {
        "model": "FINETUNE",
        "gold_auroc": 0.6515151515151515,
        "gold_ap": 0.7592365967365968,
        "gold_logloss": 1.0237674045603327,
        "gold_brier": 0.34302868082498056,
        "gold_ece": 0.3832186366552892,
        "gold_f1": 0.0,
        "gold_accuracy": 0.4782608695652174,
        "gold_pred_mean": 0.21719580791566684,
        "gold_true_mean": 0.5217391304347826,
        "n_eval_rows": 23,
        "n_positive": 12,
        "precision_at_5": 0.8,
        "recall_at_5": 0.3333333333333333,
        "ndcg_at_5": 0.8687949224876581,
        "precision_at_10": 0.7,
        "recall_at_10": 0.5833333333333334,
        "ndcg_at_10": 0.77523873680463,
        "precision_at_20": 0.5,
        "recall_at_20": 0.8333333333333334,
        "ndcg_at_20": 0.8381776103117092,
        "episode_idx": 1
      },
      {
        "model": "FINETUNE",
        "gold_auroc": 0.8325358851674641,
        "gold_ap": 0.9187490092753248,
        "gold_logloss": 0.6693507862474607,
        "gold_brier": 0.19081639071721793,
        "gold_ece": 0.25632201715682945,
        "gold_f1": 0.8235294117647058,
        "gold_accuracy": 0.8,
        "gold_pred_mean": 0.5342947136921187,
        "gold_true_mean": 0.6333333333333333,
        "n_eval_rows": 30,
        "n_positive": 19,
        "precision_at_5": 1.0,
        "recall_at_5": 0.2631578947368421,
        "ndcg_at_5": 0.9999999999999999,
        "precision_at_10": 1.0,
        "recall_at_10": 0.5263157894736842,
        "ndcg_at_10": 1.0,
        "precision_at_20": 0.75,
        "recall_at_20": 0.7894736842105263,
        "ndcg_at_20": 0.8552564884953204,
        "episode_idx": 2
      },
      {
        "model": "FINETUNE",
        "gold_auroc": 0.7671957671957672,
        "gold_ap": 0.870952010952011,
        "gold_logloss": 4.161805533400898,
        "gold_brier": 0.2999943012627347,
        "gold_ece": 0.29999676906856276,
        "gold_f1": 0.8235294117647058,
        "gold_accuracy": 0.7,
        "gold_pred_mean": 0.9999967690685627,
        "gold_true_mean": 0.7,
        "n_eval_rows": 30,
        "n_positive": 21,
        "precision_at_5": 1.0,
        "recall_at_5": 0.23809523809523808,
        "ndcg_at_5": 0.9230769230769229,
        "precision_at_10": 0.9,
        "recall_at_10": 0.42857142857142855,
        "ndcg_at_10": 0.9230769230769231,
        "precision_at_20": 0.8,
        "recall_at_20": 0.7619047619047619,
        "ndcg_at_20": 0.8393321429995508,
        "episode_idx": 3
      },
      {
        "model": "FINETUNE",
        "gold_auroc": 0.5909090909090909,
        "gold_ap": 0.6842861999112,
        "gold_logloss": 1.7350624087766995,
        "gold_brier": 0.46269016319697653,
        "gold_ece": 0.46492822645940696,
        "gold_f1": 0.0,
        "gold_accuracy": 0.4782608695652174,
        "gold_pred_mean": 0.056810903975375644,
        "gold_true_mean": 0.5217391304347826,
        "n_eval_rows": 23,
        "n_positive": 12,
        "precision_at_5": 0.6,
        "recall_at_5": 0.25,
        "ndcg_at_5": 0.69921481985085,
        "precision_at_10": 0.6,
        "recall_at_10": 0.5,
        "ndcg_at_10": 0.6749359875559983,
        "precision_at_20": 0.5,
        "recall_at_20": 0.8333333333333334,
        "ndcg_at_20": 0.7995342072876852,
        "episode_idx": 4
      },
      {
        "model": "FINETUNE",
        "gold_auroc": 0.8209876543209877,
        "gold_ap": 0.9168043741508654,
        "gold_logloss": 2.9397448387604252,
        "gold_brier": 0.33220693331040324,
        "gold_ece": 0.3327339206680241,
        "gold_f1": 0.8,
        "gold_accuracy": 0.6666666666666666,
        "gold_pred_mean": 0.9994005873346907,
        "gold_true_mean": 0.6666666666666666,
        "n_eval_rows": 27,
        "n_positive": 18,
        "precision_at_5": 1.0,
        "recall_at_5": 0.2777777777777778,
        "ndcg_at_5": 0.9999999999999999,
        "precision_at_10": 1.0,
        "recall_at_10": 0.5555555555555556,
        "ndcg_at_10": 1.0,
        "precision_at_20": 0.8,
        "recall_at_20": 0.8888888888888888,
        "ndcg_at_20": 0.9134492197641123,
        "episode_idx": 5
      },
      {
        "model": "FINETUNE",
        "gold_auroc": 0.654320987654321,
        "gold_ap": 0.722924297924298,
        "gold_logloss": 1.0735952015821189,
        "gold_brier": 0.3138840888107331,
        "gold_ece": 0.30676416719021893,
        "gold_f1": 0.2,
        "gold_accuracy": 0.5555555555555556,
        "gold_pred_mean": 0.25118497016632724,
        "gold_true_mean": 0.5,
        "n_eval_rows": 18,
        "n_positive": 9,
        "precision_at_5": 0.6,
        "recall_at_5": 0.3333333333333333,
        "ndcg_at_5": 0.7227265726449517,
        "precision_at_10": 0.6,
        "recall_at_10": 0.6666666666666666,
        "ndcg_at_10": 0.7213060873667376,
        "precision_at_20": 0.5,
        "recall_at_20": 1.0,
        "ndcg_at_20": 0.9019638735551049,
        "episode_idx": 6
      },
      {
        "model": "FINETUNE",
        "gold_auroc": 0.625,
        "gold_ap": 0.7303317053317053,
        "gold_logloss": 1.2933400804802346,
        "gold_brier": 0.35910961608490277,
        "gold_ece": 0.3852449901990921,
        "gold_f1": 0.0,
        "gold_accuracy": 0.47058823529411764,
        "gold_pred_mean": 0.18760489092400187,
        "gold_true_mean": 0.5294117647058824,
        "n_eval_rows": 17,
        "n_positive": 9,
        "precision_at_5": 0.6,
        "recall_at_5": 0.3333333333333333,
        "ndcg_at_5": 0.7227265726449517,
        "precision_at_10": 0.6,
        "recall_at_10": 0.6666666666666666,
        "ndcg_at_10": 0.7241184471695274,
        "precision_at_20": 0.5294117647058824,
        "recall_at_20": 1.0,
        "ndcg_at_20": 0.9047762333578947,
        "episode_idx": 7
      },
      {
        "model": "FINETUNE",
        "gold_auroc": 0.7435897435897436,
        "gold_ap": 0.8672183357644593,
        "gold_logloss": 1.068736430963584,
        "gold_brier": 0.2895395596717163,
        "gold_ece": 0.29025411985280875,
        "gold_f1": 0.7924528301886793,
        "gold_accuracy": 0.6764705882352942,
        "gold_pred_mean": 0.9079011786763381,
        "gold_true_mean": 0.6176470588235294,
        "n_eval_rows": 34,
        "n_positive": 21,
        "precision_at_5": 1.0,
        "recall_at_5": 0.23809523809523808,
        "ndcg_at_5": 0.9999999999999999,
        "precision_at_10": 1.0,
        "recall_at_10": 0.47619047619047616,
        "ndcg_at_10": 1.0,
        "precision_at_20": 0.7,
        "recall_at_20": 0.6666666666666666,
        "ndcg_at_20": 0.7906701463581938,
        "episode_idx": 8
      },
      {
        "model": "FINETUNE",
        "gold_auroc": 0.8541666666666666,
        "gold_ap": 0.943688141923436,
        "gold_logloss": 0.5631168939786326,