{
  "method": "finetune",
  "status": "fully_integrated",
  "target_department": "Logistics",
  "weight_path": "/Users/Thomas/Desktop/Master Thesis/models/stage_1/A_weak_only/mlp_pretrained.pt",
  "target_eval_result": {
    "method": "finetune",
    "status": "success",
    "n_target_episodes": 20,
    "raw_metrics": [
      {
        "model": "FINETUNE",
        "gold_auroc": 0.6925133689839572,
        "gold_ap": 0.8095189232403917,
        "gold_logloss": 1.3020122385916406,
        "gold_brier": 0.39796467032617583,
        "gold_ece": 0.43010620495680574,
        "gold_f1": 0.0,
        "gold_accuracy": 0.4358974358974359,
        "gold_pred_mean": 0.13399635914575833,
        "gold_true_mean": 0.5641025641025641,
        "n_eval_rows": 39,
        "n_positive": 22,
        "precision_at_5": 1.0,
        "recall_at_5": 0.22727272727272727,
        "ndcg_at_5": 0.9999999999999999,
        "precision_at_10": 1.0,
        "recall_at_10": 0.45454545454545453,
        "ndcg_at_10": 1.0,
        "precision_at_20": 0.55,
        "recall_at_20": 0.5,
        "ndcg_at_20": 0.6849884155157578,
        "episode_idx": 0
      },
      {
        "model": "FINETUNE",
        "gold_auroc": 0.8163771712158809,
        "gold_ap": 0.8819167179367151,
        "gold_logloss": 3.65350591723725,
        "gold_brier": 0.2954227457103609,
        "gold_ece": 0.29543612578315737,
        "gold_f1": 0.8266666666666667,
        "gold_accuracy": 0.7045454545454546,
        "gold_pred_mean": 0.999981580328612,
        "gold_true_mean": 0.7045454545454546,
        "n_eval_rows": 44,
        "n_positive": 31,
        "precision_at_5": 1.0,
        "recall_at_5": 0.16129032258064516,
        "ndcg_at_5": 0.8999999999999999,
        "precision_at_10": 1.0,
        "recall_at_10": 0.3225806451612903,
        "ndcg_at_10": 0.9,
        "precision_at_20": 0.9,
        "recall_at_20": 0.5806451612903226,
        "ndcg_at_20": 0.8999999999999999,
        "episode_idx": 1
      },
      {
        "model": "FINETUNE",
        "gold_auroc": 0.924901185770751,
        "gold_ap": 0.9708764665286405,
        "gold_logloss": 1.4344944831561304,
        "gold_brier": 0.5067440366620346,
        "gold_ece": 0.5682738986523712,
        "gold_f1": 0.0,
        "gold_accuracy": 0.3235294117647059,
        "gold_pred_mean": 0.10819668958292288,
        "gold_true_mean": 0.6764705882352942,
        "n_eval_rows": 34,
        "n_positive": 23,
        "precision_at_5": 1.0,
        "recall_at_5": 0.21739130434782608,
        "ndcg_at_5": 0.9999999999999999,
        "precision_at_10": 1.0,
        "recall_at_10": 0.43478260869565216,
        "ndcg_at_10": 1.0,
        "precision_at_20": 1.0,
        "recall_at_20": 0.8695652173913043,
        "ndcg_at_20": 0.9999999999999999,
        "episode_idx": 2
      },
      {
        "model": "FINETUNE",
        "gold_auroc": 0.8752688172043012,
        "gold_ap": 0.9351917633681421,
        "gold_logloss": 2.248769381274923,
        "gold_brier": 0.31841208582682473,
        "gold_ece": 0.3220069043346008,
        "gold_f1": 0.8051948051948052,
        "gold_accuracy": 0.6739130434782609,
        "gold_pred_mean": 0.9959199478128616,
        "gold_true_mean": 0.6739130434782609,
        "n_eval_rows": 46,
        "n_positive": 31,
        "precision_at_5": 1.0,
        "recall_at_5": 0.16129032258064516,
        "ndcg_at_5": 0.9999999999999999,
        "precision_at_10": 1.0,
        "recall_at_10": 0.3225806451612903,
        "ndcg_at_10": 1.0,
        "precision_at_20": 0.9,
        "recall_at_20": 0.5806451612903226,
        "ndcg_at_20": 0.9316250195240084,
        "episode_idx": 3
      },
      {
        "model": "FINETUNE",
        "gold_auroc": 0.9107692307692308,
        "gold_ap": 0.9636953615438273,
        "gold_logloss": 0.4471905238928538,
        "gold_brier": 0.1418741700951929,
        "gold_ece": 0.25132061443046516,
        "gold_f1": 0.8627450980392157,
        "gold_accuracy": 0.8157894736842105,
        "gold_pred_mean": 0.5786333787990244,
        "gold_true_mean": 0.6578947368421053,
        "n_eval_rows": 38,
        "n_positive": 25,
        "precision_at_5": 1.0,
        "recall_at_5": 0.2,
        "ndcg_at_5": 0.9999999999999999,
        "precision_at_10": 1.0,
        "recall_at_10": 0.4,
        "ndcg_at_10": 1.0,
        "precision_at_20": 1.0,
        "recall_at_20": 0.8,
        "ndcg_at_20": 0.9999999999999999,
        "episode_idx": 4
      },
      {
        "model": "FINETUNE",
        "gold_auroc": 0.9141414141414143,
        "gold_ap": 0.9705277753544894,
        "gold_logloss": 0.7028210512667799,
        "gold_brier": 0.2224085322462288,
        "gold_ece": 0.3539407712317282,
        "gold_f1": 0.6666666666666666,
        "gold_accuracy": 0.6451612903225806,
        "gold_pred_mean": 0.3947181276256038,
        "gold_true_mean": 0.7096774193548387,
        "n_eval_rows": 31,
        "n_positive": 22,
        "precision_at_5": 1.0,
        "recall_at_5": 0.22727272727272727,
        "ndcg_at_5": 0.9999999999999999,
        "precision_at_10": 1.0,
        "recall_at_10": 0.45454545454545453,
        "ndcg_at_10": 1.0,
        "precision_at_20": 0.95,
        "recall_at_20": 0.8636363636363636,
        "ndcg_at_20": 0.9665625086152865,
        "episode_idx": 5
      },
      {
        "model": "FINETUNE",
        "gold_auroc": 0.8412698412698414,
        "gold_ap": 0.9171602336586808,
        "gold_logloss": 2.9758108057885413,
        "gold_brier": 0.5936871564197476,
        "gold_ece": 0.5996883853925323,
        "gold_f1": 0.0,
        "gold_accuracy": 0.391304347826087,
        "gold_pred_mean": 0.0090072667813808,
        "gold_true_mean": 0.6086956521739131,
        "n_eval_rows": 23,
        "n_positive": 14,
        "precision_at_5": 1.0,
        "recall_at_5": 0.35714285714285715,
        "ndcg_at_5": 0.9999999999999999,
        "precision_at_10": 0.9,
        "recall_at_10": 0.6428571428571429,
        "ndcg_at_10": 0.9363792118010483,
        "precision_at_20": 0.65,
        "recall_at_20": 0.9285714285714286,
        "ndcg_at_20": 0.9401201342338921,
        "episode_idx": 6
      },
      {
        "model": "FINETUNE",
        "gold_auroc": 0.26373626373626374,
        "gold_ap": 0.40412439721674287,
        "gold_logloss": 2.9026446775150796,
        "gold_brier": 0.5111366754401758,
        "gold_ece": 0.5088890194531275,
        "gold_f1": 0.0,
        "gold_accuracy": 0.48148148148148145,
        "gold_pred_mean": 0.009629499065391024,
        "gold_true_mean": 0.5185185185185185,
        "n_eval_rows": 27,
        "n_positive": 14,
        "precision_at_5": 0.0,
        "recall_at_5": 0.0,
        "ndcg_at_5": 0.0,
        "precision_at_10": 0.1,
        "recall_at_10": 0.07142857142857142,
        "ndcg_at_10": 0.06362078819895167,
        "precision_at_20": 0.5,
        "recall_at_20": 0.7142857142857143,
        "ndcg_at_20": 0.45521961173989733,
        "episode_idx": 7
      },
      {
        "model": "FINETUNE",
        "gold_auroc": 0.9398148148148149,
        "gold_ap": 0.9824635241301907,
        "gold_logloss": 0.28610627498171876,
        "gold_brier": 0.06853353843983363,
        "gold_ece": 0.11840294420041822,
        "gold_f1": 0.9565217391304348,
        "gold_accuracy": 0.9393939393939394,
        "gold_pred_mean": 0.691549230423389,
        "gold_true_mean": 0.7272727272727273,
        "n_eval_rows": 33,
        "n_positive": 24,
        "precision_at_5": 1.0,
        "recall_at_5": 0.20833333333333334,
        "ndcg_at_5": 0.9999999999999999,
        "precision_at_10": 1.0,
        "recall_at_10": 0.4166666666666667,
        "ndcg_at_10": 1.0,
        "precision_at_20": 1.0,
        "recall_at_20": 0.8333333333333334,
        "ndcg_at_20": 0.9999999999999999,
        "episode_idx": 8
      },
      {
        "model": "FINETUNE",
        "gold_auroc": 0.7683823529411764,
        "gold_ap": 0.831570165945166,
        "gold_logloss": 2.12320140312731,