{
  "method": "finetune",
  "status": "fully_integrated",
  "target_department": "Logistics",
  "weight_path": "/Users/annita/Desktop/Thesis/Signal_Fusion_with_Meta-learners-/models/stage_1/A_weak_only/mlp_pretrained.pt",
  "target_eval_result": {
    "method": "finetune",
    "status": "success",
    "n_target_episodes": 20,
    "raw_metrics": [
      {
        "model": "FINETUNE",
        "gold_auroc": 0.5,
        "gold_ap": 0.5681818181818182,
        "gold_logloss": 10.466295881563843,
        "gold_brier": 0.5681818068181816,
        "gold_ece": 0.5681818081818182,
        "gold_f1": 0.0,
        "gold_accuracy": 0.4318181818181818,
        "gold_pred_mean": 1e-08,
        "gold_true_mean": 0.5681818181818182,
        "n_eval_rows": 44,
        "n_positive": 25,
        "precision_at_5": 0.6,
        "recall_at_5": 0.12,
        "ndcg_at_5": 0.5681818181818181,
        "precision_at_10": 0.7,
        "recall_at_10": 0.28,
        "ndcg_at_10": 0.5681818181818182,
        "precision_at_20": 0.7,
        "recall_at_20": 0.56,
        "ndcg_at_20": 0.5681818181818181,
        "episode_idx": 0
      },
      {
        "model": "FINETUNE",
        "gold_auroc": 0.5,
        "gold_ap": 0.6415094339622641,
        "gold_logloss": 6.603640271313672,
        "gold_brier": 0.3584905588679245,
        "gold_ece": 0.3584905560377357,
        "gold_f1": 0.7816091954022989,
        "gold_accuracy": 0.6415094339622641,
        "gold_pred_mean": 0.9999999899999998,
        "gold_true_mean": 0.6415094339622641,
        "n_eval_rows": 53,
        "n_positive": 34,
        "precision_at_5": 0.8,
        "recall_at_5": 0.11764705882352941,
        "ndcg_at_5": 0.641509433962264,
        "precision_at_10": 0.8,
        "recall_at_10": 0.23529411764705882,
        "ndcg_at_10": 0.6415094339622641,
        "precision_at_20": 0.7,
        "recall_at_20": 0.4117647058823529,
        "ndcg_at_20": 0.6415094339622641,
        "episode_idx": 1
      },
      {
        "model": "FINETUNE",
        "gold_auroc": 0.8265993265993266,
        "gold_ap": 0.919203873902674,
        "gold_logloss": 0.6530901704746629,
        "gold_brier": 0.20581800101087785,
        "gold_ece": 0.2159067361989953,
        "gold_f1": 0.8051948051948052,
        "gold_accuracy": 0.7058823529411765,
        "gold_pred_mean": 0.787300170166418,
        "gold_true_mean": 0.6470588235294118,
        "n_eval_rows": 51,
        "n_positive": 33,
        "precision_at_5": 1.0,
        "recall_at_5": 0.15151515151515152,
        "ndcg_at_5": 0.9999999999999999,
        "precision_at_10": 1.0,
        "recall_at_10": 0.30303030303030304,
        "ndcg_at_10": 1.0,
        "precision_at_20": 1.0,
        "recall_at_20": 0.6060606060606061,
        "ndcg_at_20": 0.9999999999999999,
        "episode_idx": 2
      },
      {
        "model": "FINETUNE",
        "gold_auroc": 0.5,
        "gold_ap": 0.574468085106383,
        "gold_logloss": 10.582093197589657,
        "gold_brier": 0.5744680736170212,
        "gold_ece": 0.574468075106383,
        "gold_f1": 0.0,
        "gold_accuracy": 0.425531914893617,
        "gold_pred_mean": 1.0000000000000002e-08,
        "gold_true_mean": 0.574468085106383,
        "n_eval_rows": 47,
        "n_positive": 27,
        "precision_at_5": 0.8,
        "recall_at_5": 0.14814814814814814,
        "ndcg_at_5": 0.574468085106383,
        "precision_at_10": 0.9,
        "recall_at_10": 0.3333333333333333,
        "ndcg_at_10": 0.574468085106383,
        "precision_at_20": 0.8,
        "recall_at_20": 0.5925925925925926,
        "ndcg_at_20": 0.5744680851063829,
        "episode_idx": 3
      },
      {
        "model": "FINETUNE",
        "gold_auroc": 0.5,
        "gold_ap": 0.6666666666666666,
        "gold_logloss": 6.1402269196425365,
        "gold_brier": 0.33333332666666665,
        "gold_ece": 0.3333333233333332,
        "gold_f1": 0.8,
        "gold_accuracy": 0.6666666666666666,
        "gold_pred_mean": 0.9999999899999998,
        "gold_true_mean": 0.6666666666666666,
        "n_eval_rows": 51,
        "n_positive": 34,
        "precision_at_5": 0.8,
        "recall_at_5": 0.11764705882352941,
        "ndcg_at_5": 0.6666666666666665,
        "precision_at_10": 0.9,
        "recall_at_10": 0.2647058823529412,
        "ndcg_at_10": 0.6666666666666666,
        "precision_at_20": 0.85,
        "recall_at_20": 0.5,
        "ndcg_at_20": 0.6666666666666665,
        "episode_idx": 4
      },
      {
        "model": "FINETUNE",
        "gold_auroc": 0.5,
        "gold_ap": 0.5681818181818182,
        "gold_logloss": 10.466295881563843,
        "gold_brier": 0.5681818068181816,
        "gold_ece": 0.5681818081818182,
        "gold_f1": 0.0,
        "gold_accuracy": 0.4318181818181818,
        "gold_pred_mean": 1e-08,
        "gold_true_mean": 0.5681818181818182,
        "n_eval_rows": 44,
        "n_positive": 25,
        "precision_at_5": 0.6,
        "recall_at_5": 0.12,
        "ndcg_at_5": 0.5681818181818181,
        "precision_at_10": 0.7,
        "recall_at_10": 0.28,
        "ndcg_at_10": 0.5681818181818182,
        "precision_at_20": 0.7,
        "recall_at_20": 0.56,
        "ndcg_at_20": 0.5681818181818181,
        "episode_idx": 5
      },
      {
        "model": "FINETUNE",
        "gold_auroc": 0.9080000000000001,
        "gold_ap": 0.9699093544137023,
        "gold_logloss": 8.212392842490772,
        "gold_brier": 0.7142531114981667,
        "gold_ece": 0.7142686977760506,
        "gold_f1": 0.0,
        "gold_accuracy": 0.2857142857142857,
        "gold_pred_mean": 1.7016509663696816e-05,
        "gold_true_mean": 0.7142857142857143,
        "n_eval_rows": 35,
        "n_positive": 25,
        "precision_at_5": 1.0,
        "recall_at_5": 0.2,
        "ndcg_at_5": 0.9999999999999999,
        "precision_at_10": 1.0,
        "recall_at_10": 0.4,
        "ndcg_at_10": 1.0,
        "precision_at_20": 0.95,
        "recall_at_20": 0.76,
        "ndcg_at_20": 0.9676617088516801,
        "episode_idx": 6
      },
      {
        "model": "FINETUNE",
        "gold_auroc": 0.5,
        "gold_ap": 0.7142857142857143,
        "gold_logloss": 13.157629105680261,
        "gold_brier": 0.7142856999999998,
        "gold_ece": 0.7142857042857143,
        "gold_f1": 0.0,
        "gold_accuracy": 0.2857142857142857,
        "gold_pred_mean": 1.0000000000000002e-08,
        "gold_true_mean": 0.7142857142857143,
        "n_eval_rows": 35,
        "n_positive": 25,
        "precision_at_5": 0.6,
        "recall_at_5": 0.12,
        "ndcg_at_5": 0.7142857142857142,
        "precision_at_10": 0.4,
        "recall_at_10": 0.16,
        "ndcg_at_10": 0.7142857142857143,
        "precision_at_20": 0.6,
        "recall_at_20": 0.48,
        "ndcg_at_20": 0.7142857142857143,
        "episode_idx": 7
      },
      {
        "model": "FINETUNE",
        "gold_auroc": 0.8229665071770335,
        "gold_ap": 0.9148318085725611,
        "gold_logloss": 0.7296422821242246,
        "gold_brier": 0.23597024217215584,
        "gold_ece": 0.24962353763672016,
        "gold_f1": 0.7901234567901234,
        "gold_accuracy": 0.6730769230769231,
        "gold_pred_mean": 0.8355835567300136,
        "gold_true_mean": 0.6346153846153846,
        "n_eval_rows": 52,
        "n_positive": 33,
        "precision_at_5": 1.0,
        "recall_at_5": 0.15151515151515152,
        "ndcg_at_5": 0.9999999999999999,
        "precision_at_10": 1.0,
        "recall_at_10": 0.30303030303030304,
        "ndcg_at_10": 1.0,
        "precision_at_20": 1.0,
        "recall_at_20": 0.6060606060606061,
        "ndcg_at_20": 0.9999999999999999,
        "episode_idx": 8
      },
      {
        "model": "FINETUNE",
        "gold_auroc": 0.5,
        "gold_ap": 0.5952380952380952,
        "gold_logloss": 10.964690923066886,
        "gold_brier": 0.5952380833333334,
        "gold_ece": 0.5952380852380952,
        "gold_f1": 0.0,
        "gold_accuracy": 0.40476190476190477,
        "gold_pred_mean": 1e-08,