{
  "experiment_id": "stage2__init-A_weak_only__method-anil__kpos-1__kneg-1__steps-5__target-Logistics__synprop-0.5__gen-smote_nc",
  "method": "anil",
  "init_name": "A_weak_only",
  "target_department": "Logistics",
  "n_support_pos": 1,
  "n_support_neg": 1,
  "inner_steps": 5,
  "inner_lr": 0.01,
  "meta_batch_size": 4,
  "synthetic_proportion": 0.5,
  "augmentation_method": "smote_nc",
  "target_per_class": null,
  "k_neighbors": 5,
  "status": "success",
  "augmentation_method_requested": "smote_nc",
  "augmentation_method_actual": "smote_nc",
  "target_effective_k": null,
  "n_real_support_rows": 6.55,
  "n_synthetic_support_rows": 6.55,
  "n_effective_support_rows": 13.1,
  "n_real_support_pos": 3.25,
  "n_real_support_neg": 3.3,
  "n_synthetic_support_pos": 3.25,
  "n_synthetic_support_neg": 3.3,
  "n_query_rows": 15.45,
  "n_query_pos": 9.75,
  "n_query_neg": 5.7,
  "n_query_synthetic_rows": 0,
  "gen_fallback_used": false,
  "gen_skip_reason": null,
  "gold_auroc_mean": 0.47152777777777766,
  "gold_auroc_std": 0.10389632667369608,
  "gold_ap_mean": 0.721349313822312,
  "gold_ap_std": 0.07684122063092386,
  "gold_logloss_mean": 0.8145994591236413,
  "gold_logloss_std": 0.2079539858321577,
  "gold_brier_mean": 0.2993568626196537,
  "gold_brier_std": 0.08301896423083321,
  "gold_ece_mean": 0.28725803769110675,
  "gold_ece_std": 0.1243453312549822,
  "gold_f1_mean": 0.5298152692473179,
  "gold_f1_std": 0.29489961147041044,
  "gold_accuracy_mean": 0.5072969187675069,
  "gold_accuracy_std": 0.12390705334393864,
  "gold_pred_mean_mean": 0.5365850530728498,
  "gold_pred_mean_std": 0.18777316100416316,
  "gold_true_mean_mean": 0.6333414134884723,
  "gold_true_mean_std": 0.0642471070651101,
  "n_eval_rows_mean": 15.45,
  "n_eval_rows_std": 2.3553131426627756,
  "n_positive_mean": 9.75,
  "n_positive_std": 1.6085707942145413,
  "precision_at_5_mean": 0.64,
  "precision_at_5_std": 0.19595917942265426,
  "recall_at_5_mean": 0.3332070707070707,
  "recall_at_5_std": 0.1051828305332958,
  "ndcg_at_5_mean": 0.7228359599112038,
  "ndcg_at_5_std": 0.15767893422630283,
  "precision_at_10_mean": 0.5999999999999999,
  "precision_at_10_std": 0.0547722557505166,
  "recall_at_10_mean": 0.6276515151515151,
  "recall_at_10_std": 0.0883160815317155,
  "ndcg_at_10_mean": 0.7033846470420826,
  "ndcg_at_10_std": 0.050218185271165464,
  "precision_at_20_mean": 0.6333414134884723,
  "precision_at_20_std": 0.0642471070651101,
  "recall_at_20_mean": 1.0,
  "recall_at_20_std": 0.0,
  "ndcg_at_20_mean": 0.8916741901454669,
  "ndcg_at_20_std": 0.04448239618224756,
  "n_metric_rows": 20,
  "n_predictions": 309,
  "n_episodes_diagnosed": 20,
  "collapse_rate": 0.0,
  "pred_mean_mean": 0.5365850575268268,
  "pred_std_mean": 0.08973690960556269,
  "frac_near_zero_mean": 0.0,
  "frac_near_one_mean": 0.00625
}