{
  "experiment_id": "stage2__init-A_weak_only__method-maml__kpos-2__kneg-2__steps-5__target-Logistics",
  "method": "maml",
  "init_name": "A_weak_only",
  "target_department": "Logistics",
  "n_support_pos": 2,
  "n_support_neg": 2,
  "inner_steps": 5,
  "status": "success",
  "gold_auroc_mean": 0.5438998796345756,
  "gold_auroc_std": 0.14820993319423545,
  "gold_ap_mean": 0.7310497963016506,
  "gold_ap_std": 0.11272517425235032,
  "gold_logloss_mean": 1.3680800435425735,
  "gold_logloss_std": 1.3820445961135102,
  "gold_brier_mean": 0.3541615392154566,
  "gold_brier_std": 0.19237536761262405,
  "gold_ece_mean": 0.31206780163573633,
  "gold_ece_std": 0.23093971748762404,
  "gold_f1_mean": 0.49572304734295053,
  "gold_f1_std": 0.4067774708623028,
  "gold_accuracy_mean": 0.5506658133309055,
  "gold_accuracy_std": 0.2075751705780968,
  "gold_pred_mean_mean": 0.4326616544045641,
  "gold_pred_mean_std": 0.26662593646530447,
  "gold_true_mean_mean": 0.6980093695973341,
  "gold_true_mean_std": 0.0802917532046381,
  "n_eval_rows_mean": 41.05,
  "n_eval_rows_std": 5.962172422867356,
  "n_positive_mean": 28.45,
  "n_positive_std": 4.165033013074447,
  "precision_at_5_mean": 0.68,
  "precision_at_5_std": 0.25612496949731395,
  "recall_at_5_mean": 0.12090062074865311,
  "recall_at_5_std": 0.046818518432688146,
  "ndcg_at_5_mean": 0.6920497990479818,
  "ndcg_at_5_std": 0.24291740254882363,
  "precision_at_10_mean": 0.6900000000000001,
  "precision_at_10_std": 0.2364318083507378,
  "recall_at_10_mean": 0.24823325980816077,
  "recall_at_10_std": 0.09015462671795187,
  "ndcg_at_10_mean": 0.6779951356476788,
  "ndcg_at_10_std": 0.21199260819327337,
  "precision_at_20_mean": 0.7525,
  "precision_at_20_std": 0.13827056809024832,
  "recall_at_20_mean": 0.5374480950514849,
  "recall_at_20_std": 0.11140587723682531,
  "ndcg_at_20_mean": 0.7229892703357039,
  "ndcg_at_20_std": 0.1468579752487585,
  "n_metric_rows": 20,
  "n_predictions": 821,
  "n_episodes_diagnosed": 20,
  "collapse_rate": 0.95,
  "pred_mean_mean": 0.43266164243104865,
  "pred_std_mean": 0.004023533059444162,
  "frac_near_zero_mean": 0.15,
  "frac_near_one_mean": 0.0
}