{
  "experiment_id": "stage2__init-A_weak_only__method-maml__kpos-2__kneg-2__steps-5__target-Logistics",
  "method": "maml",
  "init_name": "A_weak_only",
  "target_department": "Logistics",
  "n_support_pos": 2,
  "n_support_neg": 2,
  "inner_steps": 5,
  "status": "success",
  "was_skipped": false,
  "backfilled": true,
  "gold_auroc_mean": 0.5357142857142858,
  "gold_auroc_std": 0.2072263105017612,
  "gold_ap_mean": 0.8220669746919744,
  "gold_ap_std": 0.1427765595558566,
  "gold_logloss_mean": 5.172765469404296,
  "gold_logloss_std": 5.910136472196242,
  "gold_brier_mean": 0.47453801557719605,
  "gold_brier_std": 0.2736483063077681,
  "gold_ece_mean": 0.4710781200134945,
  "gold_ece_std": 0.28206945536699884,
  "gold_f1_mean": 0.49098242359784966,
  "gold_f1_std": 0.4071841938982532,
  "gold_accuracy_mean": 0.4982215007215006,
  "gold_accuracy_std": 0.2772979454250455,
  "gold_pred_mean_mean": 0.6016478934319,
  "gold_pred_mean_std": 0.4611611673911747,
  "gold_true_mean_mean": 0.7447660672660672,
  "gold_true_mean_std": 0.13033374816883825,
  "n_eval_rows_mean": 10.25,
  "n_eval_rows_std": 2.118372016431486,
  "n_positive_mean": 7.65,
  "n_positive_std": 2.1277922830953213,
  "precision_at_5_mean": 0.8099999999999999,
  "precision_at_5_std": 0.232163735324878,
  "recall_at_5_mean": 0.549810606060606,
  "recall_at_5_std": 0.16631971066915563,
  "ndcg_at_5_mean": 0.810491704424693,
  "ndcg_at_5_std": 0.21290912622665512,
  "precision_at_10_mean": 0.7527380952380953,
  "precision_at_10_std": 0.15380866893303471,
  "recall_at_10_mean": 0.9311688311688313,
  "recall_at_10_std": 0.11294744791668479,
  "ndcg_at_10_mean": 0.8669410930159687,
  "ndcg_at_10_std": 0.12331168667537067,
  "precision_at_20_mean": 0.7447660672660672,
  "precision_at_20_std": 0.13033374816883825,
  "recall_at_20_mean": 1.0,
  "recall_at_20_std": 0.0,
  "ndcg_at_20_mean": 0.9124262103763116,
  "ndcg_at_20_std": 0.10574926961715056,
  "n_metric_rows": 20,
  "n_predictions": 205
}