model,gold_auroc,gold_ap,gold_logloss,gold_brier,gold_ece,gold_f1,gold_accuracy,gold_pred_mean,gold_true_mean,n_eval_rows,n_positive,precision_at_5,recall_at_5,ndcg_at_5,precision_at_10,recall_at_10,ndcg_at_10,precision_at_20,recall_at_20,ndcg_at_20,episode_idx
MAML,0.5,0.875,2.3025851011159513,0.1249999975000001,0.12499998999999995,0.9333333333333333,0.875,0.99999999,0.875,8,7,1.0,0.7142857142857143,0.8749999999999999,0.875,1.0,0.9508745999323549,0.875,1.0,0.9508745999323549,0
MAML,0.5,0.9090909090909091,1.674607348993419,0.09090908909090918,0.09090908090909078,0.9523809523809523,0.9090909090909091,0.9999999899999998,0.9090909090909091,11,10,1.0,0.5,0.9090909090909088,1.0,1.0,0.9090909090909091,0.9090909090909091,1.0,0.9649027687315876,1
MAML,0.5,0.8888888888888888,2.0467423132141787,0.11111110888888898,0.11111110111111111,0.9411764705882353,0.8888888888888888,0.99999999,0.8888888888888888,9,8,1.0,0.625,0.8888888888888886,0.8888888888888888,1.0,0.956571858415452,0.8888888888888888,1.0,0.956571858415452,2
