model,gold_auroc,gold_ap,gold_logloss,gold_brier,gold_ece,gold_f1,gold_accuracy,gold_pred_mean,gold_true_mean,n_eval_rows,n_positive,precision_at_5,recall_at_5,ndcg_at_5,precision_at_10,recall_at_10,ndcg_at_10,precision_at_20,recall_at_20,ndcg_at_20,episode_idx
ANIL,,,1.9826259776149158,0.6130908561527554,0.7531347345444372,0.3333333333333333,0.2,0.24686526545556262,1.0,40,40,1.0,0.125,0.9999999999999999,1.0,0.25,1.0,1.0,0.5,0.9999999999999999,0
ANIL,,,2.0243330277747047,0.6181478571156507,0.7422968352911994,0.358974358974359,0.21875,0.2577031647088006,1.0,32,32,1.0,0.15625,0.9999999999999999,1.0,0.3125,1.0,1.0,0.625,0.9999999999999999,1
ANIL,,,1.869153597191352,0.5812758525784595,0.7260766368126497,0.3673469387755102,0.225,0.27392336318735033,1.0,40,40,1.0,0.125,0.9999999999999999,1.0,0.25,1.0,1.0,0.5,0.9999999999999999,2
