method,episode_idx,repeat_idx,n_query,pred_mean,pred_std,pred_min,pred_max,frac_near_zero,frac_near_one,collapsed,collapse_reason
anil,0,0,40,0.24686527252197266,0.2141936719417572,0.007245093584060669,0.7034279704093933,0.225,0.0,False,
anil,1,1,32,0.25770318508148193,0.2591201961040497,0.010214399546384811,0.8419429659843445,0.28125,0.0,False,
anil,2,2,40,0.2739233672618866,0.23256950080394745,0.008238648995757103,0.7680478692054749,0.2,0.0,False,
