{
  "experiment_id": "stage2__init-C_hybrid__method-fomaml__kpos-1__kneg-1__steps-3__target-Logistics",
  "method": "fomaml",
  "init_name": "C_hybrid",
  "target_department": "Logistics",
  "n_support_pos": 1,
  "n_support_neg": 1,
  "inner_steps": 3,
  "inner_lr": 0.01,
  "meta_batch_size": 4,
  "synthetic_proportion": 0.0,
  "augmentation_method": "none",
  "target_per_class": null,
  "k_neighbors": 5,
  "status": "success",
  "augmentation_method_requested": "none",
  "augmentation_method_actual": "none",
  "target_effective_k": null,
  "n_real_support_rows": 5.6,
  "n_synthetic_support_rows": 0.0,
  "n_effective_support_rows": 5.6,
  "n_real_support_pos": 2.7,
  "n_real_support_neg": 2.9,
  "n_synthetic_support_pos": 0.0,
  "n_synthetic_support_neg": 0.0,
  "n_query_rows": 16.4,
  "n_query_pos": 10.3,
  "n_query_neg": 6.1,
  "n_query_synthetic_rows": 0,
  "gen_fallback_used": false,
  "gen_skip_reason": null,
  "gold_auroc_mean": 0.47290088383838375,
  "gold_auroc_std": 0.22598138314512262,
  "gold_ap_mean": 0.6936616996473103,
  "gold_ap_std": 0.1418173253386896,
  "gold_logloss_mean": 2.575612462159343,
  "gold_logloss_std": 2.7796791306070108,
  "gold_brier_mean": 0.35945636156013727,
  "gold_brier_std": 0.1632581326823986,
  "gold_ece_mean": 0.31212795324428105,
  "gold_ece_std": 0.2072623943803608,
  "gold_f1_mean": 0.5478205128205129,
  "gold_f1_std": 0.36248772627776243,
  "gold_accuracy_mean": 0.5752628176776782,
  "gold_accuracy_std": 0.1378548808403172,
  "gold_pred_mean_mean": 0.5645416365471618,
  "gold_pred_mean_std": 0.3758635156501328,
  "gold_true_mean_mean": 0.6308672132820738,
  "gold_true_mean_std": 0.08684602687553226,
  "n_eval_rows_mean": 16.4,
  "n_eval_rows_std": 1.8814887722226776,
  "n_positive_mean": 10.3,
  "n_positive_std": 1.5524174696260027,
  "precision_at_5_mean": 0.72,
  "precision_at_5_std": 0.2039607805437114,
  "recall_at_5_mean": 0.35883838383838385,
  "recall_at_5_std": 0.1244840643099172,
  "ndcg_at_5_mean": 0.6675357703782218,
  "ndcg_at_5_std": 0.21394384484848192,
  "precision_at_10_mean": 0.61,
  "precision_at_10_std": 0.1044030650891055,
  "recall_at_10_mean": 0.6001893939393939,
  "recall_at_10_std": 0.10230878760084622,
  "ndcg_at_10_mean": 0.6478637435631464,
  "ndcg_at_10_std": 0.1387454008667896,
  "precision_at_20_mean": 0.6308672132820738,
  "precision_at_20_std": 0.08684602687553226,
  "recall_at_20_mean": 1.0,
  "recall_at_20_std": 0.0,
  "ndcg_at_20_mean": 0.8450048220736738,
  "ndcg_at_20_std": 0.08229572339437065,
  "n_metric_rows": 20,
  "n_predictions": 328,
  "n_episodes_diagnosed": 20,
  "collapse_rate": 0.4,
  "pred_mean_mean": 0.5645416312485746,
  "pred_std_mean": 0.016446932907619154,
  "frac_near_zero_mean": 0.3,
  "frac_near_one_mean": 0.1
}