{
  "experiment_id": "stage2__init-A_weak_only__method-fomaml__kpos-2__kneg-2__steps-5__target-Logistics",
  "method": "fomaml",
  "init_name": "A_weak_only",
  "target_department": "Logistics",
  "n_support_pos": 2,
  "n_support_neg": 2,
  "inner_steps": 5,
  "status": "success",
  "was_skipped": false,
  "backfilled": true,
  "gold_auroc_mean": 0.5638149350649351,
  "gold_auroc_std": 0.22612128251237876,
  "gold_ap_mean": 0.856681020413569,
  "gold_ap_std": 0.11201960470976689,
  "gold_logloss_mean": 4.226299691534431,
  "gold_logloss_std": 3.664779820142629,
  "gold_brier_mean": 0.5427363425308697,
  "gold_brier_std": 0.26283553002467913,
  "gold_ece_mean": 0.5455253274261235,
  "gold_ece_std": 0.2683285878036924,
  "gold_f1_mean": 0.36805254989398206,
  "gold_f1_std": 0.4100523678003906,
  "gold_accuracy_mean": 0.433524531024531,
  "gold_accuracy_std": 0.2692179890370006,
  "gold_pred_mean_mean": 0.45585397382600756,
  "gold_pred_mean_std": 0.47917872199139455,
  "gold_true_mean_mean": 0.7447660672660672,
  "gold_true_mean_std": 0.13033374816883825,
  "n_eval_rows_mean": 10.25,
  "n_eval_rows_std": 2.118372016431486,
  "n_positive_mean": 7.65,
  "n_positive_std": 2.1277922830953213,
  "precision_at_5_mean": 0.7899999999999999,
  "precision_at_5_std": 0.232163735324878,
  "recall_at_5_mean": 0.5399675324675325,
  "recall_at_5_std": 0.17828033830688492,
  "ndcg_at_5_mean": 0.8457752350542476,
  "ndcg_at_5_std": 0.19131789505358945,
  "precision_at_10_mean": 0.7377380952380952,
  "precision_at_10_std": 0.12047509907069899,
  "recall_at_10_mean": 0.9209090909090909,
  "recall_at_10_std": 0.1199896689767791,
  "ndcg_at_10_mean": 0.8968935931207858,
  "ndcg_at_10_std": 0.0729464337731398,
  "precision_at_20_mean": 0.7447660672660672,
  "precision_at_20_std": 0.13033374816883825,
  "recall_at_20_mean": 1.0,
  "recall_at_20_std": 0.0,
  "ndcg_at_20_mean": 0.9418443283559789,
  "ndcg_at_20_std": 0.059381658646642396,
  "n_metric_rows": 20,
  "n_predictions": 205
}