{
  "experiment_id": "stage2__init-A_weak_only__method-fomaml__kpos-2__kneg-2__steps-1__target-Logistics",
  "method": "fomaml",
  "init_name": "A_weak_only",
  "target_department": "Logistics",
  "n_support_pos": 2,
  "n_support_neg": 2,
  "inner_steps": 1,
  "status": "success",
  "gold_auroc_mean": 0.47772537757322364,
  "gold_auroc_std": 0.09063286802002526,
  "gold_ap_mean": 0.6926507935697718,
  "gold_ap_std": 0.09361700286797353,
  "gold_logloss_mean": 1.1693020023825855,
  "gold_logloss_std": 1.4843765348654099,
  "gold_brier_mean": 0.29428995972593824,
  "gold_brier_std": 0.16083706339313267,
  "gold_ece_mean": 0.21948744213944296,
  "gold_ece_std": 0.20439389149887702,
  "gold_f1_mean": 0.7303013462522986,
  "gold_f1_std": 0.24876400835871404,
  "gold_accuracy_mean": 0.6400728616608261,
  "gold_accuracy_std": 0.1570780865985709,
  "gold_pred_mean_mean": 0.47968321390066987,
  "gold_pred_mean_std": 0.16081644395156527,
  "gold_true_mean_mean": 0.6980093695973341,
  "gold_true_mean_std": 0.0802917532046381,
  "n_eval_rows_mean": 41.05,
  "n_eval_rows_std": 5.962172422867356,
  "n_positive_mean": 28.45,
  "n_positive_std": 4.165033013074447,
  "precision_at_5_mean": 0.67,
  "precision_at_5_std": 0.3241913015489466,
  "recall_at_5_mean": 0.1178063452835852,
  "recall_at_5_std": 0.05828267683514012,
  "ndcg_at_5_mean": 0.687708311374763,
  "ndcg_at_5_std": 0.1266472390186081,
  "precision_at_10_mean": 0.655,
  "precision_at_10_std": 0.3122098653149833,
  "recall_at_10_mean": 0.23271532899280714,
  "recall_at_10_std": 0.11641686972030098,
  "ndcg_at_10_mean": 0.6724272199652929,
  "ndcg_at_10_std": 0.13846522735351904,
  "precision_at_20_mean": 0.76,
  "precision_at_20_std": 0.17649362594722792,
  "recall_at_20_mean": 0.5390923038690189,
  "recall_at_20_std": 0.1296715208829792,
  "ndcg_at_20_mean": 0.685694759756846,
  "ndcg_at_20_std": 0.09778115265922935,
  "n_metric_rows": 20,
  "n_predictions": 821,
  "n_episodes_diagnosed": 20,
  "collapse_rate": 1.0,
  "pred_mean_mean": 0.4796831997402478,
  "pred_std_mean": 0.002570585667854175,
  "frac_near_zero_mean": 0.1,
  "frac_near_one_mean": 0.0
}