{
  "experiment_id": "stage2__init-A_weak_only__method-fomaml__kpos-2__kneg-2__steps-1__target-Logistics",
  "method": "fomaml",
  "init_name": "A_weak_only",
  "target_department": "Logistics",
  "n_support_pos": 2,
  "n_support_neg": 2,
  "inner_steps": 1,
  "status": "success",
  "gold_auroc_mean": 0.5131834795321638,
  "gold_auroc_std": 0.014697001010640975,
  "gold_ap_mean": 0.7043311269422374,
  "gold_ap_std": 0.07409063931527837,
  "gold_logloss_mean": 5.30045631089985,
  "gold_logloss_std": 6.230123267279494,
  "gold_brier_mean": 0.43634742273038485,
  "gold_brier_std": 0.23470581595769507,
  "gold_ece_mean": 0.373157671988922,
  "gold_ece_std": 0.30462030814657237,
  "gold_f1_mean": 0.34340427618621444,
  "gold_f1_std": 0.3800811738297731,
  "gold_accuracy_mean": 0.40796431980323167,
  "gold_accuracy_std": 0.19283129842358662,
  "gold_pred_mean_mean": 0.3823854492898321,
  "gold_pred_mean_std": 0.30189991905916724,
  "gold_true_mean_mean": 0.6980093695973341,
  "gold_true_mean_std": 0.0802917532046381,
  "n_eval_rows_mean": 41.05,
  "n_eval_rows_std": 5.962172422867356,
  "n_positive_mean": 28.45,
  "n_positive_std": 4.165033013074447,
  "precision_at_5_mean": 0.67,
  "precision_at_5_std": 0.34799425282610624,
  "recall_at_5_mean": 0.1156607349026807,
  "recall_at_5_std": 0.058346141384740334,
  "ndcg_at_5_mean": 0.7043311269422373,
  "ndcg_at_5_std": 0.07409063931527839,
  "precision_at_10_mean": 0.705,
  "precision_at_10_std": 0.3106042498099471,
  "recall_at_10_mean": 0.24733879278746657,
  "recall_at_10_std": 0.11065949524396734,
  "ndcg_at_10_mean": 0.7043311269422374,
  "ndcg_at_10_std": 0.07409063931527837,
  "precision_at_20_mean": 0.7825,
  "precision_at_20_std": 0.16753730927766505,
  "recall_at_20_mean": 0.5538356131492528,
  "recall_at_20_std": 0.1183076039863797,
  "ndcg_at_20_mean": 0.7043311269422373,
  "ndcg_at_20_std": 0.07409063931527837,
  "n_metric_rows": 20,
  "n_predictions": 821,
  "n_episodes_diagnosed": 20,
  "collapse_rate": 1.0,
  "pred_mean_mean": 0.3823854148387909,
  "pred_std_mean": 0.0002075586817227304,
  "frac_near_zero_mean": 0.35,
  "frac_near_one_mean": 0.0
}