model,rmse,mae,r2,pred_mean,true_mean,condition
Mean Predictor_C_hybrid,0.5119451532399123,0.509692952342413,-0.09115836115256526,0.5489375886555967,0.40096618357487923,C_hybrid
Elastic Net_C_hybrid,0.5729560140153057,0.5028822609908781,-0.3667323624317691,0.6058957120736782,0.40096618357487923,C_hybrid
XGBoost_C_hybrid,0.36555934669897816,0.2624501169969638,0.443638975203411,0.5432023956093955,0.40096618357487923,C_hybrid
