{
  "experiment_id": "stage2__init-C_hybrid__method-zero_shot__kpos-1__kneg-1__steps-5__target-Packaging-Material",
  "method": "zero_shot",
  "init_name": "C_hybrid",
  "target_department": "Packaging Material",
  "n_support_pos": 1,
  "n_support_neg": 1,
  "inner_steps": 5,
  "inner_lr": 0.01,
  "meta_batch_size": 4,
  "synthetic_proportion": 0.0,
  "augmentation_method": "none",
  "target_per_class": null,
  "k_neighbors": 5,
  "status": "success",
  "augmentation_method_requested": "none",
  "augmentation_method_actual": "none",
  "target_effective_k": null,
  "n_real_support_rows": 19.4,
  "n_synthetic_support_rows": 0.0,
  "n_effective_support_rows": 19.4,
  "n_real_support_pos": 8.4,
  "n_real_support_neg": 11.0,
  "n_synthetic_support_pos": 0.0,
  "n_synthetic_support_neg": 0.0,
  "n_query_rows": 56.6,
  "n_query_pos": 45.6,
  "n_query_neg": 11.0,
  "n_query_synthetic_rows": 0,
  "gen_fallback_used": false,
  "gen_skip_reason": null,
  "gold_auroc_mean": 0.805436676042375,
  "gold_auroc_std": 0.033751145687846394,
  "gold_ap_mean": 0.9478117364029146,
  "gold_ap_std": 0.01137571655587302,
  "gold_logloss_mean": 0.40800808669618327,
  "gold_logloss_std": 0.04059084209404486,
  "gold_brier_mean": 0.13551829688614775,
  "gold_brier_std": 0.016469648252724785,
  "gold_ece_mean": 0.09991870268908307,
  "gold_ece_std": 0.017805403597965824,
  "gold_f1_mean": 0.8848490291493099,
  "gold_f1_std": 0.024301113450000272,
  "gold_accuracy_mean": 0.814268940798418,
  "gold_accuracy_std": 0.034710549219972554,
  "gold_pred_mean_mean": 0.7495348074276187,
  "gold_pred_mean_std": 0.026569308020710516,
  "gold_true_mean_mean": 0.8049746632060314,
  "gold_true_mean_std": 0.011269732973976498,
  "n_eval_rows_mean": 56.6,
  "n_eval_rows_std": 3.4117444218463966,
  "n_positive_mean": 45.6,
  "n_positive_std": 3.4117444218463966,
  "precision_at_5_mean": 1.0,
  "precision_at_5_std": 0.0,
  "recall_at_5_mean": 0.11023469259054439,
  "recall_at_5_std": 0.007831249355099885,
  "ndcg_at_5_mean": 0.9999999999999998,
  "ndcg_at_5_std": 1.1102230246251565e-16,
  "precision_at_10_mean": 1.0,
  "precision_at_10_std": 0.0,
  "recall_at_10_mean": 0.22046938518108877,
  "recall_at_10_std": 0.01566249871019977,
  "ndcg_at_10_mean": 1.0,
  "ndcg_at_10_std": 0.0,
  "precision_at_20_mean": 0.9799999999999999,
  "precision_at_20_std": 0.024494897427831803,
  "recall_at_20_mean": 0.4316364447807823,
  "recall_at_20_std": 0.025714611405413396,
  "ndcg_at_20_mean": 0.9869547635170326,
  "ndcg_at_20_std": 0.015979922103433016,
  "n_metric_rows": 20,
  "n_predictions": 1132,
  "n_episodes_diagnosed": 20,
  "collapse_rate": 0.0,
  "pred_mean_mean": 0.7495348751544952,
  "pred_std_mean": 0.23157841786742211,
  "frac_near_zero_mean": 0.0,
  "frac_near_one_mean": 0.3176914678861286
}