{
  "experiment_id": "stage2__init-A_weak_only__method-maml__kpos-2__kneg-2__steps-3__target-Logistics",
  "method": "maml",
  "init_name": "A_weak_only",
  "target_department": "Logistics",
  "n_support_pos": 2,
  "n_support_neg": 2,
  "inner_steps": 3,
  "status": "success",
  "gold_auroc_mean": 0.41071439083523165,
  "gold_auroc_std": 0.1657652494565737,
  "gold_ap_mean": 0.700360881375341,
  "gold_ap_std": 0.11554874722055104,
  "gold_logloss_mean": 1.4046348534896036,
  "gold_logloss_std": 1.7356089702852975,
  "gold_brier_mean": 0.34719867011711547,
  "gold_brier_std": 0.13771016722459356,
  "gold_ece_mean": 0.32008369435765344,
  "gold_ece_std": 0.20519404988378245,
  "gold_f1_mean": 0.46545430966372425,
  "gold_f1_std": 0.36354417337683886,
  "gold_accuracy_mean": 0.48085936833976356,
  "gold_accuracy_std": 0.19497796953815316,
  "gold_pred_mean_mean": 0.4724174674439204,
  "gold_pred_mean_std": 0.2620171528128068,
  "gold_true_mean_mean": 0.6980093695973341,
  "gold_true_mean_std": 0.0802917532046381,
  "n_eval_rows_mean": 41.05,
  "n_eval_rows_std": 5.962172422867356,
  "n_positive_mean": 28.45,
  "n_positive_std": 4.165033013074447,
  "precision_at_5_mean": 0.7400000000000001,
  "precision_at_5_std": 0.19078784028338916,
  "recall_at_5_mean": 0.13242796721126687,
  "recall_at_5_std": 0.03575686054454834,
  "ndcg_at_5_mean": 0.7846285443889343,
  "ndcg_at_5_std": 0.14964603184828748,
  "precision_at_10_mean": 0.625,
  "precision_at_10_std": 0.20706279240848657,
  "recall_at_10_mean": 0.21820545797585647,
  "recall_at_10_std": 0.05431483812721171,
  "ndcg_at_10_mean": 0.6864734302851956,
  "ndcg_at_10_std": 0.1670002086749579,
  "precision_at_20_mean": 0.6625,
  "precision_at_20_std": 0.16037066439969624,
  "recall_at_20_mean": 0.46547710010959237,
  "recall_at_20_std": 0.08419270844241343,
  "ndcg_at_20_mean": 0.691402672821022,
  "ndcg_at_20_std": 0.14296813546767023,
  "n_metric_rows": 20,
  "n_predictions": 821,
  "n_episodes_diagnosed": 20,
  "collapse_rate": 0.35,
  "pred_mean_mean": 0.4724174602637731,
  "pred_std_mean": 0.019799849793784574,
  "frac_near_zero_mean": 0.09358974358974359,
  "frac_near_one_mean": 0.05
}