{
  "experiment_id": "stage2__init-A_weak_only__method-anil__kpos-2__kneg-2__steps-5__target-Logistics__synprop-0.5__gen-smote_nc__tek-5",
  "method": "anil",
  "init_name": "A_weak_only",
  "target_department": "Logistics",
  "n_support_pos": 2,
  "n_support_neg": 2,
  "inner_steps": 5,
  "inner_lr": 0.01,
  "meta_batch_size": 4,
  "synthetic_proportion": 0.5,
  "augmentation_method": "smote_nc",
  "target_per_class": 5,
  "k_neighbors": 5,
  "status": "success",
  "augmentation_method_requested": "smote_nc",
  "augmentation_method_actual": "smote_nc",
  "target_effective_k": 5,
  "n_real_support_rows": 11.3,
  "n_synthetic_support_rows": 0.8,
  "n_effective_support_rows": 12.1,
  "n_real_support_pos": 5.8,
  "n_real_support_neg": 5.5,
  "n_synthetic_support_pos": 0.3,
  "n_synthetic_support_neg": 0.5,
  "n_query_rows": 10.7,
  "n_query_pos": 7.2,
  "n_query_neg": 3.5,
  "n_query_synthetic_rows": 0,
  "gen_fallback_used": false,
  "gen_skip_reason": null,
  "gold_auroc_mean": 0.4458333333333334,
  "gold_auroc_std": 0.15488022034159568,
  "gold_ap_mean": 0.7531911674634888,
  "gold_ap_std": 0.12389637181189497,
  "gold_logloss_mean": 0.7277079305906136,
  "gold_logloss_std": 0.07756247869598139,
  "gold_brier_mean": 0.2676507848936891,
  "gold_brier_std": 0.03535679875910785,
  "gold_ece_mean": 0.3088191574116415,
  "gold_ece_std": 0.11958463695336495,
  "gold_f1_mean": 0.5740050390785685,
  "gold_f1_std": 0.18462405590381964,
  "gold_accuracy_mean": 0.456564824064824,
  "gold_accuracy_std": 0.1660884660434162,
  "gold_pred_mean_mean": 0.5450895399058158,
  "gold_pred_mean_std": 0.07549754898944719,
  "gold_true_mean_mean": 0.6797582972582973,
  "gold_true_mean_std": 0.14218116433076594,
  "n_eval_rows_mean": 10.7,
  "n_eval_rows_std": 2.238302928559939,
  "n_positive_mean": 7.2,
  "n_positive_std": 1.74928556845359,
  "precision_at_5_mean": 0.63,
  "precision_at_5_std": 0.1584297951775486,
  "recall_at_5_mean": 0.46315476190476196,
  "recall_at_5_std": 0.157325144542893,
  "ndcg_at_5_mean": 0.692685709589888,
  "ndcg_at_5_std": 0.1795596220274285,
  "precision_at_10_mean": 0.6738492063492062,
  "precision_at_10_std": 0.1381589036329589,
  "recall_at_10_mean": 0.8994642857142858,
  "recall_at_10_std": 0.1395157212632033,
  "ndcg_at_10_mean": 0.8252385164770096,
  "ndcg_at_10_std": 0.11493663661750107,
  "precision_at_20_mean": 0.6797582972582973,
  "precision_at_20_std": 0.14218116433076594,
  "recall_at_20_mean": 1.0,
  "recall_at_20_std": 0.0,
  "ndcg_at_20_mean": 0.8821225996172695,
  "ndcg_at_20_std": 0.09297679855854672,
  "n_metric_rows": 20,
  "n_predictions": 214,
  "n_episodes_diagnosed": 20,
  "collapse_rate": 0.0,
  "pred_mean_mean": 0.5450895309448243,
  "pred_std_mean": 0.10603508371859789,
  "frac_near_zero_mean": 0.0,
  "frac_near_one_mean": 0.0
}