{
  "experiment_id": "stage2__init-A_weak_only__method-fomaml__kpos-2__kneg-2__steps-1__target-Logistics__lr-0.002",
  "method": "fomaml",
  "init_name": "A_weak_only",
  "target_department": "Logistics",
  "n_support_pos": 2,
  "n_support_neg": 2,
  "inner_steps": 1,
  "inner_lr": 0.002,
  "meta_batch_size": 4,
  "status": "success",
  "gold_auroc_mean": 0.3542094763982332,
  "gold_auroc_std": 0.06727392736303876,
  "gold_ap_mean": 0.6852869860929496,
  "gold_ap_std": 0.06524913105188479,
  "gold_logloss_mean": 1.0539541734430105,
  "gold_logloss_std": 0.4286928423574904,
  "gold_brier_mean": 0.3046748995634084,
  "gold_brier_std": 0.07746115055042371,
  "gold_ece_mean": 0.3083678833524809,
  "gold_ece_std": 0.11272888418072065,
  "gold_f1_mean": 0.7098044518423607,
  "gold_f1_std": 0.222747916943451,
  "gold_accuracy_mean": 0.6016601632481278,
  "gold_accuracy_std": 0.1767571602198028,
  "gold_pred_mean_mean": 0.8142821474409473,
  "gold_pred_mean_std": 0.18998258823017866,
  "gold_true_mean_mean": 0.6980093695973341,
  "gold_true_mean_std": 0.0802917532046381,
  "n_eval_rows_mean": 41.05,
  "n_eval_rows_std": 5.962172422867356,
  "n_positive_mean": 28.45,
  "n_positive_std": 4.165033013074447,
  "precision_at_5_mean": 0.6900000000000001,
  "precision_at_5_std": 0.13379088160259656,
  "recall_at_5_mean": 0.12558284833934533,
  "recall_at_5_std": 0.036081510107320504,
  "ndcg_at_5_mean": 0.770143848302979,
  "ndcg_at_5_std": 0.11224209353173703,
  "precision_at_10_mean": 0.61,
  "precision_at_10_std": 0.09949874371066199,
  "recall_at_10_mean": 0.22072824623580029,
  "recall_at_10_std": 0.05411571058143299,
  "ndcg_at_10_mean": 0.6814575142208978,
  "ndcg_at_10_std": 0.07752821683649865,
  "precision_at_20_mean": 0.6275000000000001,
  "precision_at_20_std": 0.1259712268734412,
  "recall_at_20_mean": 0.44411473925228967,
  "recall_at_20_std": 0.08555355101584187,
  "ndcg_at_20_mean": 0.6708730197656078,
  "ndcg_at_20_std": 0.08570918050550289,
  "n_metric_rows": 20,
  "n_predictions": 821,
  "n_episodes_diagnosed": 20,
  "collapse_rate": 0.1,
  "pred_mean_mean": 0.8142821520566941,
  "pred_std_mean": 0.06799323118757457,
  "frac_near_zero_mean": 0.0,
  "frac_near_one_mean": 0.31386836708768884
}