{
  "experiment_id": "stage2__init-A_weak_only__method-anil__kpos-1__kneg-1__steps-5__target-Logistics__synprop-0.5__gen-smote_nc__tek-5",
  "method": "anil",
  "init_name": "A_weak_only",
  "target_department": "Logistics",
  "n_support_pos": 1,
  "n_support_neg": 1,
  "inner_steps": 5,
  "inner_lr": 0.01,
  "meta_batch_size": 4,
  "synthetic_proportion": 0.5,
  "augmentation_method": "smote_nc",
  "target_per_class": 5,
  "k_neighbors": 5,
  "status": "success",
  "augmentation_method_requested": "smote_nc",
  "augmentation_method_actual": "smote_nc",
  "target_effective_k": 5,
  "n_real_support_rows": 6.55,
  "n_synthetic_support_rows": 3.45,
  "n_effective_support_rows": 10.0,
  "n_real_support_pos": 3.25,
  "n_real_support_neg": 3.3,
  "n_synthetic_support_pos": 1.75,
  "n_synthetic_support_neg": 1.7,
  "n_query_rows": 15.45,
  "n_query_pos": 9.75,
  "n_query_neg": 5.7,
  "n_query_synthetic_rows": 0,
  "gen_fallback_used": false,
  "gen_skip_reason": null,
  "gold_auroc_mean": 0.47302714646464644,
  "gold_auroc_std": 0.10917976738352841,
  "gold_ap_mean": 0.7291819094674077,
  "gold_ap_std": 0.06537406186902783,
  "gold_logloss_mean": 0.6939019240702547,
  "gold_logloss_std": 0.049074338678720304,
  "gold_brier_mean": 0.2513679161177478,
  "gold_brier_std": 0.022988456635253156,
  "gold_ece_mean": 0.2138988405271467,
  "gold_ece_std": 0.1031249590996742,
  "gold_f1_mean": 0.6220891533646953,
  "gold_f1_std": 0.14850131927557977,
  "gold_accuracy_mean": 0.5182190889176183,
  "gold_accuracy_std": 0.09983815852126438,
  "gold_pred_mean_mean": 0.5706334583833399,
  "gold_pred_mean_std": 0.07433692755118196,
  "gold_true_mean_mean": 0.6333414134884723,
  "gold_true_mean_std": 0.0642471070651101,
  "n_eval_rows_mean": 15.45,
  "n_eval_rows_std": 2.3553131426627756,
  "n_positive_mean": 9.75,
  "n_positive_std": 1.6085707942145413,
  "precision_at_5_mean": 0.64,
  "precision_at_5_std": 0.19595917942265426,
  "recall_at_5_mean": 0.3332070707070707,
  "recall_at_5_std": 0.1051828305332958,
  "ndcg_at_5_mean": 0.7299384909937172,
  "ndcg_at_5_std": 0.15541240017523883,
  "precision_at_10_mean": 0.6049999999999999,
  "precision_at_10_std": 0.04974937185533099,
  "recall_at_10_mean": 0.6318181818181817,
  "recall_at_10_std": 0.07982095149470884,
  "ndcg_at_10_mean": 0.7119677813944321,
  "ndcg_at_10_std": 0.04117397139867898,
  "precision_at_20_mean": 0.6333414134884723,
  "precision_at_20_std": 0.0642471070651101,
  "recall_at_20_mean": 1.0,
  "recall_at_20_std": 0.0,
  "ndcg_at_20_mean": 0.8969791766362597,
  "ndcg_at_20_std": 0.03872953999196589,
  "n_metric_rows": 20,
  "n_predictions": 309,
  "n_episodes_diagnosed": 20,
  "collapse_rate": 0.0,
  "pred_mean_mean": 0.5706334680318832,
  "pred_std_mean": 0.10210697799921035,
  "frac_near_zero_mean": 0.0,
  "frac_near_one_mean": 0.0
}