{
  "experiment_id": "stage2__init-A_weak_only__method-anil__kpos-1__kneg-1__steps-3__target-Logistics__synprop-0.9__gen-smote_nc",
  "method": "anil",
  "init_name": "A_weak_only",
  "target_department": "Logistics",
  "n_support_pos": 1,
  "n_support_neg": 1,
  "inner_steps": 3,
  "inner_lr": 0.01,
  "meta_batch_size": 4,
  "synthetic_proportion": 0.9,
  "augmentation_method": "smote_nc",
  "target_per_class": null,
  "k_neighbors": 5,
  "status": "success",
  "gold_auroc_mean": 0.47992424242424236,
  "gold_auroc_std": 0.09601805768336277,
  "gold_ap_mean": 0.7574963590031842,
  "gold_ap_std": 0.05544925234864241,
  "gold_logloss_mean": 1.0194024098015415,
  "gold_logloss_std": 0.2912462979445473,
  "gold_brier_mean": 0.38014506817676974,
  "gold_brier_std": 0.11273957463177338,
  "gold_ece_mean": 0.4101655118441319,
  "gold_ece_std": 0.13885487140713854,
  "gold_f1_mean": 0.3333333333333333,
  "gold_f1_std": 0.30425429690648875,
  "gold_accuracy_mean": 0.4,
  "gold_accuracy_std": 0.12387905699207463,
  "gold_pred_mean_mean": 0.4413917092179112,
  "gold_pred_mean_std": 0.25335566841378754,
  "gold_true_mean_mean": 0.6552941176470588,
  "gold_true_mean_std": 0.08591860636914002,
  "n_eval_rows_mean": 17.2,
  "n_eval_rows_std": 1.469693845669907,
  "n_positive_mean": 11.2,
  "n_positive_std": 1.1661903789690602,
  "precision_at_5_mean": 0.76,
  "precision_at_5_std": 0.19595917942265426,
  "recall_at_5_mean": 0.3419191919191919,
  "recall_at_5_std": 0.09151871913129862,
  "ndcg_at_5_mean": 0.8289335930281506,
  "ndcg_at_5_std": 0.14773287166416382,
  "precision_at_10_mean": 0.62,
  "precision_at_10_std": 0.039999999999999994,
  "recall_at_10_mean": 0.5590909090909091,
  "recall_at_10_std": 0.06217661978388845,
  "ndcg_at_10_mean": 0.7110483141722603,
  "ndcg_at_10_std": 0.04798221917896971,
  "precision_at_20_mean": 0.6552941176470588,
  "precision_at_20_std": 0.08591860636914002,
  "recall_at_20_mean": 1.0,
  "recall_at_20_std": 0.0,
  "ndcg_at_20_mean": 0.9161411713952301,
  "ndcg_at_20_std": 0.027684494483427764,
  "n_metric_rows": 5,
  "n_predictions": 86,
  "n_episodes_diagnosed": 5,
  "collapse_rate": 0.0,
  "pred_mean_mean": 0.4413916915655136,
  "pred_std_mean": 0.07806883230805398,
  "frac_near_zero_mean": 0.0,
  "frac_near_one_mean": 0.0
}