{
  "experiment_id": "stage2__init-A_weak_only__method-fomaml__kpos-2__kneg-2__steps-2__target-Logistics__lr-0.0005",
  "method": "fomaml",
  "init_name": "A_weak_only",
  "target_department": "Logistics",
  "n_support_pos": 2,
  "n_support_neg": 2,
  "inner_steps": 2,
  "inner_lr": 0.0005,
  "meta_batch_size": 4,
  "status": "success",
  "gold_auroc_mean": 0.3168035448325456,
  "gold_auroc_std": 0.06605893092620468,
  "gold_ap_mean": 0.6390575361690092,
  "gold_ap_std": 0.06904006063470627,
  "gold_logloss_mean": 3.0698229801012125,
  "gold_logloss_std": 0.6757100436448212,
  "gold_brier_mean": 0.6575887495559525,
  "gold_brier_std": 0.08984479246046859,
  "gold_ece_mean": 0.6617261706193133,
  "gold_ece_std": 0.09165453237755548,
  "gold_f1_mean": 0.05597408338787648,
  "gold_f1_std": 0.02949729391721036,
  "gold_accuracy_mean": 0.3218550878405437,
  "gold_accuracy_std": 0.08201036467813796,
  "gold_pred_mean_mean": 0.039697191693707765,
  "gold_pred_mean_std": 0.019373922992979457,
  "gold_true_mean_mean": 0.6980093695973341,
  "gold_true_mean_std": 0.0802917532046381,
  "n_eval_rows_mean": 41.05,
  "n_eval_rows_std": 5.962172422867356,
  "n_positive_mean": 28.45,
  "n_positive_std": 4.165033013074447,
  "precision_at_5_mean": 0.53,
  "precision_at_5_std": 0.09539392014169452,
  "recall_at_5_mean": 0.09626772807905241,
  "recall_at_5_std": 0.026045736010571665,
  "ndcg_at_5_mean": 0.5666349849557436,
  "ndcg_at_5_std": 0.13052835884974648,
  "precision_at_10_mean": 0.565,
  "precision_at_10_std": 0.10136567466356644,
  "recall_at_10_mean": 0.2042607392590222,
  "recall_at_10_std": 0.053240219084655274,
  "ndcg_at_10_mean": 0.5765539595590645,
  "ndcg_at_10_std": 0.08536865175093984,
  "precision_at_20_mean": 0.605,
  "precision_at_20_std": 0.09861541461658009,
  "recall_at_20_mean": 0.431231034804327,
  "recall_at_20_std": 0.08096287082843658,
  "ndcg_at_20_mean": 0.6004041207391226,
  "ndcg_at_20_std": 0.07177085051454415,
  "n_metric_rows": 20,
  "n_predictions": 821,
  "n_episodes_diagnosed": 20,
  "collapse_rate": 0.15,
  "pred_mean_mean": 0.039697192050516604,
  "pred_std_mean": 0.11419478557072579,
  "frac_near_zero_mean": 0.8902675172031908,
  "frac_near_one_mean": 0.004665889665889667
}