method,episode_idx,repeat_idx,n_query,pred_mean,pred_std,pred_min,pred_max,frac_near_zero,frac_near_one,collapsed,collapse_reason
maml,0,0,17,0.7586774230003357,0.08198663592338562,0.6394620537757874,0.9529403448104858,0.0,0.058823529411764705,False,
maml,1,1,16,0.6708177328109741,0.09454383701086044,0.5630605816841125,0.9253621697425842,0.0,0.0,False,
maml,2,2,17,0.6848227381706238,0.08047648519277573,0.5652579069137573,0.842254102230072,0.0,0.0,False,
maml,3,3,16,0.6714322566986084,0.09422995150089264,0.5630753040313721,0.9253710508346558,0.0,0.0,False,
maml,4,4,20,0.6929663419723511,0.08906589448451996,0.5655756592750549,0.9270830154418945,0.0,0.0,False,
