{
  "experiment_id": "stage2__init-A_weak_only__method-anil__kpos-2__kneg-2__steps-5__target-Logistics",
  "method": "anil",
  "init_name": "A_weak_only",
  "target_department": "Logistics",
  "n_support_pos": 2,
  "n_support_neg": 2,
  "inner_steps": 5,
  "status": "success",
  "gold_auroc_mean": 0.5418224906264986,
  "gold_auroc_std": 0.20123255153308947,
  "gold_ap_mean": 0.7324077674168323,
  "gold_ap_std": 0.16559521111348732,
  "gold_logloss_mean": 0.8545554859706707,
  "gold_logloss_std": 0.21589749451079038,
  "gold_brier_mean": 0.3163032996245335,
  "gold_brier_std": 0.09080367719882021,
  "gold_ece_mean": 0.3335988865835237,
  "gold_ece_std": 0.1376687839478177,
  "gold_f1_mean": 0.47590306824819983,
  "gold_f1_std": 0.28741176429218146,
  "gold_accuracy_mean": 0.4659231682110899,
  "gold_accuracy_std": 0.16241466209901967,
  "gold_pred_mean_mean": 0.5040694282871022,
  "gold_pred_mean_std": 0.18559004756793646,
  "gold_true_mean_mean": 0.6980093695973341,
  "gold_true_mean_std": 0.0802917532046381,
  "n_eval_rows_mean": 41.05,
  "n_eval_rows_std": 5.962172422867356,
  "n_positive_mean": 28.45,
  "n_positive_std": 4.165033013074447,
  "precision_at_5_mean": 0.6500000000000001,
  "precision_at_5_std": 0.33391615714128003,
  "recall_at_5_mean": 0.11400249868860646,
  "recall_at_5_std": 0.06347348941701351,
  "ndcg_at_5_mean": 0.6618749008764314,
  "ndcg_at_5_std": 0.3422891951017164,
  "precision_at_10_mean": 0.635,
  "precision_at_10_std": 0.3453621287865825,
  "recall_at_10_mean": 0.22519453172867188,
  "recall_at_10_std": 0.13603811433111515,
  "ndcg_at_10_mean": 0.6474889691091805,
  "ndcg_at_10_std": 0.3460183541376704,
  "precision_at_20_mean": 0.6849999999999999,
  "precision_at_20_std": 0.18781639970992947,
  "recall_at_20_mean": 0.4931895410439983,
  "recall_at_20_std": 0.1643056851655019,
  "ndcg_at_20_mean": 0.6788873816467598,
  "ndcg_at_20_std": 0.21962648777227256,
  "n_metric_rows": 20,
  "n_predictions": 821,
  "n_episodes_diagnosed": 20,
  "collapse_rate": 0.0,
  "pred_mean_mean": 0.50406943410635,
  "pred_std_mean": 0.09777658767998218,
  "frac_near_zero_mean": 0.0,
  "frac_near_one_mean": 0.0
}