{
  "experiment_id": "stage2__init-A_weak_only__method-anil__kpos-2__kneg-2__steps-5__target-Logistics",
  "method": "anil",
  "init_name": "A_weak_only",
  "target_department": "Logistics",
  "n_support_pos": 2,
  "n_support_neg": 2,
  "inner_steps": 5,
  "status": "success",
  "was_skipped": false,
  "backfilled": true,
  "gold_auroc_mean": 0.5827326839826841,
  "gold_auroc_std": 0.20076153855145368,
  "gold_ap_mean": 0.8638674510464283,
  "gold_ap_std": 0.09355092542777818,
  "gold_logloss_mean": 1.9244704163144628,
  "gold_logloss_std": 1.847651934174001,
  "gold_brier_mean": 0.38694763158404977,
  "gold_brier_std": 0.21763697406080298,
  "gold_ece_mean": 0.4180836058101766,
  "gold_ece_std": 0.21382822294992923,
  "gold_f1_mean": 0.6405589263677499,
  "gold_f1_std": 0.29152359931131844,
  "gold_accuracy_mean": 0.5575047175047174,
  "gold_accuracy_std": 0.2288267349673394,
  "gold_pred_mean_mean": 0.6178938809855303,
  "gold_pred_mean_std": 0.3237129156793426,
  "gold_true_mean_mean": 0.7447660672660672,
  "gold_true_mean_std": 0.13033374816883825,
  "n_eval_rows_mean": 10.25,
  "n_eval_rows_std": 2.118372016431486,
  "n_positive_mean": 7.65,
  "n_positive_std": 2.1277922830953213,
  "precision_at_5_mean": 0.8,
  "precision_at_5_std": 0.2,
  "recall_at_5_mean": 0.5524296536796537,
  "recall_at_5_std": 0.17753964173773745,
  "ndcg_at_5_mean": 0.868106531848405,
  "ndcg_at_5_std": 0.14009239725272019,
  "precision_at_10_mean": 0.7277380952380951,
  "precision_at_10_std": 0.13103057429797307,
  "recall_at_10_mean": 0.9066233766233767,
  "recall_at_10_std": 0.1265516946620034,
  "ndcg_at_10_mean": 0.8983690963338441,
  "ndcg_at_10_std": 0.08719736611210283,
  "precision_at_20_mean": 0.7447660672660672,
  "precision_at_20_std": 0.13033374816883825,
  "recall_at_20_mean": 1.0,
  "recall_at_20_std": 0.0,
  "ndcg_at_20_mean": 0.9507851523933383,
  "ndcg_at_20_std": 0.03688123692380786,
  "n_metric_rows": 20,
  "n_predictions": 205
}