{
  "experiment_id": "stage2__init-A_weak_only__method-anil__kpos-2__kneg-2__steps-5__target-Logistics",
  "method": "anil",
  "init_name": "A_weak_only",
  "target_department": "Logistics",
  "n_support_pos": 2,
  "n_support_neg": 2,
  "inner_steps": 5,
  "status": "success",
  "gold_auroc_mean": 0.665232683982684,
  "gold_auroc_std": 0.19634769564160678,
  "gold_ap_mean": 0.8731234807310294,
  "gold_ap_std": 0.10561691095988542,
  "gold_logloss_mean": 1.3533926277913682,
  "gold_logloss_std": 0.8559402641297315,
  "gold_brier_mean": 0.3091289486288772,
  "gold_brier_std": 0.14092231491848975,
  "gold_ece_mean": 0.3587245482239,
  "gold_ece_std": 0.13693593944702862,
  "gold_f1_mean": 0.7480591712209359,
  "gold_f1_std": 0.19301443292588152,
  "gold_accuracy_mean": 0.6417114829614828,
  "gold_accuracy_std": 0.1671615018194568,
  "gold_pred_mean_mean": 0.785473216710956,
  "gold_pred_mean_std": 0.21916139618664002,
  "gold_true_mean_mean": 0.7447660672660672,
  "gold_true_mean_std": 0.13033374816883822,
  "n_eval_rows_mean": 10.25,
  "n_eval_rows_std": 2.118372016431486,
  "n_positive_mean": 7.65,
  "n_positive_std": 2.1277922830953213,
  "precision_at_5_mean": 0.8400000000000002,
  "precision_at_5_std": 0.17435595774162693,
  "recall_at_5_mean": 0.5755248917748916,
  "recall_at_5_std": 0.14614274084786485,
  "ndcg_at_5_mean": 0.8889462724946773,
  "ndcg_at_5_std": 0.13123786724419056,
  "precision_at_10_mean": 0.7377380952380952,
  "precision_at_10_std": 0.14667736531617528,
  "recall_at_10_mean": 0.9166233766233767,
  "recall_at_10_std": 0.1295486931209937,
  "ndcg_at_10_mean": 0.9052973479219419,
  "ndcg_at_10_std": 0.0903735843076521,
  "precision_at_20_mean": 0.7447660672660672,
  "precision_at_20_std": 0.13033374816883822,
  "recall_at_20_mean": 1.0,
  "recall_at_20_std": 0.0,
  "ndcg_at_20_mean": 0.9515740994209614,
  "ndcg_at_20_std": 0.048721196570844415,
  "n_metric_rows": 20,
  "n_predictions": 205,
  "n_episodes_diagnosed": 20,
  "collapse_rate": 0.05,
  "pred_mean_mean": 0.7854732070118189,
  "pred_std_mean": 0.19590035595465452,
  "frac_near_zero_mean": 0.05277777777777778,
  "frac_near_one_mean": 0.5157417582417583
}