{
  "experiment_id": "stage2__init-A_weak_only__method-anil__kpos-2__kneg-2__steps-5__target-Logistics",
  "method": "anil",
  "init_name": "A_weak_only",
  "target_department": "Logistics",
  "n_support_pos": 2,
  "n_support_neg": 2,
  "inner_steps": 5,
  "status": "success",
  "gold_auroc_mean": 0.6315838384843804,
  "gold_auroc_std": 0.21648209278529532,
  "gold_ap_mean": 0.7857057090285009,
  "gold_ap_std": 0.1906624387152433,
  "gold_logloss_mean": 2.661444004506446,
  "gold_logloss_std": 1.2781679757689524,
  "gold_brier_mean": 0.5162195632318939,
  "gold_brier_std": 0.1748035389487767,
  "gold_ece_mean": 0.5363490475897271,
  "gold_ece_std": 0.1767756780257621,
  "gold_f1_mean": 0.3709095314161525,
  "gold_f1_std": 0.3349052413518009,
  "gold_accuracy_mean": 0.4165640534029653,
  "gold_accuracy_std": 0.1677384550094365,
  "gold_pred_mean_mean": 0.43122617816961517,
  "gold_pred_mean_std": 0.4021706075869385,
  "gold_true_mean_mean": 0.6980093695973341,
  "gold_true_mean_std": 0.0802917532046381,
  "n_eval_rows_mean": 41.05,
  "n_eval_rows_std": 5.962172422867356,
  "n_positive_mean": 28.45,
  "n_positive_std": 4.165033013074447,
  "precision_at_5_mean": 0.75,
  "precision_at_5_std": 0.3840572873934304,
  "recall_at_5_mean": 0.13112475030259763,
  "recall_at_5_std": 0.07173713265475275,
  "ndcg_at_5_mean": 0.7611317372599131,
  "ndcg_at_5_std": 0.3860286111163647,
  "precision_at_10_mean": 0.7649999999999999,
  "precision_at_10_std": 0.3453621287865825,
  "recall_at_10_mean": 0.26870706749482737,
  "recall_at_10_std": 0.12940711854299944,
  "ndcg_at_10_mean": 0.768404471287106,
  "ndcg_at_10_std": 0.3582552257752378,
  "precision_at_20_mean": 0.7424999999999999,
  "precision_at_20_std": 0.22094965489902899,
  "recall_at_20_mean": 0.5272001402130002,
  "recall_at_20_std": 0.1592819926090764,
  "ndcg_at_20_mean": 0.7499700986134906,
  "ndcg_at_20_std": 0.2523907325815355,
  "n_metric_rows": 20,
  "n_predictions": 821,
  "n_episodes_diagnosed": 20,
  "collapse_rate": 0.35,
  "pred_mean_mean": 0.4312261721934192,
  "pred_std_mean": 0.10963010669220238,
  "frac_near_zero_mean": 0.3911028234751145,
  "frac_near_one_mean": 0.2765843916984535
}