model,gold_auroc,gold_ap,gold_logloss,gold_brier,gold_ece,gold_f1,gold_accuracy,gold_pred_mean,gold_true_mean,n_eval_rows,n_positive,precision_at_5,recall_at_5,ndcg_at_5,precision_at_10,recall_at_10,ndcg_at_10,precision_at_20,recall_at_20,ndcg_at_20,episode_idx
ANIL,,,1.9750474721841975,0.6124220632735181,0.7530172889120877,0.3333333333333333,0.2,0.2469827110879123,1.0,40,40,1.0,0.125,0.9999999999999999,1.0,0.25,1.0,1.0,0.5,0.9999999999999999,0
ANIL,,,2.0052765650659246,0.6145549037979777,0.7397952977917157,0.358974358974359,0.21875,0.2602047022082843,1.0,32,32,1.0,0.15625,0.9999999999999999,1.0,0.3125,1.0,1.0,0.625,0.9999999999999999,1
ANIL,,,1.8593866515903226,0.5798011416692663,0.7252504933392628,0.3673469387755102,0.225,0.2747495066607371,1.0,40,40,1.0,0.125,0.9999999999999999,1.0,0.25,1.0,1.0,0.5,0.9999999999999999,2
ANIL,,,2.133777902137475,0.651737455709652,0.7752267975010909,0.2702702702702703,0.15625,0.22477320249890909,1.0,32,32,1.0,0.15625,0.9999999999999999,1.0,0.3125,1.0,1.0,0.625,0.9999999999999999,3
ANIL,,,1.7089046037220816,0.5187647527360675,0.662193668462957,0.5306122448979592,0.3611111111111111,0.33780633153704304,1.0,36,36,1.0,0.1388888888888889,0.9999999999999999,1.0,0.2777777777777778,1.0,1.0,0.5555555555555556,0.9999999999999999,4
