method,episode_idx,repeat_idx,n_query,pred_mean,pred_std,pred_min,pred_max,frac_near_zero,frac_near_one,collapsed,collapse_reason
anil,0,0,40,0.24698269367218018,0.21304230391979218,0.007639693096280098,0.6992673277854919,0.2,0.0,False,
anil,1,1,32,0.2602047026157379,0.25934112071990967,0.010887102223932743,0.8408772349357605,0.28125,0.0,False,
anil,2,2,40,0.2747495174407959,0.2319759875535965,0.008693190291523933,0.7655253410339355,0.2,0.0,False,
anil,3,3,32,0.22477319836616516,0.22530172765254974,0.009745708666741848,0.7745320200920105,0.28125,0.0,False,
anil,4,4,36,0.3378063440322876,0.28330954909324646,0.011996031738817692,0.8303720951080322,0.2222222222222222,0.0,False,
