{
  "experiment_id": "stage2__init-A_weak_only__method-anil__kpos-2__kneg-2__steps-5__target-Packaging-Material__synprop-0.9__gen-smote_nc",
  "method": "anil",
  "init_name": "A_weak_only",
  "target_department": "Packaging Material",
  "n_support_pos": 2,
  "n_support_neg": 2,
  "inner_steps": 5,
  "inner_lr": 0.01,
  "meta_batch_size": 4,
  "synthetic_proportion": 0.9,
  "augmentation_method": "smote_nc",
  "target_per_class": null,
  "k_neighbors": 5,
  "status": "success",
  "gold_auroc_mean": NaN,
  "gold_auroc_std": NaN,
  "gold_ap_mean": NaN,
  "gold_ap_std": NaN,
  "gold_logloss_mean": 1.9364786389400002,
  "gold_logloss_std": 0.1434439436255171,
  "gold_brier_mean": 0.5954560634372964,
  "gold_brier_std": 0.04460233106535085,
  "gold_ece_mean": 0.7310967092014229,
  "gold_ece_std": 0.03817184620781379,
  "gold_f1_mean": 0.37210742925028645,
  "gold_f1_std": 0.08624749718250818,
  "gold_accuracy_mean": 0.23222222222222225,
  "gold_accuracy_std": 0.06878380201583136,
  "gold_pred_mean_mean": 0.26890329079857717,
  "gold_pred_mean_std": 0.0381718462078138,
  "gold_true_mean_mean": 1.0,
  "gold_true_mean_std": 0.0,
  "n_eval_rows_mean": 36.0,
  "n_eval_rows_std": 3.5777087639996634,
  "n_positive_mean": 36.0,
  "n_positive_std": 3.5777087639996634,
  "precision_at_5_mean": 1.0,
  "precision_at_5_std": 0.0,
  "recall_at_5_mean": 0.14027777777777778,
  "recall_at_5_std": 0.01399266783306242,
  "ndcg_at_5_mean": 0.9999999999999998,
  "ndcg_at_5_std": 1.1102230246251565e-16,
  "precision_at_10_mean": 1.0,
  "precision_at_10_std": 0.0,
  "recall_at_10_mean": 0.28055555555555556,
  "recall_at_10_std": 0.02798533566612484,
  "ndcg_at_10_mean": 1.0,
  "ndcg_at_10_std": 0.0,
  "precision_at_20_mean": 1.0,
  "precision_at_20_std": 0.0,
  "recall_at_20_mean": 0.5611111111111111,
  "recall_at_20_std": 0.05597067133224968,
  "ndcg_at_20_mean": 0.9999999999999998,
  "ndcg_at_20_std": 1.1102230246251565e-16,
  "n_metric_rows": 5,
  "n_predictions": 180,
  "n_episodes_diagnosed": 5,
  "collapse_rate": 0.0,
  "pred_mean_mean": 0.2689032912254333,
  "pred_std_mean": 0.2425941377878189,
  "frac_near_zero_mean": 0.23694444444444446,
  "frac_near_one_mean": 0.0
}