{
  "experiment_id": "stage2__init-C_hybrid__method-anil__kpos-1__kneg-1__steps-3__target-Packaging-Material__synprop-0.5__gen-smote_nc__tek-5",
  "method": "anil",
  "init_name": "C_hybrid",
  "target_department": "Packaging Material",
  "n_support_pos": 1,
  "n_support_neg": 1,
  "inner_steps": 3,
  "inner_lr": 0.01,
  "meta_batch_size": 4,
  "synthetic_proportion": 0.5,
  "augmentation_method": "smote_nc",
  "target_per_class": 5,
  "k_neighbors": 5,
  "status": "success",
  "augmentation_method_requested": "smote_nc",
  "augmentation_method_actual": "smote_nc",
  "target_effective_k": 5,
  "n_real_support_rows": 19.0,
  "n_synthetic_support_rows": 0.6,
  "n_effective_support_rows": 19.6,
  "n_real_support_pos": 8.0,
  "n_real_support_neg": 11.0,
  "n_synthetic_support_pos": 0.6,
  "n_synthetic_support_neg": 0.0,
  "n_query_rows": 57.0,
  "n_query_pos": 46.0,
  "n_query_neg": 11.0,
  "n_query_synthetic_rows": 0,
  "gen_fallback_used": false,
  "gen_skip_reason": null,
  "gold_auroc_mean": 0.9915635382847304,
  "gold_auroc_std": 0.004976093043913273,
  "gold_ap_mean": 0.9978881976902082,
  "gold_ap_std": 0.0013431394191743898,
  "gold_logloss_mean": 0.28277547350070636,
  "gold_logloss_std": 0.06850970518639173,
  "gold_brier_mean": 0.08187755894480775,
  "gold_brier_std": 0.02700299511606434,
  "gold_ece_mean": 0.19104734738016457,
  "gold_ece_std": 0.0439271143513588,
  "gold_f1_mean": 0.9377677886682738,
  "gold_f1_std": 0.052407450263188236,
  "gold_accuracy_mean": 0.9091768631813126,
  "gold_accuracy_std": 0.07039306787012445,
  "gold_pred_mean_mean": 0.6611578233899496,
  "gold_pred_mean_std": 0.05860441601773873,
  "gold_true_mean_mean": 0.8062888806492812,
  "gold_true_mean_std": 0.011705235633511928,
  "n_eval_rows_mean": 57.0,
  "n_eval_rows_std": 3.5496478698597698,
  "n_positive_mean": 46.0,
  "n_positive_std": 3.5496478698597698,
  "precision_at_5_mean": 1.0,
  "precision_at_5_std": 0.0,
  "recall_at_5_mean": 0.10932269988648602,
  "recall_at_5_std": 0.008130590005823422,
  "ndcg_at_5_mean": 0.9999999999999998,
  "ndcg_at_5_std": 1.1102230246251565e-16,
  "precision_at_10_mean": 1.0,
  "precision_at_10_std": 0.0,
  "recall_at_10_mean": 0.21864539977297204,
  "recall_at_10_std": 0.016261180011646843,
  "ndcg_at_10_mean": 1.0,
  "ndcg_at_10_std": 0.0,
  "precision_at_20_mean": 1.0,
  "precision_at_20_std": 0.0,
  "recall_at_20_mean": 0.4372907995459441,
  "recall_at_20_std": 0.03252236002329369,
  "ndcg_at_20_mean": 0.9999999999999998,
  "ndcg_at_20_std": 1.1102230246251565e-16,
  "n_metric_rows": 20,
  "n_predictions": 1140,
  "n_episodes_diagnosed": 20,
  "collapse_rate": 0.0,
  "pred_mean_mean": 0.6611578226089477,
  "pred_std_mean": 0.28595948964357376,
  "frac_near_zero_mean": 0.0,
  "frac_near_one_mean": 0.17942672928768588
}