{
  "experiment_id": "stage2__init-A_weak_only__method-fomaml__kpos-1__kneg-1__steps-5__target-Packaging-Material",
  "method": "fomaml",
  "init_name": "A_weak_only",
  "target_department": "Packaging Material",
  "n_support_pos": 1,
  "n_support_neg": 1,
  "inner_steps": 5,
  "inner_lr": 0.01,
  "meta_batch_size": 4,
  "synthetic_proportion": 0.0,
  "augmentation_method": "none",
  "target_per_class": null,
  "k_neighbors": 5,
  "status": "success",
  "augmentation_method_requested": "none",
  "augmentation_method_actual": "none",
  "target_effective_k": null,
  "n_real_support_rows": 19.4,
  "n_synthetic_support_rows": 0.0,
  "n_effective_support_rows": 19.4,
  "n_real_support_pos": 8.4,
  "n_real_support_neg": 11.0,
  "n_synthetic_support_pos": 0.0,
  "n_synthetic_support_neg": 0.0,
  "n_query_rows": 56.6,
  "n_query_pos": 45.6,
  "n_query_neg": 11.0,
  "n_query_synthetic_rows": 0,
  "gen_fallback_used": false,
  "gen_skip_reason": null,
  "gold_auroc_mean": 0.5201319743407236,
  "gold_auroc_std": 0.10835838764161407,
  "gold_ap_mean": 0.8219919471047661,
  "gold_ap_std": 0.04275792445800285,
  "gold_logloss_mean": 0.7100994326222387,
  "gold_logloss_std": 0.43505539661268944,
  "gold_brier_mean": 0.18934151115566267,
  "gold_brier_std": 0.005639421023982956,
  "gold_ece_mean": 0.18401038883362056,
  "gold_ece_std": 0.017865321411597426,
  "gold_f1_mean": 0.8919081939864716,
  "gold_f1_std": 0.006888778789535748,
  "gold_accuracy_mean": 0.8049746632060314,
  "gold_accuracy_std": 0.011269732973976498,
  "gold_pred_mean_mean": 0.661694704834153,
  "gold_pred_mean_std": 0.11305946332556825,
  "gold_true_mean_mean": 0.8049746632060314,
  "gold_true_mean_std": 0.011269732973976498,
  "n_eval_rows_mean": 56.6,
  "n_eval_rows_std": 3.4117444218463966,
  "n_positive_mean": 45.6,
  "n_positive_std": 3.4117444218463966,
  "precision_at_5_mean": 0.9600000000000002,
  "precision_at_5_std": 0.12000000000000002,
  "recall_at_5_mean": 0.10558352979984671,
  "recall_at_5_std": 0.014135117253692377,
  "ndcg_at_5_mean": 0.9684351547520486,
  "ndcg_at_5_std": 0.09469453574385434,
  "precision_at_10_mean": 0.8700000000000001,
  "precision_at_10_std": 0.14177446878757824,
  "recall_at_10_mean": 0.19108090539531003,
  "recall_at_10_std": 0.03124766308677256,
  "ndcg_at_10_mean": 0.9165514952581862,
  "ndcg_at_10_std": 0.11459853077769476,
  "precision_at_20_mean": 0.795,
  "precision_at_20_std": 0.15483862567202022,
  "recall_at_20_mean": 0.3475284027515014,
  "recall_at_20_std": 0.057730043721965434,
  "ndcg_at_20_mean": 0.8659696157083173,
  "ndcg_at_20_std": 0.0811100497492007,
  "n_metric_rows": 20,
  "n_predictions": 1132,
  "n_episodes_diagnosed": 20,
  "collapse_rate": 0.1,
  "pred_mean_mean": 0.6616947025060653,
  "pred_std_mean": 0.02873892390907713,
  "frac_near_zero_mean": 0.0,
  "frac_near_one_mean": 0.1
}