{
  "experiment_id": "stage2__init-C_hybrid__method-anil__kpos-1__kneg-1__steps-5__target-Logistics__synprop-0.5__gen-smote_nc__tek-5",
  "method": "anil",
  "init_name": "C_hybrid",
  "target_department": "Logistics",
  "n_support_pos": 1,
  "n_support_neg": 1,
  "inner_steps": 5,
  "inner_lr": 0.01,
  "meta_batch_size": 4,
  "synthetic_proportion": 0.5,
  "augmentation_method": "smote_nc",
  "target_per_class": 5,
  "k_neighbors": 5,
  "status": "success",
  "augmentation_method_requested": "smote_nc",
  "augmentation_method_actual": "smote_nc",
  "target_effective_k": 5,
  "n_real_support_rows": 6.55,
  "n_synthetic_support_rows": 3.45,
  "n_effective_support_rows": 10.0,
  "n_real_support_pos": 3.25,
  "n_real_support_neg": 3.3,
  "n_synthetic_support_pos": 1.75,
  "n_synthetic_support_neg": 1.7,
  "n_query_rows": 15.45,
  "n_query_pos": 9.75,
  "n_query_neg": 5.7,
  "n_query_synthetic_rows": 0,
  "gen_fallback_used": false,
  "gen_skip_reason": null,
  "gold_auroc_mean": 0.5555187289562291,
  "gold_auroc_std": 0.09078847974846009,
  "gold_ap_mean": 0.7689496069651632,
  "gold_ap_std": 0.0760096302957929,
  "gold_logloss_mean": 1.2247195691861121,
  "gold_logloss_std": 0.3109107126230771,
  "gold_brier_mean": 0.33535744232352793,
  "gold_brier_std": 0.056074091117836906,
  "gold_ece_mean": 0.38461018166617594,
  "gold_ece_std": 0.07703708943083969,
  "gold_f1_mean": 0.5509190349554127,
  "gold_f1_std": 0.14237601039767295,
  "gold_accuracy_mean": 0.5160327784960138,
  "gold_accuracy_std": 0.0777765668821831,
  "gold_pred_mean_mean": 0.4884387523413742,
  "gold_pred_mean_std": 0.18920138104319845,
  "gold_true_mean_mean": 0.6333414134884723,
  "gold_true_mean_std": 0.0642471070651101,
  "n_eval_rows_mean": 15.45,
  "n_eval_rows_std": 2.3553131426627756,
  "n_positive_mean": 9.75,
  "n_positive_std": 1.6085707942145413,
  "precision_at_5_mean": 0.73,
  "precision_at_5_std": 0.17058722109231983,
  "recall_at_5_mean": 0.386489898989899,
  "recall_at_5_std": 0.11887000967906887,
  "ndcg_at_5_mean": 0.7943352453746997,
  "ndcg_at_5_std": 0.13326157986927348,
  "precision_at_10_mean": 0.6249999999999999,
  "precision_at_10_std": 0.09937303457175894,
  "recall_at_10_mean": 0.6462121212121212,
  "recall_at_10_std": 0.07727705969237249,
  "ndcg_at_10_mean": 0.7442276080242053,
  "ndcg_at_10_std": 0.07108404898022004,
  "precision_at_20_mean": 0.6333414134884723,
  "precision_at_20_std": 0.0642471070651101,
  "recall_at_20_mean": 1.0,
  "recall_at_20_std": 0.0,
  "ndcg_at_20_mean": 0.91700020539023,
  "ndcg_at_20_std": 0.03317639071652418,
  "n_metric_rows": 20,
  "n_predictions": 309,
  "n_episodes_diagnosed": 20,
  "collapse_rate": 0.0,
  "pred_mean_mean": 0.488438768684864,
  "pred_std_mean": 0.25447106547653675,
  "frac_near_zero_mean": 0.14949557387057386,
  "frac_near_one_mean": 0.03764705882352941
}