{
  "experiment_id": "stage2__init-C_hybrid__method-anil__kpos-1__kneg-1__steps-3__target-Logistics__synprop-0__gen-none",
  "method": "anil",
  "init_name": "C_hybrid",
  "target_department": "Logistics",
  "n_support_pos": 1,
  "n_support_neg": 1,
  "inner_steps": 3,
  "inner_lr": 0.01,
  "meta_batch_size": 4,
  "synthetic_proportion": 0.0,
  "augmentation_method": "none",
  "target_per_class": null,
  "k_neighbors": 5,
  "status": "success",
  "augmentation_method_requested": "none",
  "augmentation_method_actual": "none",
  "target_effective_k": null,
  "n_real_support_rows": 5.6,
  "n_synthetic_support_rows": 0.0,
  "n_effective_support_rows": 5.6,
  "n_real_support_pos": 2.7,
  "n_real_support_neg": 2.9,
  "n_synthetic_support_pos": 0.0,
  "n_synthetic_support_neg": 0.0,
  "n_query_rows": 16.4,
  "n_query_pos": 10.3,
  "n_query_neg": 6.1,
  "n_query_synthetic_rows": 0,
  "gen_fallback_used": false,
  "gen_skip_reason": null,
  "gold_auroc_mean": 0.559190867003367,
  "gold_auroc_std": 0.09808204163702954,
  "gold_ap_mean": 0.7722091537371905,
  "gold_ap_std": 0.08923255063651221,
  "gold_logloss_mean": 1.2563619689004135,
  "gold_logloss_std": 0.3235640740123632,
  "gold_brier_mean": 0.36676757155763706,
  "gold_brier_std": 0.06718427012757908,
  "gold_ece_mean": 0.40854753185051906,
  "gold_ece_std": 0.09634899397442179,
  "gold_f1_mean": 0.5492743271221532,
  "gold_f1_std": 0.14067818559216685,
  "gold_accuracy_mean": 0.4950087416883083,
  "gold_accuracy_std": 0.08498325397994484,
  "gold_pred_mean_mean": 0.5350354055277915,
  "gold_pred_mean_std": 0.21003288955105529,
  "gold_true_mean_mean": 0.6308672132820738,
  "gold_true_mean_std": 0.08684602687553226,
  "n_eval_rows_mean": 16.4,
  "n_eval_rows_std": 1.8814887722226776,
  "n_positive_mean": 10.3,
  "n_positive_std": 1.5524174696260027,
  "precision_at_5_mean": 0.76,
  "precision_at_5_std": 0.17435595774162696,
  "recall_at_5_mean": 0.3734217171717172,
  "recall_at_5_std": 0.08221420535675454,
  "ndcg_at_5_mean": 0.8190290971537026,
  "ndcg_at_5_std": 0.1306409317484117,
  "precision_at_10_mean": 0.6599999999999999,
  "precision_at_10_std": 0.10677078252031313,
  "recall_at_10_mean": 0.6433080808080808,
  "recall_at_10_std": 0.06937726318820128,
  "ndcg_at_10_mean": 0.7582448254872686,
  "ndcg_at_10_std": 0.07962168156686034,
  "precision_at_20_mean": 0.6308672132820738,
  "precision_at_20_std": 0.08684602687553226,
  "recall_at_20_mean": 1.0,
  "recall_at_20_std": 0.0,
  "ndcg_at_20_mean": 0.9197547265280189,
  "ndcg_at_20_std": 0.03833655133196437,
  "n_metric_rows": 20,
  "n_predictions": 328,
  "n_episodes_diagnosed": 20,
  "collapse_rate": 0.0,
  "pred_mean_mean": 0.535035403072834,
  "pred_std_mean": 0.24380226321518422,
  "frac_near_zero_mean": 0.10250179559003088,
  "frac_near_one_mean": 0.07796052631578947
}