method,episode_idx,repeat_idx,n_query,pred_mean,pred_std,pred_min,pred_max,frac_near_zero,frac_near_one,collapsed,collapse_reason
anil,0,0,17,0.5583698749542236,0.2981027066707611,0.010981332510709763,0.9412103891372681,0.058823529411764705,0.0,False,
anil,1,1,16,0.3454439640045166,0.253324031829834,0.0011020142119377851,0.7718990445137024,0.25,0.0,False,
anil,2,2,17,0.739931583404541,0.19817426800727844,0.3250313103199005,0.941668689250946,0.0,0.0,False,
anil,3,3,16,0.21900150179862976,0.19935253262519836,0.00045454464270733297,0.6734447479248047,0.25,0.0,False,
anil,4,4,20,0.5517863035202026,0.3139497935771942,0.00456279469653964,0.9199938774108887,0.1,0.0,False,
