{
  "experiment_id": "stage2__init-C_hybrid__method-anil__kpos-1__kneg-1__steps-3__target-Logistics__synprop-0.9__gen-smote_nc",
  "method": "anil",
  "init_name": "C_hybrid",
  "target_department": "Logistics",
  "n_support_pos": 1,
  "n_support_neg": 1,
  "inner_steps": 3,
  "inner_lr": 0.01,
  "meta_batch_size": 4,
  "synthetic_proportion": 0.9,
  "augmentation_method": "smote_nc",
  "target_per_class": null,
  "k_neighbors": 5,
  "status": "success",
  "gold_auroc_mean": 0.5707070707070707,
  "gold_auroc_std": 0.07140706892814523,
  "gold_ap_mean": 0.7889930651589813,
  "gold_ap_std": 0.09732263063629797,
  "gold_logloss_mean": 1.2608145175925671,
  "gold_logloss_std": 0.394057754778218,
  "gold_brier_mean": 0.3576143496604011,
  "gold_brier_std": 0.07406367170388678,
  "gold_ece_mean": 0.42742093759770794,
  "gold_ece_std": 0.11287093290273974,
  "gold_f1_mean": 0.5091428571428571,
  "gold_f1_std": 0.15716259616286904,
  "gold_accuracy_mean": 0.4725,
  "gold_accuracy_std": 0.08224467673479588,
  "gold_pred_mean_mean": 0.4829066536584758,
  "gold_pred_mean_std": 0.18168261476508252,
  "gold_true_mean_mean": 0.6552941176470588,
  "gold_true_mean_std": 0.08591860636914002,
  "n_eval_rows_mean": 17.2,
  "n_eval_rows_std": 1.469693845669907,
  "n_positive_mean": 11.2,
  "n_positive_std": 1.1661903789690602,
  "precision_at_5_mean": 0.76,
  "precision_at_5_std": 0.19595917942265426,
  "recall_at_5_mean": 0.3378787878787879,
  "recall_at_5_std": 0.06986146595999095,
  "ndcg_at_5_mean": 0.8259609385620778,
  "ndcg_at_5_std": 0.1427915109915001,
  "precision_at_10_mean": 0.7,
  "precision_at_10_std": 0.10954451150103323,
  "recall_at_10_mean": 0.6217171717171717,
  "recall_at_10_std": 0.044958006230844186,
  "ndcg_at_10_mean": 0.7727061988311872,
  "ndcg_at_10_std": 0.0833469506690799,
  "precision_at_20_mean": 0.6552941176470588,
  "precision_at_20_std": 0.08591860636914002,
  "recall_at_20_mean": 1.0,
  "recall_at_20_std": 0.0,
  "ndcg_at_20_mean": 0.9275968298846404,
  "ndcg_at_20_std": 0.041202327223872466,
  "n_metric_rows": 5,
  "n_predictions": 86,
  "n_episodes_diagnosed": 5,
  "collapse_rate": 0.0,
  "pred_mean_mean": 0.4829066455364227,
  "pred_std_mean": 0.25258066654205324,
  "frac_near_zero_mean": 0.13176470588235295,
  "frac_near_one_mean": 0.0
}