{
  "experiment_id": "stage2__init-C_hybrid__method-anil__kpos-1__kneg-1__steps-3__target-Packaging-Material__synprop-0.5__gen-smote_nc",
  "method": "anil",
  "init_name": "C_hybrid",
  "target_department": "Packaging Material",
  "n_support_pos": 1,
  "n_support_neg": 1,
  "inner_steps": 3,
  "inner_lr": 0.01,
  "meta_batch_size": 4,
  "synthetic_proportion": 0.5,
  "augmentation_method": "smote_nc",
  "target_per_class": null,
  "k_neighbors": 5,
  "status": "success",
  "augmentation_method_requested": "smote_nc",
  "augmentation_method_actual": "smote_nc",
  "target_effective_k": null,
  "n_real_support_rows": 19.0,
  "n_synthetic_support_rows": 19.0,
  "n_effective_support_rows": 38.0,
  "n_real_support_pos": 8.0,
  "n_real_support_neg": 11.0,
  "n_synthetic_support_pos": 8.0,
  "n_synthetic_support_neg": 11.0,
  "n_query_rows": 57.0,
  "n_query_pos": 46.0,
  "n_query_neg": 11.0,
  "n_query_synthetic_rows": 0,
  "gen_fallback_used": false,
  "gen_skip_reason": null,
  "gold_auroc_mean": 0.9896906016241231,
  "gold_auroc_std": 0.007802058082928271,
  "gold_ap_mean": 0.997371636141866,
  "gold_ap_std": 0.0021324552228711847,
  "gold_logloss_mean": 0.2950768715235682,
  "gold_logloss_std": 0.06157315882704677,
  "gold_brier_mean": 0.08751981430870773,
  "gold_brier_std": 0.02355823279369882,
  "gold_ece_mean": 0.19455345851358344,
  "gold_ece_std": 0.04789733504388459,
  "gold_f1_mean": 0.9187792915705446,
  "gold_f1_std": 0.04753935975849598,
  "gold_accuracy_mean": 0.8807419766819098,
  "gold_accuracy_std": 0.06291239327718902,
  "gold_pred_mean_mean": 0.6525083465658785,
  "gold_pred_mean_std": 0.05660949405059784,
  "gold_true_mean_mean": 0.8062888806492812,
  "gold_true_mean_std": 0.011705235633511928,
  "n_eval_rows_mean": 57.0,
  "n_eval_rows_std": 3.5496478698597698,
  "n_positive_mean": 46.0,
  "n_positive_std": 3.5496478698597698,
  "precision_at_5_mean": 1.0,
  "precision_at_5_std": 0.0,
  "recall_at_5_mean": 0.10932269988648602,
  "recall_at_5_std": 0.008130590005823422,
  "ndcg_at_5_mean": 0.9999999999999998,
  "ndcg_at_5_std": 1.1102230246251565e-16,
  "precision_at_10_mean": 1.0,
  "precision_at_10_std": 0.0,
  "recall_at_10_mean": 0.21864539977297204,
  "recall_at_10_std": 0.016261180011646843,
  "ndcg_at_10_mean": 1.0,
  "ndcg_at_10_std": 0.0,
  "precision_at_20_mean": 1.0,
  "precision_at_20_std": 0.0,
  "recall_at_20_mean": 0.4372907995459441,
  "recall_at_20_std": 0.03252236002329369,
  "ndcg_at_20_mean": 0.9999999999999998,
  "ndcg_at_20_std": 1.1102230246251565e-16,
  "n_metric_rows": 20,
  "n_predictions": 1140,
  "n_episodes_diagnosed": 20,
  "collapse_rate": 0.0,
  "pred_mean_mean": 0.6525083631277084,
  "pred_std_mean": 0.2886693701148033,
  "frac_near_zero_mean": 0.0026583034647550776,
  "frac_near_one_mean": 0.17829687306884193
}