{
  "experiment_id": "stage2__init-A_weak_only__method-maml__kpos-2__kneg-2__steps-1__target-Logistics__lr-0.005",
  "method": "maml",
  "init_name": "A_weak_only",
  "target_department": "Logistics",
  "n_support_pos": 2,
  "n_support_neg": 2,
  "inner_steps": 1,
  "inner_lr": 0.005,
  "meta_batch_size": 4,
  "status": "success",
  "gold_auroc_mean": 0.323733427835319,
  "gold_auroc_std": 0.16413118965353107,
  "gold_ap_mean": 0.6410601497889996,
  "gold_ap_std": 0.11045108424762635,
  "gold_logloss_mean": 1.2901431586473622,
  "gold_logloss_std": 0.6745610059512364,
  "gold_brier_mean": 0.3377578164828978,
  "gold_brier_std": 0.14968395976925186,
  "gold_ece_mean": 0.30059111669840666,
  "gold_ece_std": 0.20183555340894496,
  "gold_f1_mean": 0.6461330453073887,
  "gold_f1_std": 0.3267625685139755,
  "gold_accuracy_mean": 0.5914718822619743,
  "gold_accuracy_std": 0.1930993807252101,
  "gold_pred_mean_mean": 0.7390314017768554,
  "gold_pred_mean_std": 0.31240030824236964,
  "gold_true_mean_mean": 0.6980093695973341,
  "gold_true_mean_std": 0.0802917532046381,
  "n_eval_rows_mean": 41.05,
  "n_eval_rows_std": 5.962172422867356,
  "n_positive_mean": 28.45,
  "n_positive_std": 4.165033013074447,
  "precision_at_5_mean": 0.57,
  "precision_at_5_std": 0.1705872210923198,
  "recall_at_5_mean": 0.10509950575481988,
  "recall_at_5_std": 0.0435873661825749,
  "ndcg_at_5_mean": 0.5991653486891096,
  "ndcg_at_5_std": 0.18494107742111962,
  "precision_at_10_mean": 0.5200000000000001,
  "precision_at_10_std": 0.16,
  "recall_at_10_mean": 0.19006622961635955,
  "recall_at_10_std": 0.07722435111310916,
  "ndcg_at_10_mean": 0.5555346363118054,
  "ndcg_at_10_std": 0.15295556092823415,
  "precision_at_20_mean": 0.545,
  "precision_at_20_std": 0.20910523666326483,
  "recall_at_20_mean": 0.3908324916536543,
  "recall_at_20_std": 0.16826178669401623,
  "ndcg_at_20_mean": 0.5599153238824559,
  "ndcg_at_20_std": 0.15962407171936777,
  "n_metric_rows": 20,
  "n_predictions": 821,
  "n_episodes_diagnosed": 20,
  "collapse_rate": 0.5,
  "pred_mean_mean": 0.7390314321964979,
  "pred_std_mean": 0.014723829341892269,
  "frac_near_zero_mean": 0.0,
  "frac_near_one_mean": 0.3605587808417997
}