{
  "experiment_id": "stage2__init-C_hybrid__method-anil__kpos-2__kneg-2__steps-3__target-Logistics__synprop-0__gen-none",
  "method": "anil",
  "init_name": "C_hybrid",
  "target_department": "Logistics",
  "n_support_pos": 2,
  "n_support_neg": 2,
  "inner_steps": 3,
  "inner_lr": 0.01,
  "meta_batch_size": 4,
  "synthetic_proportion": 0.0,
  "augmentation_method": "none",
  "target_per_class": null,
  "k_neighbors": 5,
  "status": "success",
  "augmentation_method_requested": "none",
  "augmentation_method_actual": "none",
  "target_effective_k": null,
  "n_real_support_rows": 11.75,
  "n_synthetic_support_rows": 0.0,
  "n_effective_support_rows": 11.75,
  "n_real_support_pos": 5.35,
  "n_real_support_neg": 6.4,
  "n_synthetic_support_pos": 0.0,
  "n_synthetic_support_neg": 0.0,
  "n_query_rows": 10.25,
  "n_query_pos": 7.65,
  "n_query_neg": 2.6,
  "n_query_synthetic_rows": 0,
  "gen_fallback_used": false,
  "gen_skip_reason": null,
  "gold_auroc_mean": 0.5891991341991342,
  "gold_auroc_std": 0.1616030840475319,
  "gold_ap_mean": 0.8654951437901925,
  "gold_ap_std": 0.11130480964172691,
  "gold_logloss_mean": 0.9522021327754653,
  "gold_logloss_std": 0.33089993624921893,
  "gold_brier_mean": 0.3152804696741215,
  "gold_brier_std": 0.09091865222644445,
  "gold_ece_mean": 0.40300205792787275,
  "gold_ece_std": 0.08457174006403805,
  "gold_f1_mean": 0.6901083969350222,
  "gold_f1_std": 0.08877405617634536,
  "gold_accuracy_mean": 0.5363489288489289,
  "gold_accuracy_std": 0.09753171846209549,
  "gold_pred_mean_mean": 0.6778434141811717,
  "gold_pred_mean_std": 0.12876602210537938,
  "gold_true_mean_mean": 0.7447660672660672,
  "gold_true_mean_std": 0.13033374816883822,
  "n_eval_rows_mean": 10.25,
  "n_eval_rows_std": 2.118372016431486,
  "n_positive_mean": 7.65,
  "n_positive_std": 2.1277922830953213,
  "precision_at_5_mean": 0.8300000000000001,
  "precision_at_5_std": 0.1819340539866025,
  "recall_at_5_mean": 0.5596320346320345,
  "recall_at_5_std": 0.12049003183964183,
  "ndcg_at_5_mean": 0.87708454759197,
  "ndcg_at_5_std": 0.14056418230539838,
  "precision_at_10_mean": 0.7377380952380952,
  "precision_at_10_std": 0.13234141262694282,
  "recall_at_10_mean": 0.9166233766233767,
  "recall_at_10_std": 0.113061328001034,
  "ndcg_at_10_mean": 0.9005999720197446,
  "ndcg_at_10_std": 0.07583617411572917,
  "precision_at_20_mean": 0.7447660672660672,
  "precision_at_20_std": 0.13033374816883822,
  "recall_at_20_mean": 1.0,
  "recall_at_20_std": 0.0,
  "ndcg_at_20_mean": 0.9468859117084512,
  "ndcg_at_20_std": 0.05684907722691936,
  "n_metric_rows": 20,
  "n_predictions": 205,
  "n_episodes_diagnosed": 20,
  "collapse_rate": 0.0,
  "pred_mean_mean": 0.6778434112668037,
  "pred_std_mean": 0.22902471870183944,
  "frac_near_zero_mean": 0.035138888888888886,
  "frac_near_one_mean": 0.06812770562770562
}