{
  "experiment_id": "stage2__init-C_hybrid__method-anil__kpos-1__kneg-1__steps-3__target-Packaging-Material__synprop-0__gen-none",
  "method": "anil",
  "init_name": "C_hybrid",
  "target_department": "Packaging Material",
  "n_support_pos": 1,
  "n_support_neg": 1,
  "inner_steps": 3,
  "inner_lr": 0.01,
  "meta_batch_size": 4,
  "synthetic_proportion": 0.0,
  "augmentation_method": "none",
  "target_per_class": null,
  "k_neighbors": 5,
  "status": "success",
  "augmentation_method_requested": "none",
  "augmentation_method_actual": "none",
  "target_effective_k": null,
  "n_real_support_rows": 19.4,
  "n_synthetic_support_rows": 0.0,
  "n_effective_support_rows": 19.4,
  "n_real_support_pos": 8.4,
  "n_real_support_neg": 11.0,
  "n_synthetic_support_pos": 0.0,
  "n_synthetic_support_neg": 0.0,
  "n_query_rows": 56.6,
  "n_query_pos": 45.6,
  "n_query_neg": 11.0,
  "n_query_synthetic_rows": 0,
  "gen_fallback_used": false,
  "gen_skip_reason": null,
  "gold_auroc_mean": 0.9899040026248456,
  "gold_auroc_std": 0.006821580072906048,
  "gold_ap_mean": 0.9974319120509494,
  "gold_ap_std": 0.0018186393541693923,
  "gold_logloss_mean": 0.2791947950700478,
  "gold_logloss_std": 0.04939689297839309,
  "gold_brier_mean": 0.0816536745681356,
  "gold_brier_std": 0.018980820407555856,
  "gold_ece_mean": 0.18265330516176306,
  "gold_ece_std": 0.040818357499505895,
  "gold_f1_mean": 0.9328589570690712,
  "gold_f1_std": 0.035699860499995476,
  "gold_accuracy_mean": 0.8993202323569399,
  "gold_accuracy_std": 0.04712497453287046,
  "gold_pred_mean_mean": 0.6637160765601584,
  "gold_pred_mean_std": 0.043955814137574226,
  "gold_true_mean_mean": 0.8049746632060314,
  "gold_true_mean_std": 0.011269732973976498,
  "n_eval_rows_mean": 56.6,
  "n_eval_rows_std": 3.4117444218463966,
  "n_positive_mean": 45.6,
  "n_positive_std": 3.4117444218463966,
  "precision_at_5_mean": 1.0,
  "precision_at_5_std": 0.0,
  "recall_at_5_mean": 0.11023469259054439,
  "recall_at_5_std": 0.007831249355099885,
  "ndcg_at_5_mean": 0.9999999999999998,
  "ndcg_at_5_std": 1.1102230246251565e-16,
  "precision_at_10_mean": 1.0,
  "precision_at_10_std": 0.0,
  "recall_at_10_mean": 0.22046938518108877,
  "recall_at_10_std": 0.01566249871019977,
  "ndcg_at_10_mean": 1.0,
  "ndcg_at_10_std": 0.0,
  "precision_at_20_mean": 1.0,
  "precision_at_20_std": 0.0,
  "recall_at_20_mean": 0.44093877036217755,
  "recall_at_20_std": 0.03132499742039954,
  "ndcg_at_20_mean": 0.9999999999999998,
  "ndcg_at_20_std": 1.1102230246251565e-16,
  "n_metric_rows": 20,
  "n_predictions": 1132,
  "n_episodes_diagnosed": 20,
  "collapse_rate": 0.0,
  "pred_mean_mean": 0.6637160778045654,
  "pred_std_mean": 0.2925164982676506,
  "frac_near_zero_mean": 0.0,
  "frac_near_one_mean": 0.19746735055411363
}