{
  "experiment_id": "stage2__init-C_hybrid__method-fomaml__kpos-1__kneg-1__steps-3__target-Packaging-Material",
  "method": "fomaml",
  "init_name": "C_hybrid",
  "target_department": "Packaging Material",
  "n_support_pos": 1,
  "n_support_neg": 1,
  "inner_steps": 3,
  "inner_lr": 0.01,
  "meta_batch_size": 4,
  "synthetic_proportion": 0.0,
  "augmentation_method": "none",
  "target_per_class": null,
  "k_neighbors": 5,
  "status": "success",
  "augmentation_method_requested": "none",
  "augmentation_method_actual": "none",
  "target_effective_k": null,
  "n_real_support_rows": 19.4,
  "n_synthetic_support_rows": 0.0,
  "n_effective_support_rows": 19.4,
  "n_real_support_pos": 8.4,
  "n_real_support_neg": 11.0,
  "n_synthetic_support_pos": 0.0,
  "n_synthetic_support_neg": 0.0,
  "n_query_rows": 56.6,
  "n_query_pos": 45.6,
  "n_query_neg": 11.0,
  "n_query_synthetic_rows": 0,
  "gen_fallback_used": false,
  "gen_skip_reason": null,
  "gold_auroc_mean": 0.46690879896558507,
  "gold_auroc_std": 0.19048115770451723,
  "gold_ap_mean": 0.8123441269841896,
  "gold_ap_std": 0.07404800144385552,
  "gold_logloss_mean": 0.980918923965409,
  "gold_logloss_std": 0.8837035539171357,
  "gold_brier_mean": 0.2497279280710515,
  "gold_brier_std": 0.17633724610954213,
  "gold_ece_mean": 0.23901015380390725,
  "gold_ece_std": 0.1823173087485868,
  "gold_f1_mean": 0.7964359214136836,
  "gold_f1_std": 0.2657103261604334,
  "gold_accuracy_mean": 0.7347958637168872,
  "gold_accuracy_std": 0.17794061298744396,
  "gold_pred_mean_mean": 0.6385017002101719,
  "gold_pred_mean_std": 0.25563025175930093,
  "gold_true_mean_mean": 0.8049746632060314,
  "gold_true_mean_std": 0.011269732973976498,
  "n_eval_rows_mean": 56.6,
  "n_eval_rows_std": 3.4117444218463966,
  "n_positive_mean": 45.6,
  "n_positive_std": 3.4117444218463966,
  "precision_at_5_mean": 0.8400000000000002,
  "precision_at_5_std": 0.16248076809271922,
  "recall_at_5_mean": 0.09163004142775368,
  "recall_at_5_std": 0.01390579416137908,
  "ndcg_at_5_mean": 0.895238737740554,
  "ndcg_at_5_std": 0.11326700391097755,
  "precision_at_10_mean": 0.825,
  "precision_at_10_std": 0.15771810295587504,
  "recall_at_10_mean": 0.18091267184756138,
  "recall_at_10_std": 0.033417574229456945,
  "ndcg_at_10_mean": 0.8228098538306214,
  "ndcg_at_10_std": 0.12621866771905357,
  "precision_at_20_mean": 0.7499999999999999,
  "precision_at_20_std": 0.12041594578792296,
  "recall_at_20_mean": 0.32881217801321416,
  "recall_at_20_std": 0.047652985676959164,
  "ndcg_at_20_mean": 0.8048374763625109,
  "ndcg_at_20_std": 0.08996301204203748,
  "n_metric_rows": 20,
  "n_predictions": 1132,
  "n_episodes_diagnosed": 20,
  "collapse_rate": 0.4,
  "pred_mean_mean": 0.6385017049498856,
  "pred_std_mean": 0.022041639045346527,
  "frac_near_zero_mean": 0.1,
  "frac_near_one_mean": 0.2
}