{
  "experiment_id": "stage2__init-A_weak_only__method-anil__kpos-2__kneg-2__steps-3__target-Logistics__synprop-0__gen-none",
  "method": "anil",
  "init_name": "A_weak_only",
  "target_department": "Logistics",
  "n_support_pos": 2,
  "n_support_neg": 2,
  "inner_steps": 3,
  "inner_lr": 0.01,
  "meta_batch_size": 4,
  "synthetic_proportion": 0.0,
  "augmentation_method": "none",
  "target_per_class": null,
  "k_neighbors": 5,
  "status": "success",
  "augmentation_method_requested": "none",
  "augmentation_method_actual": "none",
  "target_effective_k": null,
  "n_real_support_rows": 11.75,
  "n_synthetic_support_rows": 0.0,
  "n_effective_support_rows": 11.75,
  "n_real_support_pos": 5.35,
  "n_real_support_neg": 6.4,
  "n_synthetic_support_pos": 0.0,
  "n_synthetic_support_neg": 0.0,
  "n_query_rows": 10.25,
  "n_query_pos": 7.65,
  "n_query_neg": 2.6,
  "n_query_synthetic_rows": 0,
  "gen_fallback_used": false,
  "gen_skip_reason": null,
  "gold_auroc_mean": 0.37488636363636363,
  "gold_auroc_std": 0.15051832914481691,
  "gold_ap_mean": 0.7952448904060104,
  "gold_ap_std": 0.09709780260568028,
  "gold_logloss_mean": 0.8417381101918838,
  "gold_logloss_std": 0.24629651766085245,
  "gold_brier_mean": 0.31489627893452105,
  "gold_brier_std": 0.10459923389859865,
  "gold_ece_mean": 0.36732723909299636,
  "gold_ece_std": 0.18710993963909828,
  "gold_f1_mean": 0.50410935469759,
  "gold_f1_std": 0.251302968246225,
  "gold_accuracy_mean": 0.4283101620601621,
  "gold_accuracy_std": 0.1965988589198934,
  "gold_pred_mean_mean": 0.4845028028425992,
  "gold_pred_mean_std": 0.14670070884942754,
  "gold_true_mean_mean": 0.7447660672660672,
  "gold_true_mean_std": 0.13033374816883822,
  "n_eval_rows_mean": 10.25,
  "n_eval_rows_std": 2.118372016431486,
  "n_positive_mean": 7.65,
  "n_positive_std": 2.1277922830953213,
  "precision_at_5_mean": 0.6599999999999999,
  "precision_at_5_std": 0.11135528725660046,
  "recall_at_5_mean": 0.4705627705627706,
  "recall_at_5_std": 0.1767566315717606,
  "ndcg_at_5_mean": 0.7391146339341658,
  "ndcg_at_5_std": 0.12597295703695632,
  "precision_at_10_mean": 0.7327380952380952,
  "precision_at_10_std": 0.12396221379305748,
  "recall_at_10_mean": 0.9137662337662338,
  "recall_at_10_std": 0.11931906086786362,
  "ndcg_at_10_mean": 0.8619110112532121,
  "ndcg_at_10_std": 0.09406795349513922,
  "precision_at_20_mean": 0.7447660672660672,
  "precision_at_20_std": 0.13033374816883822,
  "recall_at_20_mean": 1.0,
  "recall_at_20_std": 0.0,
  "ndcg_at_20_mean": 0.9105758501335309,
  "ndcg_at_20_std": 0.07027173701435556,
  "n_metric_rows": 20,
  "n_predictions": 205,
  "n_episodes_diagnosed": 20,
  "collapse_rate": 0.0,
  "pred_mean_mean": 0.48450279608368874,
  "pred_std_mean": 0.09794826954603195,
  "frac_near_zero_mean": 0.0,
  "frac_near_one_mean": 0.0
}