model,gold_auroc,gold_ap,gold_logloss,gold_brier,gold_ece,gold_f1,gold_accuracy,gold_pred_mean,gold_true_mean,n_eval_rows,n_positive,precision_at_5,recall_at_5,ndcg_at_5,precision_at_10,recall_at_10,ndcg_at_10,precision_at_20,recall_at_20,ndcg_at_20,episode_idx
ANIL,0.5,0.8225806451612904,15.152495452444693,0.8225806287096772,0.8225806351612903,0.0,0.1774193548387097,1e-08,0.8225806451612904,62,51,1.0,0.09803921568627451,0.8225806451612901,1.0,0.19607843137254902,0.8225806451612904,0.6,0.23529411764705882,0.8225806451612904,0
ANIL,0.40803382663847776,0.8160814413237969,7.82565093667746,0.7962101014985334,0.7962424353345003,0.0,0.2037037037037037,5.386096179588801e-05,0.7962962962962963,54,43,1.0,0.11627906976744186,0.9999999999999999,0.9,0.20930232558139536,0.9363792118010483,0.75,0.3488372093023256,0.8188872586325757,1
ANIL,0.6828752642706131,0.9175918272988275,8.024099423292292,0.7962291144806982,0.7962544226570403,0.0,0.2037037037037037,4.187363925599062e-05,0.7962962962962963,54,43,1.0,0.11627906976744186,0.9999999999999999,1.0,0.23255813953488372,1.0,1.0,0.46511627906976744,0.9999999999999999,2
ANIL,0.5,0.8103448275862069,14.927103363375197,0.8103448113793102,0.8103448175862068,0.0,0.1896551724137931,9.999999999999999e-09,0.8103448275862069,58,47,1.0,0.10638297872340426,0.8103448275862067,1.0,0.2127659574468085,0.8103448275862069,0.85,0.3617021276595745,0.8103448275862069,3
ANIL,0.40803382663847776,0.8160814413237969,7.82565093667746,0.7962101014985334,0.7962424353345003,0.0,0.2037037037037037,5.386096179588801e-05,0.7962962962962963,54,43,1.0,0.11627906976744186,0.9999999999999999,0.9,0.20930232558139536,0.9363792118010483,0.75,0.3488372093023256,0.8188872586325757,4
