{
  "experiment_id": "stage2__init-random__method-anil__kpos-1__kneg-1__steps-5__target-Packaging-Material__synprop-0.5__gen-smote_nc",
  "method": "anil",
  "init_name": "random",
  "target_department": "Packaging Material",
  "n_support_pos": 1,
  "n_support_neg": 1,
  "inner_steps": 5,
  "inner_lr": 0.01,
  "meta_batch_size": 4,
  "synthetic_proportion": 0.5,
  "augmentation_method": "smote_nc",
  "target_per_class": null,
  "k_neighbors": 5,
  "status": "success",
  "gold_auroc_mean": 0.4997885835095137,
  "gold_auroc_std": 0.10035805187717371,
  "gold_ap_mean": 0.8365360365387836,
  "gold_ap_std": 0.04071253988994172,
  "gold_logloss_mean": 10.75100002249342,
  "gold_logloss_std": 3.5032648361006884,
  "gold_brier_mean": 0.8043149515133503,
  "gold_brier_std": 0.010646615626456062,
  "gold_ece_mean": 0.8043329492147077,
  "gold_ece_std": 0.01063293021472382,
  "gold_f1_mean": 0.0,
  "gold_f1_std": 0.0,
  "gold_accuracy_mean": 0.19563712767272276,
  "gold_accuracy_std": 0.010610183620864713,
  "gold_pred_mean_mean": 2.9923112569553327e-05,
  "gold_pred_mean_std": 2.4813081011620675e-05,
  "gold_true_mean_mean": 0.8043628723272771,
  "gold_true_mean_std": 0.01061018362086474,
  "n_eval_rows_mean": 56.4,
  "n_eval_rows_std": 3.1999999999999997,
  "n_positive_mean": 45.4,
  "n_positive_std": 3.1999999999999997,
  "precision_at_5_mean": 1.0,
  "precision_at_5_std": 0.0,
  "recall_at_5_mean": 0.11065188074240087,
  "recall_at_5_std": 0.007379683099381025,
  "ndcg_at_5_mean": 0.9265850945494993,
  "ndcg_at_5_std": 0.08999774461969577,
  "precision_at_10_mean": 0.96,
  "precision_at_10_std": 0.04898979485566354,
  "recall_at_10_mean": 0.21200143590340637,
  "recall_at_10_std": 0.011758188837854209,
  "ndcg_at_10_mean": 0.9011367792699188,
  "ndcg_at_10_std": 0.07303730445625371,
  "precision_at_20_mean": 0.79,
  "precision_at_20_std": 0.1319090595827292,
  "recall_at_20_mean": 0.35195738859621034,
  "recall_at_20_std": 0.07284186194603576,
  "ndcg_at_20_mean": 0.8541399980025297,
  "ndcg_at_20_std": 0.07304062041415915,
  "n_metric_rows": 5,
  "n_predictions": 282,
  "n_episodes_diagnosed": 5,
  "collapse_rate": 1.0,
  "pred_mean_mean": 2.991911314893514e-05,
  "pred_std_mean": 2.380321029704646e-06,
  "frac_near_zero_mean": 1.0,
  "frac_near_one_mean": 0.0
}