{
  "experiment_id": "stage2__init-A_weak_only__method-fomaml__kpos-2__kneg-2__steps-5__target-Logistics__lr-0.001",
  "method": "fomaml",
  "init_name": "A_weak_only",
  "target_department": "Logistics",
  "n_support_pos": 2,
  "n_support_neg": 2,
  "inner_steps": 5,
  "inner_lr": 0.001,
  "meta_batch_size": 4,
  "status": "success",
  "gold_auroc_mean": 0.44343458997175755,
  "gold_auroc_std": 0.11162222600632506,
  "gold_ap_mean": 0.6988928470906723,
  "gold_ap_std": 0.09597930262758333,
  "gold_logloss_mean": 0.6898713956254696,
  "gold_logloss_std": 0.05649527705150129,
  "gold_brier_mean": 0.24542053063774674,
  "gold_brier_std": 0.01951772300160866,
  "gold_ece_mean": 0.2001429508471549,
  "gold_ece_std": 0.07403328420779888,
  "gold_f1_mean": 0.8194826328020062,
  "gold_f1_std": 0.05644808478221971,
  "gold_accuracy_mean": 0.6980093695973341,
  "gold_accuracy_std": 0.0802917532046381,
  "gold_pred_mean_mean": 0.5748055813676675,
  "gold_pred_mean_std": 0.07883079332528993,
  "gold_true_mean_mean": 0.6980093695973341,
  "gold_true_mean_std": 0.0802917532046381,
  "n_eval_rows_mean": 41.05,
  "n_eval_rows_std": 5.962172422867356,
  "n_positive_mean": 28.45,
  "n_positive_std": 4.165033013074447,
  "precision_at_5_mean": 0.72,
  "precision_at_5_std": 0.16,
  "recall_at_5_mean": 0.1293063320118328,
  "recall_at_5_std": 0.03397830471779573,
  "ndcg_at_5_mean": 0.7562975222518691,
  "ndcg_at_5_std": 0.07508598826892407,
  "precision_at_10_mean": 0.67,
  "precision_at_10_std": 0.24919871588754222,
  "recall_at_10_mean": 0.23708855519707556,
  "recall_at_10_std": 0.08788201525265199,
  "ndcg_at_10_mean": 0.6905501714250765,
  "ndcg_at_10_std": 0.11920606704960823,
  "precision_at_20_mean": 0.725,
  "precision_at_20_std": 0.22776083947860745,
  "recall_at_20_mean": 0.5151098679273438,
  "recall_at_20_std": 0.16676717064256388,
  "ndcg_at_20_mean": 0.6730705685268902,
  "ndcg_at_20_std": 0.13876183532716807,
  "n_metric_rows": 20,
  "n_predictions": 821,
  "n_episodes_diagnosed": 20,
  "collapse_rate": 0.05,
  "pred_mean_mean": 0.5748055785894394,
  "pred_std_mean": 0.062198545690625905,
  "frac_near_zero_mean": 0.0,
  "frac_near_one_mean": 0.007665889665889667
}