{
  "experiment_id": "stage2__init-C_hybrid__method-maml__kpos-2__kneg-2__steps-3__target-Logistics",
  "method": "maml",
  "init_name": "C_hybrid",
  "target_department": "Logistics",
  "n_support_pos": 2,
  "n_support_neg": 2,
  "inner_steps": 3,
  "inner_lr": 0.01,
  "meta_batch_size": 2,
  "synthetic_proportion": 0.0,
  "augmentation_method": "none",
  "target_per_class": null,
  "k_neighbors": 5,
  "status": "success",
  "gold_auroc_mean": 0.5,
  "gold_auroc_std": 0.0,
  "gold_ap_mean": 0.7447660672660672,
  "gold_ap_std": 0.13033374816883822,
  "gold_logloss_mean": 10.236845027539486,
  "gold_logloss_std": 5.003918301020222,
  "gold_brier_mean": 0.55572565211115,
  "gold_brier_std": 0.2716467579468169,
  "gold_ece_mean": 0.5557256532256631,
  "gold_ece_std": 0.2716467633797522,
  "gold_f1_mean": 0.3026684357953707,
  "gold_f1_std": 0.4150449872834213,
  "gold_accuracy_mean": 0.44427433677433675,
  "gold_accuracy_std": 0.27164676337975213,
  "gold_pred_mean_mean": 0.350000003,
  "gold_pred_mean_std": 0.4769695911690807,
  "gold_true_mean_mean": 0.7447660672660672,
  "gold_true_mean_std": 0.13033374816883822,
  "n_eval_rows_mean": 10.25,
  "n_eval_rows_std": 2.118372016431486,
  "n_positive_mean": 7.65,
  "n_positive_std": 2.1277922830953213,
  "precision_at_5_mean": 0.7200000000000001,
  "precision_at_5_std": 0.3059411708155671,
  "recall_at_5_mean": 0.4780248917748918,
  "recall_at_5_std": 0.2263614783578345,
  "ndcg_at_5_mean": 0.7584776897464328,
  "ndcg_at_5_std": 0.12362046813076241,
  "precision_at_10_mean": 0.7377380952380952,
  "precision_at_10_std": 0.1597318048983819,
  "recall_at_10_mean": 0.9128354978354979,
  "recall_at_10_std": 0.12761698258797877,
  "ndcg_at_10_mean": 0.849515108333151,
  "ndcg_at_10_std": 0.07613528526074412,
  "precision_at_20_mean": 0.7447660672660672,
  "precision_at_20_std": 0.13033374816883822,
  "recall_at_20_mean": 1.0,
  "recall_at_20_std": 0.0,
  "ndcg_at_20_mean": 0.891858426465515,
  "ndcg_at_20_std": 0.06157311856110606,
  "n_metric_rows": 20,
  "n_predictions": 205,
  "n_episodes_diagnosed": 20,
  "collapse_rate": 1.0,
  "pred_mean_mean": 0.35,
  "pred_std_mean": 2.6936684104243124e-18,
  "frac_near_zero_mean": 0.65,
  "frac_near_one_mean": 0.35
}