model,gold_auroc,gold_ap,gold_logloss,gold_brier,gold_ece,gold_f1,gold_accuracy,gold_pred_mean,gold_true_mean,n_eval_rows,n_positive,precision_at_5,recall_at_5,ndcg_at_5,precision_at_10,recall_at_10,ndcg_at_10,precision_at_20,recall_at_20,ndcg_at_20,episode_idx
MAML,0.4583333333333333,0.6651086023635042,1.3249858354134432,0.4086524921130992,0.43046587354996624,0.6923076923076923,0.5294117647058824,0.9086561623741599,0.5294117647058824,17,9,0.6,0.3333333333333333,0.7227265726449517,0.5,0.5555555555555556,0.6395647163312485,0.5294117647058824,1.0,0.877761275648414,0
MAML,0.7708333333333334,0.9377136752136752,0.5868660088270291,0.19885089898275599,0.21100687235593799,0.8571428571428571,0.75,0.8879441097378731,0.75,16,12,1.0,0.4166666666666667,0.9999999999999999,0.9,0.75,0.9363792118010483,0.75,1.0,0.984105640131533,1
MAML,0.28787878787878785,0.6344120822730449,1.0811640815732606,0.3169896395022063,0.3063549820114585,0.7857142857142857,0.6470588235294118,0.9011673050768235,0.6470588235294118,17,11,0.4,0.18181818181818182,0.5531464700081437,0.5,0.45454545454545453,0.5582604437617527,0.6470588235294118,1.0,0.8478463835543009,2
MAML,0.8333333333333334,0.9569444444444444,0.5849966460844945,0.19841847333112628,0.21263613924384117,0.8571428571428571,0.75,0.88957654312253,0.75,16,12,1.0,0.4166666666666667,0.9999999999999999,1.0,0.8333333333333334,1.0,0.75,1.0,0.989292492200947,3
MAML,0.4375,0.6721647504542242,1.1328573511445843,0.3477045609016368,0.35001079440116883,0.75,0.6,0.9055077195167541,0.6,20,12,0.6,0.25,0.7227265726449517,0.5,0.4166666666666667,0.5988751049740154,0.6,1.0,0.8803257627470903,4
