method,episode_idx,repeat_idx,n_query,pred_mean,pred_std,pred_min,pred_max,frac_near_zero,frac_near_one,collapsed,collapse_reason
maml,0,0,17,0.9086561799049377,0.06321495771408081,0.7728093862533569,0.9964648485183716,0.0,0.35294117647058826,False,
maml,1,1,16,0.8879441022872925,0.06114314869046211,0.7664153575897217,0.9963217973709106,0.0,0.1875,False,
maml,2,2,17,0.9011673331260681,0.061014898121356964,0.7688806653022766,0.9867743253707886,0.0,0.29411764705882354,False,
maml,3,3,16,0.8895765542984009,0.060545969754457474,0.7664254903793335,0.9963219165802002,0.0,0.1875,False,
maml,4,4,20,0.9055077433586121,0.059498563408851624,0.7677789330482483,0.996366024017334,0.0,0.3,False,
