model,rmse,mae,r2,pred_mean,true_mean,condition
Mean Predictor_B_gold_only,0.5345199737400339,0.522642835626067,-0.18951189740688124,0.6143187066974596,0.40096618357487923,B_gold_only
Elastic Net_B_gold_only,0.4303168725591829,0.2945588910740564,0.22906517678198457,0.4848283195691166,0.40096618357487923,B_gold_only
XGBoost_B_gold_only,0.40578396253326365,0.27133498963976393,0.3144633610130345,0.5159377396727601,0.40096618357487923,B_gold_only
