{
  "experiment_id": "stage2__init-A_weak_only__method-anil__kpos-2__kneg-2__steps-1__target-Logistics",
  "method": "anil",
  "init_name": "A_weak_only",
  "target_department": "Logistics",
  "n_support_pos": 2,
  "n_support_neg": 2,
  "inner_steps": 1,
  "status": "success",
  "gold_auroc_mean": 0.419168878904178,
  "gold_auroc_std": 0.1892856345297002,
  "gold_ap_mean": 0.6890450919012931,
  "gold_ap_std": 0.1348644538081326,
  "gold_logloss_mean": 1.6245335361317252,
  "gold_logloss_std": 1.120002829610354,
  "gold_brier_mean": 0.3988880753986742,
  "gold_brier_std": 0.20083510102784424,
  "gold_ece_mean": 0.38693512247442713,
  "gold_ece_std": 0.21846124164045444,
  "gold_f1_mean": 0.5886299419967048,
  "gold_f1_std": 0.3437909034744809,
  "gold_accuracy_mean": 0.5500168936929853,
  "gold_accuracy_std": 0.19833979380788969,
  "gold_pred_mean_mean": 0.6438097445454734,
  "gold_pred_mean_std": 0.3753727922737259,
  "gold_true_mean_mean": 0.6980093695973341,
  "gold_true_mean_std": 0.0802917532046381,
  "n_eval_rows_mean": 41.05,
  "n_eval_rows_std": 5.962172422867356,
  "n_positive_mean": 28.45,
  "n_positive_std": 4.165033013074447,
  "precision_at_5_mean": 0.6000000000000001,
  "precision_at_5_std": 0.3521363372331802,
  "recall_at_5_mean": 0.10758010594912974,
  "recall_at_5_std": 0.07128350882776976,
  "ndcg_at_5_mean": 0.6157824226239758,
  "ndcg_at_5_std": 0.36038862187427734,
  "precision_at_10_mean": 0.61,
  "precision_at_10_std": 0.250798724079689,
  "recall_at_10_mean": 0.22026278775526462,
  "recall_at_10_std": 0.11051810187037249,
  "ndcg_at_10_mean": 0.6163392864030625,
  "ndcg_at_10_std": 0.284759455581562,
  "precision_at_20_mean": 0.6100000000000001,
  "precision_at_20_std": 0.1337908816025965,
  "recall_at_20_mean": 0.44201185449755587,
  "recall_at_20_std": 0.13952858357958892,
  "ndcg_at_20_mean": 0.6147449648357768,
  "ndcg_at_20_std": 0.1798692110972423,
  "n_metric_rows": 20,
  "n_predictions": 821,
  "n_episodes_diagnosed": 20,
  "collapse_rate": 0.4,
  "pred_mean_mean": 0.6438097657985054,
  "pred_std_mean": 0.0614774473302532,
  "frac_near_zero_mean": 0.2030409356725146,
  "frac_near_one_mean": 0.291166700772458
}