{
  "experiment_id": "stage2__init-A_weak_only__method-anil__kpos-2__kneg-2__steps-1__target-Logistics",
  "method": "anil",
  "init_name": "A_weak_only",
  "target_department": "Logistics",
  "n_support_pos": 2,
  "n_support_neg": 2,
  "inner_steps": 1,
  "status": "success",
  "gold_auroc_mean": 0.6373755411255411,
  "gold_auroc_std": 0.15830492548519243,
  "gold_ap_mean": 0.8717546392550451,
  "gold_ap_std": 0.10580847748849899,
  "gold_logloss_mean": 2.611008143274448,
  "gold_logloss_std": 1.4431611798237756,
  "gold_brier_mean": 0.5774817890038445,
  "gold_brier_std": 0.1789334631676757,
  "gold_ece_mean": 0.6127810852798878,
  "gold_ece_std": 0.18236363878760364,
  "gold_f1_mean": 0.21965017825311942,
  "gold_f1_std": 0.28911669953463703,
  "gold_accuracy_mean": 0.2925571650571651,
  "gold_accuracy_std": 0.1529462703216153,
  "gold_pred_mean_mean": 0.304646274536117,
  "gold_pred_mean_std": 0.3207256595238469,
  "gold_true_mean_mean": 0.7447660672660672,
  "gold_true_mean_std": 0.13033374816883822,
  "n_eval_rows_mean": 10.25,
  "n_eval_rows_std": 2.118372016431486,
  "n_positive_mean": 7.65,
  "n_positive_std": 2.1277922830953213,
  "precision_at_5_mean": 0.8500000000000002,
  "precision_at_5_std": 0.1774823934929885,
  "recall_at_5_mean": 0.583858225108225,
  "recall_at_5_std": 0.15555119648688087,
  "ndcg_at_5_mean": 0.8932954010100771,
  "ndcg_at_5_std": 0.13804329149107442,
  "precision_at_10_mean": 0.7277380952380951,
  "precision_at_10_std": 0.13103057429797307,
  "recall_at_10_mean": 0.9066233766233767,
  "recall_at_10_std": 0.1265516946620034,
  "ndcg_at_10_mean": 0.8975151512541089,
  "ndcg_at_10_std": 0.08459777739758423,
  "precision_at_20_mean": 0.7447660672660672,
  "precision_at_20_std": 0.13033374816883822,
  "recall_at_20_mean": 1.0,
  "recall_at_20_std": 0.0,
  "ndcg_at_20_mean": 0.9499312073136028,
  "ndcg_at_20_std": 0.05092438636775639,
  "n_metric_rows": 20,
  "n_predictions": 205,
  "n_episodes_diagnosed": 20,
  "collapse_rate": 0.15,
  "pred_mean_mean": 0.30464627337642014,
  "pred_std_mean": 0.11842296421527862,
  "frac_near_zero_mean": 0.29928515928515925,
  "frac_near_one_mean": 0.13497835497835498
}