{
  "experiment_id": "stage2__init-A_weak_only__method-anil__kpos-1__kneg-1__steps-3__target-Logistics__synprop-0.5__gen-smote_nc",
  "method": "anil",
  "init_name": "A_weak_only",
  "target_department": "Logistics",
  "n_support_pos": 1,
  "n_support_neg": 1,
  "inner_steps": 3,
  "inner_lr": 0.01,
  "meta_batch_size": 4,
  "synthetic_proportion": 0.5,
  "augmentation_method": "smote_nc",
  "target_per_class": null,
  "k_neighbors": 5,
  "status": "success",
  "augmentation_method_requested": "smote_nc",
  "augmentation_method_actual": "smote_nc",
  "target_effective_k": null,
  "n_real_support_rows": 6.55,
  "n_synthetic_support_rows": 6.55,
  "n_effective_support_rows": 13.1,
  "n_real_support_pos": 3.25,
  "n_real_support_neg": 3.3,
  "n_synthetic_support_pos": 3.25,
  "n_synthetic_support_neg": 3.3,
  "n_query_rows": 15.45,
  "n_query_pos": 9.75,
  "n_query_neg": 5.7,
  "n_query_synthetic_rows": 0,
  "gen_fallback_used": false,
  "gen_skip_reason": null,
  "gold_auroc_mean": 0.4815104166666668,
  "gold_auroc_std": 0.10516725043834169,
  "gold_ap_mean": 0.7280293698773681,
  "gold_ap_std": 0.08126936754776466,
  "gold_logloss_mean": 0.7990070711608246,
  "gold_logloss_std": 0.20236869384520045,
  "gold_brier_mean": 0.2933691060219523,
  "gold_brier_std": 0.08158655439419464,
  "gold_ece_mean": 0.28018604884720333,
  "gold_ece_std": 0.12805771886637324,
  "gold_f1_mean": 0.5408813166593052,
  "gold_f1_std": 0.28370026789724145,
  "gold_accuracy_mean": 0.5142016806722689,
  "gold_accuracy_std": 0.1209813537164955,
  "gold_pred_mean_mean": 0.5376983285341614,
  "gold_pred_mean_std": 0.18412112372929082,
  "gold_true_mean_mean": 0.6333414134884723,
  "gold_true_mean_std": 0.0642471070651101,
  "n_eval_rows_mean": 15.45,
  "n_eval_rows_std": 2.3553131426627756,
  "n_positive_mean": 9.75,
  "n_positive_std": 1.6085707942145413,
  "precision_at_5_mean": 0.7000000000000001,
  "precision_at_5_std": 0.18439088914585774,
  "recall_at_5_mean": 0.3644570707070708,
  "recall_at_5_std": 0.09710431243708065,
  "ndcg_at_5_mean": 0.7644177912697921,
  "ndcg_at_5_std": 0.15247287567300938,
  "precision_at_10_mean": 0.6049999999999999,
  "precision_at_10_std": 0.04974937185533099,
  "recall_at_10_mean": 0.6318181818181817,
  "recall_at_10_std": 0.07982095149470884,
  "ndcg_at_10_mean": 0.7102440588162915,
  "ndcg_at_10_std": 0.05230956079561934,
  "precision_at_20_mean": 0.6333414134884723,
  "precision_at_20_std": 0.0642471070651101,
  "recall_at_20_mean": 1.0,
  "recall_at_20_std": 0.0,
  "ndcg_at_20_mean": 0.8954486469691009,
  "ndcg_at_20_std": 0.046361215384848685,
  "n_metric_rows": 20,
  "n_predictions": 309,
  "n_episodes_diagnosed": 20,
  "collapse_rate": 0.0,
  "pred_mean_mean": 0.5376983270049095,
  "pred_std_mean": 0.0909442912787199,
  "frac_near_zero_mean": 0.0,
  "frac_near_one_mean": 0.00625
}