{
  "method": "maml",
  "status": "fully_integrated",
  "target_department": "Logistics",
  "weight_path": "/Users/annita/Desktop/Thesis/Signal_Fusion_with_Meta-learners-/models/stage_2/A_weak_only/maml/maml_initialized.pt",
  "target_eval_result": {
    "method": "maml",
    "status": "success",
    "n_target_episodes": 20,
    "raw_metrics": [
      {
        "model": "MAML",
        "gold_auroc": 0.656842105263158,
        "gold_ap": 0.8023412512758514,
        "gold_logloss": 2.2596150818532554,
        "gold_brier": 0.4244934362011221,
        "gold_ece": 0.4250089715827594,
        "gold_f1": 0.7246376811594203,
        "gold_accuracy": 0.5681818181818182,
        "gold_pred_mean": 0.9931907897645776,
        "gold_true_mean": 0.5681818181818182,
        "n_eval_rows": 44,
        "n_positive": 25,
        "precision_at_5": 1.0,
        "recall_at_5": 0.2,
        "ndcg_at_5": 0.9999999999999999,
        "precision_at_10": 1.0,
        "recall_at_10": 0.4,
        "ndcg_at_10": 1.0,
        "precision_at_20": 0.7,
        "recall_at_20": 0.56,
        "ndcg_at_20": 0.7921861986359918,
        "episode_idx": 0
      },
      {
        "model": "MAML",
        "gold_auroc": 0.8003095975232198,
        "gold_ap": 0.9114763330217857,
        "gold_logloss": 2.491198548407094,
        "gold_brier": 0.35745001969055873,
        "gold_ece": 0.35759628718754033,
        "gold_f1": 0.7816091954022989,
        "gold_accuracy": 0.6415094339622641,
        "gold_pred_mean": 0.9991057211498044,
        "gold_true_mean": 0.6415094339622641,
        "n_eval_rows": 53,
        "n_positive": 34,
        "precision_at_5": 1.0,
        "recall_at_5": 0.14705882352941177,
        "ndcg_at_5": 0.9999999999999999,
        "precision_at_10": 1.0,
        "recall_at_10": 0.29411764705882354,
        "ndcg_at_10": 1.0,
        "precision_at_20": 1.0,
        "recall_at_20": 0.5882352941176471,
        "ndcg_at_20": 0.9999999999999999,
        "episode_idx": 1
      },
      {
        "model": "MAML",
        "gold_auroc": 0.7053872053872053,
        "gold_ap": 0.8790960496319116,
        "gold_logloss": 1.8506441986762951,
        "gold_brier": 0.3491810426512227,
        "gold_ece": 0.3468849518719841,
        "gold_f1": 0.7857142857142857,
        "gold_accuracy": 0.6470588235294118,
        "gold_pred_mean": 0.9939437754013959,
        "gold_true_mean": 0.6470588235294118,
        "n_eval_rows": 51,
        "n_positive": 33,
        "precision_at_5": 1.0,
        "recall_at_5": 0.15151515151515152,
        "ndcg_at_5": 0.9999999999999999,
        "precision_at_10": 1.0,
        "recall_at_10": 0.30303030303030304,
        "ndcg_at_10": 1.0,
        "precision_at_20": 1.0,
        "recall_at_20": 0.6060606060606061,
        "ndcg_at_20": 0.9999999999999999,
        "episode_idx": 2
      },
      {
        "model": "MAML",
        "gold_auroc": 0.9185185185185185,
        "gold_ap": 0.9585934223493491,
        "gold_logloss": 3.566633252488234,
        "gold_brier": 0.4252196561529809,
        "gold_ece": 0.42526660066969846,
        "gold_f1": 0.7297297297297297,
        "gold_accuracy": 0.574468085106383,
        "gold_pred_mean": 0.9997346857760815,
        "gold_true_mean": 0.574468085106383,
        "n_eval_rows": 47,
        "n_positive": 27,
        "precision_at_5": 1.0,
        "recall_at_5": 0.18518518518518517,
        "ndcg_at_5": 0.9999999999999999,
        "precision_at_10": 1.0,
        "recall_at_10": 0.37037037037037035,
        "ndcg_at_10": 1.0,
        "precision_at_20": 1.0,
        "recall_at_20": 0.7407407407407407,
        "ndcg_at_20": 0.9999999999999999,
        "episode_idx": 3
      },
      {
        "model": "MAML",
        "gold_auroc": 0.8183391003460208,
        "gold_ap": 0.9267974806396716,
        "gold_logloss": 1.457189273657447,
        "gold_brier": 0.32055821310056987,
        "gold_ece": 0.32190882575278185,
        "gold_f1": 0.8,
        "gold_accuracy": 0.6666666666666666,
        "gold_pred_mean": 0.9885754924194485,
        "gold_true_mean": 0.6666666666666666,
        "n_eval_rows": 51,
        "n_positive": 34,
        "precision_at_5": 1.0,
        "recall_at_5": 0.14705882352941177,
        "ndcg_at_5": 0.9999999999999999,
        "precision_at_10": 1.0,
        "recall_at_10": 0.29411764705882354,
        "ndcg_at_10": 1.0,
        "precision_at_20": 1.0,
        "recall_at_20": 0.5882352941176471,
        "ndcg_at_20": 0.9999999999999999,
        "episode_idx": 4
      },
      {
        "model": "MAML",
        "gold_auroc": 0.656842105263158,
        "gold_ap": 0.8023412512758514,
        "gold_logloss": 2.2596150818532554,
        "gold_brier": 0.4244934362011221,
        "gold_ece": 0.4250089715827594,
        "gold_f1": 0.7246376811594203,
        "gold_accuracy": 0.5681818181818182,
        "gold_pred_mean": 0.9931907897645776,
        "gold_true_mean": 0.5681818181818182,
        "n_eval_rows": 44,
        "n_positive": 25,
        "precision_at_5": 1.0,
        "recall_at_5": 0.2,
        "ndcg_at_5": 0.9999999999999999,
        "precision_at_10": 1.0,
        "recall_at_10": 0.4,
        "ndcg_at_10": 1.0,
        "precision_at_20": 0.7,
        "recall_at_20": 0.56,
        "ndcg_at_20": 0.7921861986359918,
        "episode_idx": 5
      },
      {
        "model": "MAML",
        "gold_auroc": 0.7,
        "gold_ap": 0.8883416665785395,
        "gold_logloss": 0.5684276389879406,
        "gold_brier": 0.1919018960304803,
        "gold_ece": 0.11687467225960324,
        "gold_f1": 0.8421052631578947,
        "gold_accuracy": 0.7428571428571429,
        "gold_pred_mean": 0.679204643198422,
        "gold_true_mean": 0.7142857142857143,
        "n_eval_rows": 35,
        "n_positive": 25,
        "precision_at_5": 1.0,
        "recall_at_5": 0.2,
        "ndcg_at_5": 0.9999999999999999,
        "precision_at_10": 1.0,
        "recall_at_10": 0.4,
        "ndcg_at_10": 1.0,
        "precision_at_20": 0.8,
        "recall_at_20": 0.64,
        "ndcg_at_20": 0.8613930756718966,
        "episode_idx": 6
      },
      {
        "model": "MAML",
        "gold_auroc": 0.7,
        "gold_ap": 0.8883416665785395,
        "gold_logloss": 0.5684276389879406,
        "gold_brier": 0.1919018960304803,
        "gold_ece": 0.11687467225960324,
        "gold_f1": 0.8421052631578947,
        "gold_accuracy": 0.7428571428571429,
        "gold_pred_mean": 0.679204643198422,
        "gold_true_mean": 0.7142857142857143,
        "n_eval_rows": 35,
        "n_positive": 25,
        "precision_at_5": 1.0,
        "recall_at_5": 0.2,
        "ndcg_at_5": 0.9999999999999999,
        "precision_at_10": 1.0,
        "recall_at_10": 0.4,
        "ndcg_at_10": 1.0,
        "precision_at_20": 0.8,
        "recall_at_20": 0.64,
        "ndcg_at_20": 0.8613930756718966,
        "episode_idx": 7
      },
      {
        "model": "MAML",
        "gold_auroc": 0.7464114832535885,
        "gold_ap": 0.8868172004524458,
        "gold_logloss": 0.7200747134457652,
        "gold_brier": 0.25360040501711595,
        "gold_ece": 0.2532435214290252,
        "gold_f1": 0.7804878048780488,
        "gold_accuracy": 0.6538461538461539,
        "gold_pred_mean": 0.8288480817125394,
        "gold_true_mean": 0.6346153846153846,
        "n_eval_rows": 52,
        "n_positive": 33,
        "precision_at_5": 1.0,
        "recall_at_5": 0.15151515151515152,
        "ndcg_at_5": 0.9999999999999999,
        "precision_at_10": 1.0,
        "recall_at_10": 0.30303030303030304,
        "ndcg_at_10": 1.0,
        "precision_at_20": 1.0,
        "recall_at_20": 0.6060606060606061,
        "ndcg_at_20": 0.9999999999999999,
        "episode_idx": 8
      },
      {
        "model": "MAML",
        "gold_auroc": 0.6988235294117647,
        "gold_ap": 0.8400419682454885,
        "gold_logloss": 1.1054564492168888,
        "gold_brier": 0.33945714418351447,
        "gold_ece": 0.3287433243933177,
        "gold_f1": 0.746268656716418,