model,rmse,mae,r2,pred_mean,true_mean,condition
Mean Predictor_C_hybrid,0.47749856412103336,0.47562911946555114,-0.21602601993412596,0.5487417610688977,0.75,C_hybrid
Elastic Net_C_hybrid,0.29970138884054903,0.17598146419139926,0.5209550801442455,0.7025533253338576,0.75,C_hybrid
XGBoost_C_hybrid,0.29976508628525556,0.13658682850655168,0.5207514295700977,0.7634959422284737,0.75,C_hybrid
