model,rmse,mae,r2,pred_mean,true_mean,condition
Mean Predictor_C_hybrid,0.5116870655831343,0.5095156016482024,-0.09005846395671813,0.5480421839311687,0.40096618357487923,C_hybrid
Elastic Net_C_hybrid,0.5738682902311621,0.5045556266061144,-0.37108812455475615,0.604012464393371,0.40096618357487923,C_hybrid
XGBoost_C_hybrid,0.3810925595714241,0.28179873183261656,0.39535306908987444,0.5444666311090839,0.40096618357487923,C_hybrid
