model,rmse,mae,r2,pred_mean,true_mean,condition
Mean Predictor_C_hybrid,0.4594375519323893,0.4594375519323892,0.0,0.5405624480676108,1.0,C_hybrid
Elastic Net_C_hybrid,0.07933198125213929,0.041481104737057836,0.0,0.9585188952629422,1.0,C_hybrid
XGBoost_C_hybrid,0.0005682069969134318,0.0002530325542796742,0.0,0.9997469674457203,1.0,C_hybrid
