model,rmse,mae,r2,pred_mean,true_mean,condition
Mean Predictor_C_hybrid,0.4850929854356467,0.4828267793885936,-0.067814482944768,0.5498841170140855,0.6721311475409836,C_hybrid
Elastic Net_C_hybrid,0.31368756391193786,0.19510998394238577,0.5534805093549564,0.7429361340952323,0.6721311475409836,C_hybrid
XGBoost_C_hybrid,0.2966602958790388,0.13774838218658836,0.6006399033987615,0.7365849989267891,0.6721311475409836,C_hybrid
