model,rmse,mae,r2,pred_mean,true_mean,condition
Mean Predictor_C_hybrid,0.47768390824004614,0.47584879299164273,-0.21697021968791907,0.5483024140167145,0.75,C_hybrid
Elastic Net_C_hybrid,0.2934777067349917,0.1731467176624797,0.5406444567977078,0.704848854077512,0.75,C_hybrid
XGBoost_C_hybrid,0.2989332941061422,0.13768970197997987,0.5234073902658702,0.7619800607208163,0.75,C_hybrid
