model,rmse,mae,r2,pred_mean,true_mean,condition
Mean Predictor_C_hybrid,0.47749856412103336,0.47562911946555114,-0.21602601993412596,0.5487417610688977,0.75,C_hybrid
Elastic Net_C_hybrid,0.29970047923491494,0.1759807676147318,0.520957987980599,0.7025540341537502,0.75,C_hybrid
XGBoost_C_hybrid,0.2983640846848481,0.1365415279287845,0.5252206558409216,0.763342636404559,0.75,C_hybrid
