{
  "experiment_id": "stage2__init-C_hybrid__method-finetune__kpos-1__kneg-1__steps-3__target-Logistics",
  "method": "finetune",
  "init_name": "C_hybrid",
  "target_department": "Logistics",
  "n_support_pos": 1,
  "n_support_neg": 1,
  "inner_steps": 3,
  "inner_lr": 0.01,
  "meta_batch_size": 4,
  "synthetic_proportion": 0.0,
  "augmentation_method": "none",
  "target_per_class": null,
  "k_neighbors": 5,
  "status": "success",
  "augmentation_method_requested": "none",
  "augmentation_method_actual": "none",
  "target_effective_k": null,
  "n_real_support_rows": 5.6,
  "n_synthetic_support_rows": 0.0,
  "n_effective_support_rows": 5.6,
  "n_real_support_pos": 2.7,
  "n_real_support_neg": 2.9,
  "n_synthetic_support_pos": 0.0,
  "n_synthetic_support_neg": 0.0,
  "n_query_rows": 16.4,
  "n_query_pos": 10.3,
  "n_query_neg": 6.1,
  "n_query_synthetic_rows": 0,
  "gen_fallback_used": false,
  "gen_skip_reason": null,
  "gold_auroc_mean": 0.5,
  "gold_auroc_std": 0.0,
  "gold_ap_mean": 0.6308672132820738,
  "gold_ap_std": 0.08684602687553226,
  "gold_logloss_mean": 7.791835779894238,
  "gold_logloss_std": 2.521583431661538,
  "gold_brier_mean": 0.42299390165477496,
  "gold_brier_std": 0.13688871855383306,
  "gold_ece_mean": 0.4229939001146531,
  "gold_ece_std": 0.1368887212916075,
  "gold_f1_mean": 0.4141258741258741,
  "gold_f1_std": 0.41462536716367665,
  "gold_accuracy_mean": 0.5770060898853469,
  "gold_accuracy_std": 0.13688872129160748,
  "gold_pred_mean_mean": 0.4999999999999999,
  "gold_pred_mean_std": 0.49999998999999995,
  "gold_true_mean_mean": 0.6308672132820738,
  "gold_true_mean_std": 0.08684602687553226,
  "n_eval_rows_mean": 16.4,
  "n_eval_rows_std": 1.8814887722226776,
  "n_positive_mean": 10.3,
  "n_positive_std": 1.5524174696260027,
  "precision_at_5_mean": 0.78,
  "precision_at_5_std": 0.24413111231467405,
  "recall_at_5_mean": 0.37941919191919193,
  "recall_at_5_std": 0.11822086411445387,
  "ndcg_at_5_mean": 0.6308672132820738,
  "ndcg_at_5_std": 0.08684602687553225,
  "precision_at_10_mean": 0.6799999999999999,
  "precision_at_10_std": 0.12489995996796797,
  "recall_at_10_mean": 0.6648358585858586,
  "recall_at_10_std": 0.1210907134774189,
  "ndcg_at_10_mean": 0.6547323800919214,
  "ndcg_at_10_std": 0.07272471902901506,
  "precision_at_20_mean": 0.6308672132820738,
  "precision_at_20_std": 0.08684602687553226,
  "recall_at_20_mean": 1.0,
  "recall_at_20_std": 0.0,
  "ndcg_at_20_mean": 0.8411666347057789,
  "ndcg_at_20_std": 0.04350718104545237,
  "n_metric_rows": 20,
  "n_predictions": 328,
  "n_episodes_diagnosed": 20,
  "collapse_rate": 1.0,
  "pred_mean_mean": 0.5000000000003542,
  "pred_std_mean": 3.799773877818447e-13,
  "frac_near_zero_mean": 0.5,
  "frac_near_one_mean": 0.5
}