{
  "experiment_id": "stage2__init-A_weak_only__method-maml__kpos-1__kneg-1__steps-5__target-Packaging-Material",
  "method": "maml",
  "init_name": "A_weak_only",
  "target_department": "Packaging Material",
  "n_support_pos": 1,
  "n_support_neg": 1,
  "inner_steps": 5,
  "inner_lr": 0.01,
  "meta_batch_size": 4,
  "synthetic_proportion": 0.0,
  "augmentation_method": "none",
  "target_per_class": null,
  "k_neighbors": 5,
  "status": "success",
  "augmentation_method_requested": "none",
  "augmentation_method_actual": "none",
  "target_effective_k": null,
  "n_real_support_rows": 19.4,
  "n_synthetic_support_rows": 0.0,
  "n_effective_support_rows": 19.4,
  "n_real_support_pos": 8.4,
  "n_real_support_neg": 11.0,
  "n_synthetic_support_pos": 0.0,
  "n_synthetic_support_neg": 0.0,
  "n_query_rows": 56.6,
  "n_query_pos": 45.6,
  "n_query_neg": 11.0,
  "n_query_synthetic_rows": 0,
  "gen_fallback_used": false,
  "gen_skip_reason": null,
  "gold_auroc_mean": 0.3889847333832548,
  "gold_auroc_std": 0.07597626707577237,
  "gold_ap_mean": 0.7806707478348297,
  "gold_ap_std": 0.03717666714690974,
  "gold_logloss_mean": 2.085045327191225,
  "gold_logloss_std": 4.197379369560478,
  "gold_brier_mean": 0.30162130821398825,
  "gold_brier_std": 0.18147133061050016,
  "gold_ece_mean": 0.2986957679947729,
  "gold_ece_std": 0.22507500773174569,
  "gold_f1_mean": 0.5612038334938672,
  "gold_f1_std": 0.39190885907114387,
  "gold_accuracy_mean": 0.5479400980513327,
  "gold_accuracy_std": 0.25835423891211073,
  "gold_pred_mean_mean": 0.5324731463124237,
  "gold_pred_mean_std": 0.23061360976441675,
  "gold_true_mean_mean": 0.8049746632060314,
  "gold_true_mean_std": 0.011269732973976498,
  "n_eval_rows_mean": 56.6,
  "n_eval_rows_std": 3.4117444218463966,
  "n_positive_mean": 45.6,
  "n_positive_std": 3.4117444218463966,
  "precision_at_5_mean": 0.76,
  "precision_at_5_std": 0.12000000000000002,
  "recall_at_5_mean": 0.08390138836336117,
  "recall_at_5_std": 0.015405957208497625,
  "ndcg_at_5_mean": 0.7408703111363326,
  "ndcg_at_5_std": 0.07152326929200843,
  "precision_at_10_mean": 0.82,
  "precision_at_10_std": 0.1469693845669907,
  "recall_at_10_mean": 0.18018259258181252,
  "recall_at_10_std": 0.03311441668194053,
  "ndcg_at_10_mean": 0.7821377696061919,
  "ndcg_at_10_std": 0.10149031394875287,
  "precision_at_20_mean": 0.76,
  "precision_at_20_std": 0.05612486080160913,
  "recall_at_20_mean": 0.3342608493174607,
  "recall_at_20_std": 0.025175391881666728,
  "ndcg_at_20_mean": 0.7664190066222087,
  "ndcg_at_20_std": 0.05843788424616108,
  "n_metric_rows": 20,
  "n_predictions": 1132,
  "n_episodes_diagnosed": 20,
  "collapse_rate": 0.1,
  "pred_mean_mean": 0.532473124563694,
  "pred_std_mean": 0.06414642967283726,
  "frac_near_zero_mean": 0.1,
  "frac_near_one_mean": 0.0
}