{
  "experiment_id": "stage2__init-C_hybrid__method-maml__kpos-1__kneg-1__steps-5__target-Packaging-Material",
  "method": "maml",
  "init_name": "C_hybrid",
  "target_department": "Packaging Material",
  "n_support_pos": 1,
  "n_support_neg": 1,
  "inner_steps": 5,
  "inner_lr": 0.01,
  "meta_batch_size": 4,
  "synthetic_proportion": 0.0,
  "augmentation_method": "none",
  "target_per_class": null,
  "k_neighbors": 5,
  "status": "success",
  "augmentation_method_requested": "none",
  "augmentation_method_actual": "none",
  "target_effective_k": null,
  "n_real_support_rows": 19.4,
  "n_synthetic_support_rows": 0.0,
  "n_effective_support_rows": 19.4,
  "n_real_support_pos": 8.4,
  "n_real_support_neg": 11.0,
  "n_synthetic_support_pos": 0.0,
  "n_synthetic_support_neg": 0.0,
  "n_query_rows": 56.6,
  "n_query_pos": 45.6,
  "n_query_neg": 11.0,
  "n_query_synthetic_rows": 0,
  "gen_fallback_used": false,
  "gen_skip_reason": null,
  "gold_auroc_mean": 0.40695242291059736,
  "gold_auroc_std": 0.13098186452462574,
  "gold_ap_mean": 0.7916190918088721,
  "gold_ap_std": 0.03667443038293291,
  "gold_logloss_mean": 3.196453481693422,
  "gold_logloss_std": 3.958056310881654,
  "gold_brier_mean": 0.3473010216856815,
  "gold_brier_std": 0.26337505938414535,
  "gold_ece_mean": 0.34551667034077604,
  "gold_ece_std": 0.26639362996812543,
  "gold_f1_mean": 0.667850170083543,
  "gold_f1_std": 0.385616869824585,
  "gold_accuracy_mean": 0.6489412103983849,
  "gold_accuracy_std": 0.26637017086002895,
  "gold_pred_mean_mean": 0.7471689965894167,
  "gold_pred_mean_std": 0.4282981324606519,
  "gold_true_mean_mean": 0.8049746632060314,
  "gold_true_mean_std": 0.011269732973976498,
  "n_eval_rows_mean": 56.6,
  "n_eval_rows_std": 3.4117444218463966,
  "n_positive_mean": 45.6,
  "n_positive_std": 3.4117444218463966,
  "precision_at_5_mean": 0.8400000000000001,
  "precision_at_5_std": 0.12,
  "recall_at_5_mean": 0.09320371394475653,
  "recall_at_5_std": 0.017903056112274867,
  "ndcg_at_5_mean": 0.8093759395919387,
  "ndcg_at_5_std": 0.14450896061987822,
  "precision_at_10_mean": 0.89,
  "precision_at_10_std": 0.099498743710662,
  "recall_at_10_mean": 0.19755605359412445,
  "recall_at_10_std": 0.03354826164199352,
  "ndcg_at_10_mean": 0.8387930809860953,
  "ndcg_at_10_std": 0.09629721256209214,
  "precision_at_20_mean": 0.7525000000000001,
  "precision_at_20_std": 0.10425329730996521,
  "recall_at_20_mean": 0.33410222079925483,
  "recall_at_20_std": 0.06400727702655744,
  "ndcg_at_20_mean": 0.770515679810143,
  "ndcg_at_20_std": 0.0879671225052932,
  "n_metric_rows": 20,
  "n_predictions": 1132,
  "n_episodes_diagnosed": 20,
  "collapse_rate": 1.0,
  "pred_mean_mean": 0.7471689742989838,
  "pred_std_mean": 0.0007263855564332291,
  "frac_near_zero_mean": 0.25,
  "frac_near_one_mean": 0.75
}