method,episode_idx,repeat_idx,n_query,pred_mean,pred_std,pred_min,pred_max,frac_near_zero,frac_near_one,collapsed,collapse_reason
anil,0,0,8,0.6486818790435791,0.23503698408603668,0.22241684794425964,0.9123098850250244,0.0,0.0,False,
anil,1,1,11,0.6281343698501587,0.23268164694309235,0.12753041088581085,0.8551927804946899,0.0,0.0,False,
anil,2,2,9,0.4334235191345215,0.3058041036128998,0.01019199751317501,0.8525656461715698,0.1111111111111111,0.0,False,
