{
  "experiment_id": "stage2__init-C_hybrid__method-anil__kpos-2__kneg-2__steps-3__target-Logistics__synprop-1__gen-smote_nc",
  "method": "anil",
  "init_name": "C_hybrid",
  "target_department": "Logistics",
  "n_support_pos": 2,
  "n_support_neg": 2,
  "inner_steps": 3,
  "inner_lr": 0.01,
  "meta_batch_size": 4,
  "synthetic_proportion": 1.0,
  "augmentation_method": "smote_nc",
  "target_per_class": null,
  "k_neighbors": 5,
  "status": "success",
  "gold_auroc_mean": 0.5428571428571428,
  "gold_auroc_std": 0.11487941030299825,
  "gold_ap_mean": 0.9369824520717378,
  "gold_ap_std": 0.02494732838171613,
  "gold_logloss_mean": 0.8859292179322891,
  "gold_logloss_std": 0.35610772035630844,
  "gold_brier_mean": 0.2884886255836698,
  "gold_brier_std": 0.09565144873641422,
  "gold_ece_mean": 0.35458081944999265,
  "gold_ece_std": 0.08724954095696516,
  "gold_f1_mean": 0.7422402159244265,
  "gold_f1_std": 0.09450548663973869,
  "gold_accuracy_mean": 0.5989057239057239,
  "gold_accuracy_std": 0.11692916039369598,
  "gold_pred_mean_mean": 0.57007991495583,
  "gold_pred_mean_std": 0.09699406813883506,
  "gold_true_mean_mean": 0.890993265993266,
  "gold_true_mean_std": 0.013996876387471277,
  "n_eval_rows_mean": 9.333333333333334,
  "n_eval_rows_std": 1.247219128924647,
  "n_positive_mean": 8.333333333333334,
  "n_positive_std": 1.247219128924647,
  "precision_at_5_mean": 0.8666666666666667,
  "precision_at_5_std": 0.09428090415820632,
  "recall_at_5_mean": 0.5238095238095238,
  "recall_at_5_std": 0.033671751485073675,
  "ndcg_at_5_mean": 0.9075755242149839,
  "ndcg_at_5_std": 0.0656350618150234,
  "precision_at_10_mean": 0.887962962962963,
  "precision_at_10_std": 0.010227186127025249,
  "recall_at_10_mean": 0.9666666666666667,
  "recall_at_10_std": 0.04714045207910316,
  "ndcg_at_10_mean": 0.9590638532280676,
  "ndcg_at_10_std": 0.020555306210648716,
  "precision_at_20_mean": 0.890993265993266,
  "precision_at_20_std": 0.013996876387471277,
  "recall_at_20_mean": 1.0,
  "recall_at_20_std": 0.0,
  "ndcg_at_20_mean": 0.979528201762983,
  "ndcg_at_20_std": 0.009686766020015575,
  "n_metric_rows": 3,
  "n_predictions": 28,
  "n_episodes_diagnosed": 3,
  "collapse_rate": 0.0,
  "pred_mean_mean": 0.5700799226760864,
  "pred_std_mean": 0.25784091154734295,
  "frac_near_zero_mean": 0.037037037037037035,
  "frac_near_one_mean": 0.0
}