model,gold_auroc,gold_ap,gold_logloss,gold_brier,gold_ece,gold_f1,gold_accuracy,gold_pred_mean,gold_true_mean,n_eval_rows,n_positive,precision_at_5,recall_at_5,ndcg_at_5,precision_at_10,recall_at_10,ndcg_at_10,precision_at_20,recall_at_20,ndcg_at_20,episode_idx
ANIL,0.2857142857142857,0.8736394557823131,0.7765249177305016,0.29055221321910707,0.5217212103307247,0.4,0.25,0.487090814858675,0.875,8,7,0.8,0.5714285714285714,0.8304198973631918,0.875,1.0,0.9492756620369744,0.875,1.0,0.9492756620369744,0
ANIL,0.2,0.8813455988455987,1.2925873787319477,0.5058958105983107,0.6936899355866691,0.18181818181818182,0.18181818181818182,0.27643096582456067,0.9090909090909091,11,10,0.8,0.4,0.8304198973631918,0.9,0.9,0.8899541168509599,0.9090909090909091,1.0,0.9513471624557064,1
ANIL,0.375,0.9067956349206349,0.843129831539777,0.31955439162867527,0.4478920896848042,0.5454545454545454,0.4444444444444444,0.44099679920408463,0.8888888888888888,9,8,0.8,0.5,0.8539316501572934,0.8888888888888888,1.0,0.9672068480996276,0.8888888888888888,1.0,0.9672068480996276,2
ANIL,0.2666666666666667,0.7504836829836828,0.9830452400182048,0.37839989281024294,0.4380411391074841,0.3333333333333333,0.38461538461538464,0.3311896301232852,0.7692307692307693,13,10,0.6,0.3,0.6843515475204854,0.7,0.7,0.721801830382049,0.7692307692307693,1.0,0.9004790687995431,3
ANIL,0.2727272727272727,0.9072838777384231,1.4642936367643857,0.569197401402821,0.6949387813607852,0.0,0.08333333333333333,0.2217278853058815,0.9166666666666666,12,11,0.8,0.36363636363636365,0.8539316501572934,0.9,0.8181818181818182,0.9052116356304493,0.9166666666666666,1.0,0.966731295454843,4
