method,episode_idx,repeat_idx,n_query,pred_mean,pred_std,pred_min,pred_max,frac_near_zero,frac_near_one,collapsed,collapse_reason
anil,0,0,8,0.4870908260345459,0.13661755621433258,0.2895628809928894,0.7194464802742004,0.0,0.0,False,
anil,1,1,11,0.27643096446990967,0.11055660247802734,0.14315178990364075,0.5256596803665161,0.0,0.0,False,
anil,2,2,9,0.44099679589271545,0.11907573789358139,0.25183215737342834,0.610061526298523,0.0,0.0,False,
anil,3,3,13,0.3311896324157715,0.1104956790804863,0.1810111552476883,0.600822389125824,0.0,0.0,False,
anil,4,4,12,0.2217278927564621,0.06935302913188934,0.11668853461742401,0.34632235765457153,0.0,0.0,False,
