{
  "experiment_id": "stage2__init-A_weak_only__method-anil__kpos-2__kneg-2__steps-3__target-Logistics__synprop-0.9__gen-smote_nc",
  "method": "anil",
  "init_name": "A_weak_only",
  "target_department": "Logistics",
  "n_support_pos": 2,
  "n_support_neg": 2,
  "inner_steps": 3,
  "inner_lr": 0.01,
  "meta_batch_size": 4,
  "synthetic_proportion": 0.9,
  "augmentation_method": "smote_nc",
  "target_per_class": null,
  "k_neighbors": 5,
  "status": "success",
  "gold_auroc_mean": 0.280021645021645,
  "gold_auroc_std": 0.056014857062124015,
  "gold_ap_mean": 0.8639096500541305,
  "gold_ap_std": 0.05828320986495519,
  "gold_logloss_mean": 1.0719162009569634,
  "gold_logloss_std": 0.26463298417501097,
  "gold_brier_mean": 0.4127199419318314,
  "gold_brier_std": 0.10765646965981392,
  "gold_ece_mean": 0.5592566312140935,
  "gold_ece_std": 0.11400537149672105,
  "gold_f1_mean": 0.2921212121212121,
  "gold_f1_std": 0.18709121339708834,
  "gold_accuracy_mean": 0.2688422688422688,
  "gold_accuracy_std": 0.1315912811573709,
  "gold_pred_mean_mean": 0.3514872190632974,
  "gold_pred_mean_std": 0.09928063063236424,
  "gold_true_mean_mean": 0.8717754467754467,
  "gold_true_mean_std": 0.053341060897489724,
  "n_eval_rows_mean": 10.6,
  "n_eval_rows_std": 1.8547236990991407,
  "n_positive_mean": 9.2,
  "n_positive_std": 1.469693845669907,
  "precision_at_5_mean": 0.7600000000000001,
  "precision_at_5_std": 0.08000000000000003,
  "recall_at_5_mean": 0.427012987012987,
  "recall_at_5_std": 0.09701707253345522,
  "ndcg_at_5_mean": 0.8106109285122912,
  "ndcg_at_5_std": 0.06399936191868383,
  "precision_at_10_mean": 0.8527777777777779,
  "precision_at_10_std": 0.07693993167672919,
  "recall_at_10_mean": 0.8836363636363636,
  "recall_at_10_std": 0.1143287994346363,
  "ndcg_at_10_mean": 0.8866900186000122,
  "ndcg_at_10_std": 0.08711112655189943,
  "precision_at_20_mean": 0.8717754467754467,
  "precision_at_20_std": 0.053341060897489724,
  "recall_at_20_mean": 1.0,
  "recall_at_20_std": 0.0,
  "ndcg_at_20_mean": 0.9470080073693389,
  "ndcg_at_20_std": 0.024437323538957337,
  "n_metric_rows": 5,
  "n_predictions": 53,
  "n_episodes_diagnosed": 5,
  "collapse_rate": 0.0,
  "pred_mean_mean": 0.3514872223138809,
  "pred_std_mean": 0.1092197209596634,
  "frac_near_zero_mean": 0.0,
  "frac_near_one_mean": 0.0
}