{
  "experiment_id": "stage2__init-A_weak_only__method-anil__kpos-1__kneg-1__steps-3__target-Packaging-Material__synprop-0.5__gen-smote_nc",
  "method": "anil",
  "init_name": "A_weak_only",
  "target_department": "Packaging Material",
  "n_support_pos": 1,
  "n_support_neg": 1,
  "inner_steps": 3,
  "inner_lr": 0.01,
  "meta_batch_size": 4,
  "synthetic_proportion": 0.5,
  "augmentation_method": "smote_nc",
  "target_per_class": null,
  "k_neighbors": 5,
  "status": "success",
  "augmentation_method_requested": "smote_nc",
  "augmentation_method_actual": "smote_nc",
  "target_effective_k": null,
  "n_real_support_rows": 19.0,
  "n_synthetic_support_rows": 19.0,
  "n_effective_support_rows": 38.0,
  "n_real_support_pos": 8.0,
  "n_real_support_neg": 11.0,
  "n_synthetic_support_pos": 8.0,
  "n_synthetic_support_neg": 11.0,
  "n_query_rows": 57.0,
  "n_query_pos": 46.0,
  "n_query_neg": 11.0,
  "n_query_synthetic_rows": 0,
  "gen_fallback_used": false,
  "gen_skip_reason": null,
  "gold_auroc_mean": 0.3589325892742955,
  "gold_auroc_std": 0.06246748322585667,
  "gold_ap_mean": 0.771390164563855,
  "gold_ap_std": 0.053428616748819296,
  "gold_logloss_mean": 1.5973611668951029,
  "gold_logloss_std": 0.6027046552176535,
  "gold_brier_mean": 0.49170117731910884,
  "gold_brier_std": 0.1444844913335501,
  "gold_ece_mean": 0.5153176262756041,
  "gold_ece_std": 0.15843222056472583,
  "gold_f1_mean": 0.34005061662189395,
  "gold_f1_std": 0.2359087181079851,
  "gold_accuracy_mean": 0.3330315576978536,
  "gold_accuracy_std": 0.12003059017579183,
  "gold_pred_mean_mean": 0.3238243291736861,
  "gold_pred_mean_std": 0.17786060884372978,
  "gold_true_mean_mean": 0.8062888806492812,
  "gold_true_mean_std": 0.011705235633511928,
  "n_eval_rows_mean": 57.0,
  "n_eval_rows_std": 3.5496478698597698,
  "n_positive_mean": 46.0,
  "n_positive_std": 3.5496478698597698,
  "precision_at_5_mean": 0.74,
  "precision_at_5_std": 0.2835489375751565,
  "recall_at_5_mean": 0.08023110283202842,
  "recall_at_5_std": 0.030000996995185644,
  "ndcg_at_5_mean": 0.7123957096240534,
  "ndcg_at_5_std": 0.3276709963005455,
  "precision_at_10_mean": 0.77,
  "precision_at_10_std": 0.1417744687875783,
  "recall_at_10_mean": 0.16768926274121718,
  "recall_at_10_std": 0.03018682462297878,
  "ndcg_at_10_mean": 0.7459516751162997,
  "ndcg_at_10_std": 0.21229422058590322,
  "precision_at_20_mean": 0.73,
  "precision_at_20_std": 0.040000000000000015,
  "recall_at_20_mean": 0.3186657740780626,
  "recall_at_20_std": 0.02351231559184907,
  "ndcg_at_20_mean": 0.7261030905782115,
  "ndcg_at_20_std": 0.09773596720689684,
  "n_metric_rows": 20,
  "n_predictions": 1140,
  "n_episodes_diagnosed": 20,
  "collapse_rate": 0.0,
  "pred_mean_mean": 0.3238243289291859,
  "pred_std_mean": 0.189136846922338,
  "frac_near_zero_mean": 0.1808233428088823,
  "frac_near_one_mean": 0.0
}