iteration,meta_loss,n_skipped
1,2.4063539505004883,0
2,24.883808135986328,0
3,3.5692102909088135,0
4,8.574662208557129,0
5,1.8799633979797363,0
