{
  "experiment_id": "stage2__init-A_weak_only__method-finetune__kpos-2__kneg-2__steps-3__target-Logistics",
  "method": "finetune",
  "init_name": "A_weak_only",
  "target_department": "Logistics",
  "n_support_pos": 2,
  "n_support_neg": 2,
  "inner_steps": 3,
  "status": "success",
  "gold_auroc_mean": 0.5,
  "gold_auroc_std": 0.0,
  "gold_ap_mean": 0.8920454545454546,
  "gold_ap_std": 0.01704545454545453,
  "gold_logloss_mean": 1.9885962250546851,
  "gold_logloss_std": 0.31398887606126613,
  "gold_brier_mean": 0.10795454329545465,
  "gold_brier_std": 0.01704545420454546,
  "gold_ece_mean": 0.10795453545454536,
  "gold_ece_std": 0.017045454545454586,
  "gold_f1_mean": 0.9428571428571428,
  "gold_f1_std": 0.00952380952380949,
  "gold_accuracy_mean": 0.8920454545454546,
  "gold_accuracy_std": 0.01704545454545453,
  "gold_pred_mean_mean": 0.9999999899999998,
  "gold_pred_mean_std": 7.850462293418876e-17,
  "gold_true_mean_mean": 0.8920454545454546,
  "gold_true_mean_std": 0.01704545454545453,
  "n_eval_rows_mean": 9.5,
  "n_eval_rows_std": 1.5,
  "n_positive_mean": 8.5,
  "n_positive_std": 1.5,
  "precision_at_5_mean": 1.0,
  "precision_at_5_std": 0.0,
  "recall_at_5_mean": 0.6071428571428572,
  "recall_at_5_std": 0.10714285714285715,
  "ndcg_at_5_mean": 0.8920454545454544,
  "ndcg_at_5_std": 0.017045454545454475,
  "precision_at_10_mean": 0.9375,
  "precision_at_10_std": 0.0625,
  "recall_at_10_mean": 1.0,
  "recall_at_10_std": 0.0,
  "ndcg_at_10_mean": 0.9299827545116319,
  "ndcg_at_10_std": 0.02089184542072292,
  "precision_at_20_mean": 0.8920454545454546,
  "precision_at_20_std": 0.01704545454545453,
  "recall_at_20_mean": 1.0,
  "recall_at_20_std": 0.0,
  "ndcg_at_20_mean": 0.9578886843319713,
  "ndcg_at_20_std": 0.0070140843996163715,
  "n_metric_rows": 2,
  "n_predictions": 19
}