model,gold_auroc,gold_ap,gold_logloss,gold_brier,gold_ece,gold_f1,gold_accuracy,gold_pred_mean,gold_true_mean,n_eval_rows,n_positive,precision_at_5,recall_at_5,ndcg_at_5,precision_at_10,recall_at_10,ndcg_at_10,precision_at_20,recall_at_20,ndcg_at_20,episode_idx
MAML,0.4444444444444444,0.6600580973129992,1.109357994556124,0.37918325348569065,0.476885190781425,0.5833333333333334,0.4117647058823529,0.7617237936047947,0.5294117647058824,17,9,0.6,0.3333333333333333,0.7227265726449517,0.5,0.5555555555555556,0.6395647163312485,0.5294117647058824,1.0,0.8757152532126752,0
MAML,0.75,0.9331349206349205,0.5149168361022101,0.18057865780349208,0.18477343954145908,0.7692307692307693,0.625,0.6811949294060469,0.75,16,12,1.0,0.4166666666666667,0.9999999999999999,0.9,0.75,0.9363792118010483,0.75,1.0,0.9827917089959051,1
MAML,0.2727272727272727,0.630515978376941,1.0438946230745896,0.3489011729539595,0.4475149038959952,0.6923076923076923,0.5294117647058824,0.7292092424981734,0.6470588235294118,17,11,0.4,0.18181818181818182,0.5531464700081437,0.5,0.45454545454545453,0.5582604437617527,0.6470588235294118,1.0,0.8466109202078335,2
MAML,0.8125,0.9493686868686868,0.5029303541801986,0.17469890727505255,0.1914137676358223,0.7692307692307693,0.625,0.6879896596074104,0.75,16,12,1.0,0.4166666666666667,0.9999999999999999,0.9,0.75,0.9363792118010483,0.75,1.0,0.9873049806068157,3
MAML,0.4375,0.6721647504542242,0.9710318349436141,0.33161406988352965,0.3142030820250511,0.6666666666666666,0.5,0.7390046194195747,0.6,20,12,0.6,0.25,0.7227265726449517,0.5,0.4166666666666667,0.5988751049740154,0.6,1.0,0.8803257627470903,4
