method,episode_idx,repeat_idx,n_query,pred_mean,pred_std,pred_min,pred_max,frac_near_zero,frac_near_one,collapsed,collapse_reason
maml,0,0,17,0.7617238163948059,0.19205883145332336,0.363909512758255,0.9979186654090881,0.0,0.23529411764705882,False,
maml,1,1,16,0.6811949014663696,0.17976520955562592,0.3449929356575012,0.9970955848693848,0.0,0.1875,False,
maml,2,2,17,0.7292092442512512,0.19026975333690643,0.3430560529232025,0.9836867451667786,0.0,0.11764705882352941,False,
maml,3,3,16,0.6879896521568298,0.17495717108249664,0.3458040654659271,0.9970966577529907,0.0,0.1875,False,
maml,4,4,20,0.7390045523643494,0.18563058972358704,0.33697545528411865,0.9976732134819031,0.0,0.15,False,
