{
  "experiment_id": "stage2__init-C_hybrid__method-maml__kpos-1__kneg-1__steps-1__target-Logistics__lr-0.0005__clip-0.5",
  "method": "maml",
  "init_name": "C_hybrid",
  "target_department": "Logistics",
  "n_support_pos": 1,
  "n_support_neg": 1,
  "inner_steps": 1,
  "inner_lr": 0.0005,
  "meta_batch_size": 2,
  "gradient_clip_norm": 0.5,
  "inner_grad_clip": 0.5,
  "synthetic_proportion": 0.0,
  "augmentation_method": "none",
  "target_per_class": null,
  "k_neighbors": 5,
  "status": "success",
  "augmentation_method_requested": "none",
  "augmentation_method_actual": "none",
  "target_effective_k": null,
  "n_real_support_rows": 4.8,
  "n_synthetic_support_rows": 0.0,
  "n_effective_support_rows": 4.8,
  "n_real_support_pos": 1.8,
  "n_real_support_neg": 3.0,
  "n_synthetic_support_pos": 0.0,
  "n_synthetic_support_neg": 0.0,
  "n_query_rows": 17.2,
  "n_query_pos": 11.2,
  "n_query_neg": 6.0,
  "n_query_synthetic_rows": 0,
  "gen_fallback_used": false,
  "gen_skip_reason": null,
  "gold_auroc_mean": 0.5434343434343434,
  "gold_auroc_std": 0.20463093674574595,
  "gold_ap_mean": 0.7690484867295544,
  "gold_ap_std": 0.14134804673592333,
  "gold_logloss_mean": 0.8284263285713473,
  "gold_logloss_std": 0.2645454019823093,
  "gold_brier_mean": 0.28299521228034485,
  "gold_brier_std": 0.08738051103831054,
  "gold_ece_mean": 0.3229580767759505,
  "gold_ece_std": 0.1230313039645902,
  "gold_f1_mean": 0.6961538461538461,
  "gold_f1_std": 0.06970398573881122,
  "gold_accuracy_mean": 0.538235294117647,
  "gold_accuracy_std": 0.08073516018418121,
  "gold_pred_mean_mean": 0.7198244489072001,
  "gold_pred_mean_std": 0.030715474811139638,
  "gold_true_mean_mean": 0.6552941176470588,
  "gold_true_mean_std": 0.08591860636914002,
  "n_eval_rows_mean": 17.2,
  "n_eval_rows_std": 1.469693845669907,
  "n_positive_mean": 11.2,
  "n_positive_std": 1.1661903789690602,
  "precision_at_5_mean": 0.72,
  "precision_at_5_std": 0.24000000000000002,
  "recall_at_5_mean": 0.3196969696969697,
  "recall_at_5_std": 0.09258555222698298,
  "ndcg_at_5_mean": 0.7997199230596094,
  "ndcg_at_5_std": 0.1748591651612059,
  "precision_at_10_mean": 0.6599999999999999,
  "precision_at_10_std": 0.19595917942265426,
  "recall_at_10_mean": 0.5853535353535354,
  "recall_at_10_std": 0.1418949258523885,
  "ndcg_at_10_mean": 0.7338917377338225,
  "ndcg_at_10_std": 0.16731753274479802,
  "precision_at_20_mean": 0.6552941176470588,
  "precision_at_20_std": 0.08591860636914002,
  "recall_at_20_mean": 1.0,
  "recall_at_20_std": 0.0,
  "ndcg_at_20_mean": 0.914549725154064,
  "ndcg_at_20_std": 0.058728821861140174,
  "n_metric_rows": 5,
  "n_predictions": 86,
  "n_episodes_diagnosed": 5,
  "collapse_rate": 0.0,
  "pred_mean_mean": 0.7198244333267212,
  "pred_std_mean": 0.18453631103038787,
  "frac_near_zero_mean": 0.0,
  "frac_near_one_mean": 0.17558823529411766,
  "query_true_mean_mean": 0.6552941203117371,
  "query_pos_count_mean": 11.199999809265137,
  "query_neg_count_mean": 6.0,
  "n_one_class_query_episodes": 0,
  "support_pos_count_mean": 1.8,
  "support_neg_count_mean": 3.0,
  "support_true_mean_mean": 0.4066666666666666
}