iteration,meta_loss,n_valid_tasks,n_skipped,n_skipped_this_iteration,n_skipped_cumulative
1,1.593285322189331,2,0,0,0
2,1.6600325107574463,2,0,0,0
3,1.47526216506958,2,0,0,0
4,1.7044601440429688,2,0,0,0
5,1.3199684619903564,2,0,0,0
