iteration,meta_loss,n_skipped,n_valid_tasks
1,2.4063539505004883,0,2
2,0.1130170077085495,0,2
3,2.1642560958862305,0,2
4,1.0325183868408203,0,2
5,0.7451679110527039,0,2
