model,gold_auroc,gold_ap,gold_logloss,gold_brier,gold_ece,gold_f1,gold_accuracy,gold_pred_mean,gold_true_mean,n_eval_rows,n_positive,precision_at_5,recall_at_5,ndcg_at_5,precision_at_10,recall_at_10,ndcg_at_10,precision_at_20,recall_at_20,ndcg_at_20,episode_idx
ANIL,0.7142857142857143,0.9617346938775511,0.3867989107391321,0.14365582888517292,0.25541073456406593,0.7692307692307693,0.625,0.7914152555167675,0.875,8,7,1.0,0.7142857142857143,0.9999999999999999,0.875,1.0,0.988800903144152,0.875,1.0,0.988800903144152,0
ANIL,0.8,0.9809090909090908,0.4657909380575921,0.15135984338695038,0.2834561656821858,0.8888888888888888,0.8181818181818182,0.6944627897305922,0.9090909090909091,11,10,1.0,0.5,0.9999999999999999,0.9,0.9,0.933745776545611,0.9090909090909091,1.0,0.9951388221503574,1
