method,episode_idx,repeat_idx,n_query,pred_mean,pred_std,pred_min,pred_max,frac_near_zero,frac_near_one,collapsed,collapse_reason
anil,0,0,8,0.45051807165145874,0.19199618697166443,0.1857997328042984,0.6895731091499329,0.0,0.0,False,
anil,1,1,11,0.3740988075733185,0.1475570648908615,0.12841404974460602,0.552227258682251,0.0,0.0,False,
