{
  "experiment_id": "stage2__init-A_weak_only__method-anil__kpos-2__kneg-2__steps-3__target-Logistics",
  "method": "anil",
  "init_name": "A_weak_only",
  "target_department": "Logistics",
  "n_support_pos": 2,
  "n_support_neg": 2,
  "inner_steps": 3,
  "status": "success",
  "gold_auroc_mean": 0.5181089245966696,
  "gold_auroc_std": 0.19423552903649066,
  "gold_ap_mean": 0.7402173685516249,
  "gold_ap_std": 0.1704629989322683,
  "gold_logloss_mean": 1.2303466467618531,
  "gold_logloss_std": 0.7951592139323772,
  "gold_brier_mean": 0.300894343673654,
  "gold_brier_std": 0.09846194003363072,
  "gold_ece_mean": 0.2977950662016582,
  "gold_ece_std": 0.12349888727618381,
  "gold_f1_mean": 0.697488485562769,
  "gold_f1_std": 0.20895411303973682,
  "gold_accuracy_mean": 0.6067863684605398,
  "gold_accuracy_std": 0.1562026726438817,
  "gold_pred_mean_mean": 0.7497186913114084,
  "gold_pred_mean_std": 0.2232185921030034,
  "gold_true_mean_mean": 0.6980093695973341,
  "gold_true_mean_std": 0.0802917532046381,
  "n_eval_rows_mean": 41.05,
  "n_eval_rows_std": 5.962172422867356,
  "n_positive_mean": 28.45,
  "n_positive_std": 4.165033013074447,
  "precision_at_5_mean": 0.72,
  "precision_at_5_std": 0.3762977544445356,
  "recall_at_5_mean": 0.12670510744545477,
  "recall_at_5_std": 0.07217507421630345,
  "ndcg_at_5_mean": 0.7333435465849819,
  "ndcg_at_5_std": 0.3774960350690494,
  "precision_at_10_mean": 0.7149999999999999,
  "precision_at_10_std": 0.3004579837514723,
  "recall_at_10_mean": 0.2543892701306797,
  "recall_at_10_std": 0.11994853740923678,
  "ndcg_at_10_mean": 0.7236855563083304,
  "ndcg_at_10_std": 0.3237458527504703,
  "precision_at_20_mean": 0.6825,
  "precision_at_20_std": 0.1776759691123141,
  "recall_at_20_mean": 0.4891486512092641,
  "recall_at_20_std": 0.14871200259877665,
  "ndcg_at_20_mean": 0.6965007753599849,
  "ndcg_at_20_std": 0.22038703627254488,
  "n_metric_rows": 20,
  "n_predictions": 821,
  "n_episodes_diagnosed": 20,
  "collapse_rate": 0.2,
  "pred_mean_mean": 0.749718688428402,
  "pred_std_mean": 0.11442575963737908,
  "frac_near_zero_mean": 0.0022727272727272726,
  "frac_near_one_mean": 0.31112164066866904
}