{
  "experiment_id": "stage2__init-A_weak_only__method-anil__kpos-2__kneg-2__steps-3__target-Logistics",
  "method": "anil",
  "init_name": "A_weak_only",
  "target_department": "Logistics",
  "n_support_pos": 2,
  "n_support_neg": 2,
  "inner_steps": 3,
  "status": "success",
  "gold_auroc_mean": 0.7571428571428571,
  "gold_auroc_std": 0.04285714285714287,
  "gold_ap_mean": 0.9713218923933209,
  "gold_ap_std": 0.00958719851576989,
  "gold_logloss_mean": 0.4262949243983621,
  "gold_logloss_std": 0.03949601365923,
  "gold_brier_mean": 0.14750783613606167,
  "gold_brier_std": 0.003852007250888731,
  "gold_ece_mean": 0.26943345012312586,
  "gold_ece_std": 0.014022715559059928,
  "gold_f1_mean": 0.829059829059829,
  "gold_f1_std": 0.05982905982905978,
  "gold_accuracy_mean": 0.7215909090909092,
  "gold_accuracy_std": 0.09659090909090912,
  "gold_pred_mean_mean": 0.7429390226236798,
  "gold_pred_mean_std": 0.04847623289308767,
  "gold_true_mean_mean": 0.8920454545454546,
  "gold_true_mean_std": 0.01704545454545453,
  "n_eval_rows_mean": 9.5,
  "n_eval_rows_std": 1.5,
  "n_positive_mean": 8.5,
  "n_positive_std": 1.5,
  "precision_at_5_mean": 1.0,
  "precision_at_5_std": 0.0,
  "recall_at_5_mean": 0.6071428571428572,
  "recall_at_5_std": 0.10714285714285715,
  "ndcg_at_5_mean": 0.9999999999999999,
  "ndcg_at_5_std": 0.0,
  "precision_at_10_mean": 0.8875,
  "precision_at_10_std": 0.012500000000000011,
  "recall_at_10_mean": 0.95,
  "recall_at_10_std": 0.04999999999999999,
  "ndcg_at_10_mean": 0.9612733398448815,
  "ndcg_at_10_std": 0.02752756329927053,
  "precision_at_20_mean": 0.8920454545454546,
  "precision_at_20_std": 0.01704545454545453,
  "recall_at_20_mean": 1.0,
  "recall_at_20_std": 0.0,
  "ndcg_at_20_mean": 0.9919698626472547,
  "ndcg_at_20_std": 0.0031689595031026974,
  "n_metric_rows": 2,
  "n_predictions": 19
}