{
  "experiment_id": "stage2__init-A_weak_only__method-anil__kpos-2__kneg-2__steps-3__target-Logistics",
  "method": "anil",
  "init_name": "A_weak_only",
  "target_department": "Logistics",
  "n_support_pos": 2,
  "n_support_neg": 2,
  "inner_steps": 3,
  "inner_lr": 0.01,
  "meta_batch_size": 2,
  "synthetic_proportion": 0.0,
  "augmentation_method": "none",
  "target_per_class": null,
  "k_neighbors": 5,
  "status": "success",
  "gold_auroc_mean": 0.7571428571428571,
  "gold_auroc_std": 0.04285714285714287,
  "gold_ap_mean": 0.9713218923933209,
  "gold_ap_std": 0.00958719851576989,
  "gold_logloss_mean": 0.8561152142217026,
  "gold_logloss_std": 0.08997314011361796,
  "gold_brier_mean": 0.3128040528394508,
  "gold_brier_std": 0.03922051240469915,
  "gold_ece_mean": 0.47973699266598985,
  "gold_ece_std": 0.055255073630674334,
  "gold_f1_mean": 0.6474358974358975,
  "gold_f1_std": 0.1858974358974359,
  "gold_accuracy_mean": 0.5568181818181819,
  "gold_accuracy_std": 0.19318181818181818,
  "gold_pred_mean_mean": 0.4123084618794647,
  "gold_pred_mean_std": 0.038209619085219776,
  "gold_true_mean_mean": 0.8920454545454546,
  "gold_true_mean_std": 0.01704545454545453,
  "n_eval_rows_mean": 9.5,
  "n_eval_rows_std": 1.5,
  "n_positive_mean": 8.5,
  "n_positive_std": 1.5,
  "precision_at_5_mean": 1.0,
  "precision_at_5_std": 0.0,
  "recall_at_5_mean": 0.6071428571428572,
  "recall_at_5_std": 0.10714285714285715,
  "ndcg_at_5_mean": 0.9999999999999999,
  "ndcg_at_5_std": 0.0,
  "precision_at_10_mean": 0.8875,
  "precision_at_10_std": 0.012500000000000011,
  "recall_at_10_mean": 0.95,
  "recall_at_10_std": 0.04999999999999999,
  "ndcg_at_10_mean": 0.9612733398448815,
  "ndcg_at_10_std": 0.02752756329927053,
  "precision_at_20_mean": 0.8920454545454546,
  "precision_at_20_std": 0.01704545454545453,
  "recall_at_20_mean": 1.0,
  "recall_at_20_std": 0.0,
  "ndcg_at_20_mean": 0.9919698626472547,
  "ndcg_at_20_std": 0.0031689595031026974,
  "n_metric_rows": 2,
  "n_predictions": 19,
  "n_episodes_diagnosed": 2,
  "collapse_rate": 0.0,
  "pred_mean_mean": 0.4123084396123886,
  "pred_std_mean": 0.16977662593126297,
  "frac_near_zero_mean": 0.0,
  "frac_near_one_mean": 0.0
}