{
  "experiment_id": "stage2__init-A_weak_only__method-anil__kpos-2__kneg-2__steps-3__target-Logistics",
  "method": "anil",
  "init_name": "A_weak_only",
  "target_department": "Logistics",
  "n_support_pos": 2,
  "n_support_neg": 2,
  "inner_steps": 3,
  "status": "success",
  "gold_auroc_mean": 0.6357088744588744,
  "gold_auroc_std": 0.20830203980128703,
  "gold_ap_mean": 0.86483400433441,
  "gold_ap_std": 0.11424594549892964,
  "gold_logloss_mean": 1.2654569223227838,
  "gold_logloss_std": 0.6894860441789483,
  "gold_brier_mean": 0.2947957420417559,
  "gold_brier_std": 0.08734200530125587,
  "gold_ece_mean": 0.34374618099172777,
  "gold_ece_std": 0.09462536494747922,
  "gold_f1_mean": 0.776509268165615,
  "gold_f1_std": 0.08746386975372919,
  "gold_accuracy_mean": 0.6590094627594626,
  "gold_accuracy_std": 0.09897633075419822,
  "gold_pred_mean_mean": 0.7760786165850132,
  "gold_pred_mean_std": 0.20231018921976243,
  "gold_true_mean_mean": 0.7447660672660672,
  "gold_true_mean_std": 0.13033374816883822,
  "n_eval_rows_mean": 10.25,
  "n_eval_rows_std": 2.118372016431486,
  "n_positive_mean": 7.65,
  "n_positive_std": 2.1277922830953213,
  "precision_at_5_mean": 0.8400000000000002,
  "precision_at_5_std": 0.17435595774162693,
  "recall_at_5_mean": 0.5755248917748916,
  "recall_at_5_std": 0.14614274084786485,
  "ndcg_at_5_mean": 0.8852488199014236,
  "ndcg_at_5_std": 0.13850253906387983,
  "precision_at_10_mean": 0.7277380952380951,
  "precision_at_10_std": 0.13103057429797307,
  "recall_at_10_mean": 0.9066233766233767,
  "recall_at_10_std": 0.1265516946620034,
  "ndcg_at_10_mean": 0.8942175907316002,
  "ndcg_at_10_std": 0.08912642365744268,
  "precision_at_20_mean": 0.7447660672660672,
  "precision_at_20_std": 0.13033374816883822,
  "recall_at_20_mean": 1.0,
  "recall_at_20_std": 0.0,
  "ndcg_at_20_mean": 0.9466336467910944,
  "ndcg_at_20_std": 0.05436355432910876,
  "n_metric_rows": 20,
  "n_predictions": 205,
  "n_episodes_diagnosed": 20,
  "collapse_rate": 0.05,
  "pred_mean_mean": 0.7760786235332489,
  "pred_std_mean": 0.18742108015576378,
  "frac_near_zero_mean": 0.0505050505050505,
  "frac_near_one_mean": 0.4142460317460318
}