{
  "experiment_id": "stage2__init-C_hybrid__method-anil__kpos-1__kneg-1__steps-3__target-Logistics__synprop-1__gen-smote_nc",
  "method": "anil",
  "init_name": "C_hybrid",
  "target_department": "Logistics",
  "n_support_pos": 1,
  "n_support_neg": 1,
  "inner_steps": 3,
  "inner_lr": 0.01,
  "meta_batch_size": 4,
  "synthetic_proportion": 1.0,
  "augmentation_method": "smote_nc",
  "target_per_class": null,
  "k_neighbors": 5,
  "status": "success",
  "gold_auroc_mean": 0.5622895622895623,
  "gold_auroc_std": 0.09122031773834385,
  "gold_ap_mean": 0.7705488172288528,
  "gold_ap_std": 0.11083735115165352,
  "gold_logloss_mean": 1.119833533677974,
  "gold_logloss_std": 0.30763922183798914,
  "gold_brier_mean": 0.33383264446848143,
  "gold_brier_std": 0.06159709399912035,
  "gold_ece_mean": 0.3996512383891968,
  "gold_ece_std": 0.1294174742216564,
  "gold_f1_mean": 0.54,
  "gold_f1_std": 0.13366625103842278,
  "gold_accuracy_mean": 0.4791666666666667,
  "gold_accuracy_std": 0.0778355122951001,
  "gold_pred_mean_mean": 0.54791513170708,
  "gold_pred_mean_std": 0.1612184987111134,
  "gold_true_mean_mean": 0.642156862745098,
  "gold_true_mean_std": 0.09012145250416782,
  "n_eval_rows_mean": 16.666666666666668,
  "n_eval_rows_std": 0.4714045207910317,
  "n_positive_mean": 10.666666666666666,
  "n_positive_std": 1.247219128924647,
  "precision_at_5_mean": 0.7333333333333334,
  "precision_at_5_std": 0.18856180831641267,
  "recall_at_5_mean": 0.3409090909090909,
  "recall_at_5_std": 0.05900667396741377,
  "ndcg_at_5_mean": 0.802359373388479,
  "ndcg_at_5_std": 0.14062840776048016,
  "precision_at_10_mean": 0.6666666666666666,
  "precision_at_10_std": 0.12472191289246473,
  "recall_at_10_mean": 0.6195286195286195,
  "recall_at_10_std": 0.04689693022620913,
  "ndcg_at_10_mean": 0.7475895699190751,
  "ndcg_at_10_std": 0.09969042510104581,
  "precision_at_20_mean": 0.642156862745098,
  "precision_at_20_std": 0.09012145250416782,
  "recall_at_20_mean": 1.0,
  "recall_at_20_std": 0.0,
  "ndcg_at_20_mean": 0.9181740398218493,
  "ndcg_at_20_std": 0.04693119687579626,
  "n_metric_rows": 3,
  "n_predictions": 50,
  "n_episodes_diagnosed": 3,
  "collapse_rate": 0.0,
  "pred_mean_mean": 0.5479151407877604,
  "pred_std_mean": 0.24986700216929117,
  "frac_near_zero_mean": 0.10294117647058824,
  "frac_near_one_mean": 0.0
}