{
  "experiment_id": "stage2__init-A_weak_only__method-maml__kpos-2__kneg-2__steps-5__target-Logistics__lr-0.0005",
  "method": "maml",
  "init_name": "A_weak_only",
  "target_department": "Logistics",
  "n_support_pos": 2,
  "n_support_neg": 2,
  "inner_steps": 5,
  "inner_lr": 0.0005,
  "meta_batch_size": 4,
  "status": "success",
  "gold_auroc_mean": 0.5854119437506944,
  "gold_auroc_std": 0.16184276556151442,
  "gold_ap_mean": 0.7447679539102416,
  "gold_ap_std": 0.12135441925902811,
  "gold_logloss_mean": 0.631196769085574,
  "gold_logloss_std": 0.04089662930531282,
  "gold_brier_mean": 0.21926164936360606,
  "gold_brier_std": 0.019745564656493405,
  "gold_ece_mean": 0.12753401651031887,
  "gold_ece_std": 0.05915342866142484,
  "gold_f1_mean": 0.8194826328020062,
  "gold_f1_std": 0.05644808478221971,
  "gold_accuracy_mean": 0.6980093695973341,
  "gold_accuracy_std": 0.0802917532046381,
  "gold_pred_mean_mean": 0.6112117875497097,
  "gold_pred_mean_std": 0.013580389532150083,
  "gold_true_mean_mean": 0.6980093695973341,
  "gold_true_mean_std": 0.0802917532046381,
  "n_eval_rows_mean": 41.05,
  "n_eval_rows_std": 5.962172422867356,
  "n_positive_mean": 28.45,
  "n_positive_std": 4.165033013074447,
  "precision_at_5_mean": 0.7,
  "precision_at_5_std": 0.21447610589527216,
  "recall_at_5_mean": 0.1259106621032153,
  "recall_at_5_std": 0.04071452308570175,
  "ndcg_at_5_mean": 0.6905397627542973,
  "ndcg_at_5_std": 0.21154985263782985,
  "precision_at_10_mean": 0.6849999999999999,
  "precision_at_10_std": 0.23722352328552918,
  "recall_at_10_mean": 0.2441256519297162,
  "recall_at_10_std": 0.08797232549336918,
  "ndcg_at_10_mean": 0.7033718285602716,
  "ndcg_at_10_std": 0.1909061591117968,
  "precision_at_20_mean": 0.7325,
  "precision_at_20_std": 0.20141685629559408,
  "recall_at_20_mean": 0.5216334670926186,
  "recall_at_20_std": 0.1456045501889368,
  "ndcg_at_20_mean": 0.7257608718556401,
  "ndcg_at_20_std": 0.15961174861973426,
  "n_metric_rows": 20,
  "n_predictions": 821,
  "n_episodes_diagnosed": 20,
  "collapse_rate": 0.9,
  "pred_mean_mean": 0.6112117916345596,
  "pred_std_mean": 0.011174435308203102,
  "frac_near_zero_mean": 0.0,
  "frac_near_one_mean": 0.0
}