{
  "experiment_id": "stage2__init-A_weak_only__method-anil__kpos-2__kneg-2__steps-5__target-Logistics__synprop-0.5__gen-smote_nc",
  "method": "anil",
  "init_name": "A_weak_only",
  "target_department": "Logistics",
  "n_support_pos": 2,
  "n_support_neg": 2,
  "inner_steps": 5,
  "inner_lr": 0.01,
  "meta_batch_size": 4,
  "synthetic_proportion": 0.5,
  "augmentation_method": "smote_nc",
  "target_per_class": null,
  "k_neighbors": 5,
  "status": "success",
  "augmentation_method_requested": "smote_nc",
  "augmentation_method_actual": "smote_nc",
  "target_effective_k": null,
  "n_real_support_rows": 11.3,
  "n_synthetic_support_rows": 11.3,
  "n_effective_support_rows": 22.6,
  "n_real_support_pos": 5.8,
  "n_real_support_neg": 5.5,
  "n_synthetic_support_pos": 5.8,
  "n_synthetic_support_neg": 5.5,
  "n_query_rows": 10.7,
  "n_query_pos": 7.2,
  "n_query_neg": 3.5,
  "n_query_synthetic_rows": 0,
  "gen_fallback_used": false,
  "gen_skip_reason": null,
  "gold_auroc_mean": 0.44140476190476197,
  "gold_auroc_std": 0.15076324902387794,
  "gold_ap_mean": 0.7501082206483993,
  "gold_ap_std": 0.13056679686428793,
  "gold_logloss_mean": 0.7373374564062609,
  "gold_logloss_std": 0.09653821090461234,
  "gold_brier_mean": 0.27164705498548525,
  "gold_brier_std": 0.04298557299489444,
  "gold_ece_mean": 0.28329302292115366,
  "gold_ece_std": 0.14984882145859368,
  "gold_f1_mean": 0.5989709580924751,
  "gold_f1_std": 0.15489809657909118,
  "gold_accuracy_mean": 0.4896155233655234,
  "gold_accuracy_std": 0.10790315515029163,
  "gold_pred_mean_mean": 0.571858923864122,
  "gold_pred_mean_std": 0.11012065070033089,
  "gold_true_mean_mean": 0.6797582972582973,
  "gold_true_mean_std": 0.14218116433076594,
  "n_eval_rows_mean": 10.7,
  "n_eval_rows_std": 2.238302928559939,
  "n_positive_mean": 7.2,
  "n_positive_std": 1.74928556845359,
  "precision_at_5_mean": 0.6100000000000001,
  "precision_at_5_std": 0.17291616465790582,
  "recall_at_5_mean": 0.438154761904762,
  "recall_at_5_std": 0.1266251918090562,
  "ndcg_at_5_mean": 0.6758729559627763,
  "ndcg_at_5_std": 0.1866962223504746,
  "precision_at_10_mean": 0.6738492063492062,
  "precision_at_10_std": 0.1381589036329589,
  "recall_at_10_mean": 0.8994642857142858,
  "recall_at_10_std": 0.1395157212632033,
  "ndcg_at_10_mean": 0.8230977239330513,
  "ndcg_at_10_std": 0.1153264961032447,
  "precision_at_20_mean": 0.6797582972582973,
  "precision_at_20_std": 0.14218116433076594,
  "recall_at_20_mean": 1.0,
  "recall_at_20_std": 0.0,
  "ndcg_at_20_mean": 0.8797616257313934,
  "ndcg_at_20_std": 0.09601718617889161,
  "n_metric_rows": 20,
  "n_predictions": 214,
  "n_episodes_diagnosed": 20,
  "collapse_rate": 0.0,
  "pred_mean_mean": 0.5718589186668396,
  "pred_std_mean": 0.1019372334703803,
  "frac_near_zero_mean": 0.0,
  "frac_near_one_mean": 0.0
}