{
  "experiment_id": "stage2__init-random__method-anil__kpos-1__kneg-1__steps-3__target-Packaging-Material__synprop-0.9__gen-smote_nc",
  "method": "anil",
  "init_name": "random",
  "target_department": "Packaging Material",
  "n_support_pos": 1,
  "n_support_neg": 1,
  "inner_steps": 3,
  "inner_lr": 0.01,
  "meta_batch_size": 4,
  "synthetic_proportion": 0.9,
  "augmentation_method": "smote_nc",
  "target_per_class": null,
  "k_neighbors": 5,
  "status": "success",
  "gold_auroc_mean": 0.4780748663101605,
  "gold_auroc_std": 0.04385026737967915,
  "gold_ap_mean": 0.8045240491731456,
  "gold_ap_std": 0.010888180504533666,
  "gold_logloss_mean": 6.624746537792694,
  "gold_logloss_std": 4.330820377849146,
  "gold_brier_mean": 0.4487357667882549,
  "gold_brier_std": 0.30012527360955427,
  "gold_ece_mean": 0.4487639562508189,
  "gold_ece_std": 0.30016036415850844,
  "gold_f1_mean": 0.5319587628865979,
  "gold_f1_std": 0.4343425110914501,
  "gold_accuracy_mean": 0.5511926832282784,
  "gold_accuracy_std": 0.30021432882470495,
  "gold_pred_mean_mean": 0.6000433485209026,
  "gold_pred_mean_std": 0.4898448502260976,
  "gold_true_mean_mean": 0.8043628723272771,
  "gold_true_mean_std": 0.01061018362086474,
  "n_eval_rows_mean": 56.4,
  "n_eval_rows_std": 3.1999999999999997,
  "n_positive_mean": 45.4,
  "n_positive_std": 3.1999999999999997,
  "precision_at_5_mean": 1.0,
  "precision_at_5_std": 0.0,
  "recall_at_5_mean": 0.11065188074240087,
  "recall_at_5_std": 0.007379683099381025,
  "ndcg_at_5_mean": 0.839846743295019,
  "ndcg_at_5_std": 0.08026126458643305,
  "precision_at_10_mean": 0.9,
  "precision_at_10_std": 0.08944271909999157,
  "recall_at_10_mean": 0.19877754169456005,
  "recall_at_10_std": 0.020777694729961445,
  "ndcg_at_10_mean": 0.8265958986041413,
  "ndcg_at_10_std": 0.053850517828786935,
  "precision_at_20_mean": 0.66,
  "precision_at_20_std": 0.17435595774162693,
  "recall_at_20_mean": 0.2885738956641538,
  "recall_at_20_std": 0.06660326064044979,
  "ndcg_at_20_mean": 0.8088855454879396,
  "ndcg_at_20_std": 0.018952054005517152,
  "n_metric_rows": 5,
  "n_predictions": 282,
  "n_episodes_diagnosed": 5,
  "collapse_rate": 1.0,
  "pred_mean_mean": 0.6000433525216067,
  "pred_std_mean": 3.200068749721164e-06,
  "frac_near_zero_mean": 0.4,
  "frac_near_one_mean": 0.6
}