{
  "experiment_id": "stage2__init-A_weak_only__method-maml__kpos-1__kneg-1__steps-5__target-Logistics",
  "method": "maml",
  "init_name": "A_weak_only",
  "target_department": "Logistics",
  "n_support_pos": 1,
  "n_support_neg": 1,
  "inner_steps": 5,
  "inner_lr": 0.01,
  "meta_batch_size": 4,
  "synthetic_proportion": 0.0,
  "augmentation_method": "none",
  "target_per_class": null,
  "k_neighbors": 5,
  "status": "success",
  "augmentation_method_requested": "none",
  "augmentation_method_actual": "none",
  "target_effective_k": null,
  "n_real_support_rows": 5.6,
  "n_synthetic_support_rows": 0.0,
  "n_effective_support_rows": 5.6,
  "n_real_support_pos": 2.7,
  "n_real_support_neg": 2.9,
  "n_synthetic_support_pos": 0.0,
  "n_synthetic_support_neg": 0.0,
  "n_query_rows": 16.4,
  "n_query_pos": 10.3,
  "n_query_neg": 6.1,
  "n_query_synthetic_rows": 0,
  "gen_fallback_used": false,
  "gen_skip_reason": null,
  "gold_auroc_mean": 0.5044402356902357,
  "gold_auroc_std": 0.22878712632472145,
  "gold_ap_mean": 0.6939411869710062,
  "gold_ap_std": 0.17571241623257536,
  "gold_logloss_mean": 1.2966805130798562,
  "gold_logloss_std": 1.1859514048775552,
  "gold_brier_mean": 0.3438407497251963,
  "gold_brier_std": 0.1579819753577699,
  "gold_ece_mean": 0.2834912378778521,
  "gold_ece_std": 0.20756283517913673,
  "gold_f1_mean": 0.5828155178155179,
  "gold_f1_std": 0.3262279034311252,
  "gold_accuracy_mean": 0.562727378400753,
  "gold_accuracy_std": 0.1426840421885021,
  "gold_pred_mean_mean": 0.626736439675796,
  "gold_pred_mean_std": 0.3227403495762322,
  "gold_true_mean_mean": 0.6308672132820738,
  "gold_true_mean_std": 0.08684602687553226,
  "n_eval_rows_mean": 16.4,
  "n_eval_rows_std": 1.8814887722226776,
  "n_positive_mean": 10.3,
  "n_positive_std": 1.5524174696260027,
  "precision_at_5_mean": 0.5700000000000001,
  "precision_at_5_std": 0.30512292604784713,
  "recall_at_5_mean": 0.27253787878787883,
  "recall_at_5_std": 0.13880465478260237,
  "ndcg_at_5_mean": 0.6172989465924954,
  "ndcg_at_5_std": 0.2768195517569964,
  "precision_at_10_mean": 0.6500000000000001,
  "precision_at_10_std": 0.18574175621006708,
  "recall_at_10_mean": 0.6344065656565656,
  "recall_at_10_std": 0.15253574356438,
  "ndcg_at_10_mean": 0.680204506221026,
  "ndcg_at_10_std": 0.20239286758472955,
  "precision_at_20_mean": 0.6308672132820738,
  "precision_at_20_std": 0.08684602687553226,
  "recall_at_20_mean": 1.0,
  "recall_at_20_std": 0.0,
  "ndcg_at_20_mean": 0.8525238112937299,
  "ndcg_at_20_std": 0.1029066995102954,
  "n_metric_rows": 20,
  "n_predictions": 328,
  "n_episodes_diagnosed": 20,
  "collapse_rate": 0.3,
  "pred_mean_mean": 0.6267364314157021,
  "pred_std_mean": 0.017102874484180575,
  "frac_near_zero_mean": 0.2,
  "frac_near_one_mean": 0.1
}