method,episode_idx,repeat_idx,n_query,pred_mean,pred_std,pred_min,pred_max,frac_near_zero,frac_near_one,collapsed,collapse_reason
anil,0,0,17,0.4998280704021454,0.3107459545135498,0.004360512364655733,0.9290221929550171,0.11764705882352941,0.0,False,
anil,1,1,16,0.33045873045921326,0.25213170051574707,0.0006220923969522119,0.7559611797332764,0.25,0.0,False,
anil,2,2,17,0.700096845626831,0.23778387904167175,0.204546719789505,0.9353287220001221,0.0,0.0,False,
anil,3,3,16,0.19555050134658813,0.1887868344783783,0.00022107570839580148,0.6363638639450073,0.25,0.0,False,
anil,4,4,20,0.548515260219574,0.32254689931869507,0.0030821769032627344,0.9209640026092529,0.1,0.0,False,
