{
  "experiment_id": "stage2__init-C_hybrid__method-anil__kpos-1__kneg-1__steps-5__target-Logistics__synprop-0.9__gen-smote_nc",
  "method": "anil",
  "init_name": "C_hybrid",
  "target_department": "Logistics",
  "n_support_pos": 1,
  "n_support_neg": 1,
  "inner_steps": 5,
  "inner_lr": 0.01,
  "meta_batch_size": 4,
  "synthetic_proportion": 0.9,
  "augmentation_method": "smote_nc",
  "target_per_class": null,
  "k_neighbors": 5,
  "status": "success",
  "gold_auroc_mean": 0.5825757575757576,
  "gold_auroc_std": 0.06928402039499199,
  "gold_ap_mean": 0.7968174629833792,
  "gold_ap_std": 0.09541799195866421,
  "gold_logloss_mean": 1.3453529152907926,
  "gold_logloss_std": 0.45902184810975083,
  "gold_brier_mean": 0.3617577721798363,
  "gold_brier_std": 0.07922396644325468,
  "gold_ece_mean": 0.43516916319501275,
  "gold_ece_std": 0.06956992243214255,
  "gold_f1_mean": 0.520406015037594,
  "gold_f1_std": 0.16530508816971695,
  "gold_accuracy_mean": 0.49602941176470594,
  "gold_accuracy_std": 0.09428019052409428,
  "gold_pred_mean_mean": 0.4548898742896541,
  "gold_pred_mean_std": 0.17530068005565944,
  "gold_true_mean_mean": 0.6552941176470588,
  "gold_true_mean_std": 0.08591860636914002,
  "n_eval_rows_mean": 17.2,
  "n_eval_rows_std": 1.469693845669907,
  "n_positive_mean": 11.2,
  "n_positive_std": 1.1661903789690602,
  "precision_at_5_mean": 0.8,
  "precision_at_5_std": 0.1788854381999832,
  "recall_at_5_mean": 0.3560606060606061,
  "recall_at_5_std": 0.06191762649000774,
  "ndcg_at_5_mean": 0.8522019540645461,
  "ndcg_at_5_std": 0.13313838663887,
  "precision_at_10_mean": 0.7,
  "precision_at_10_std": 0.10954451150103323,
  "recall_at_10_mean": 0.6217171717171717,
  "recall_at_10_std": 0.044958006230844186,
  "ndcg_at_10_mean": 0.7764839776686335,
  "ndcg_at_10_std": 0.08250663019992303,
  "precision_at_20_mean": 0.6552941176470588,
  "precision_at_20_std": 0.08591860636914002,
  "recall_at_20_mean": 1.0,
  "recall_at_20_std": 0.0,
  "ndcg_at_20_mean": 0.9312909748305686,
  "ndcg_at_20_std": 0.04043091112312565,
  "n_metric_rows": 5,
  "n_predictions": 86,
  "n_episodes_diagnosed": 5,
  "collapse_rate": 0.0,
  "pred_mean_mean": 0.45488988161087035,
  "pred_std_mean": 0.2623990535736084,
  "frac_near_zero_mean": 0.14352941176470588,
  "frac_near_one_mean": 0.0
}