model,gold_auroc,gold_ap,gold_logloss,gold_brier,gold_ece,gold_f1,gold_accuracy,gold_pred_mean,gold_true_mean,n_eval_rows,n_positive,precision_at_5,recall_at_5,ndcg_at_5,precision_at_10,recall_at_10,ndcg_at_10,precision_at_20,recall_at_20,ndcg_at_20,condition,model_base,n_gold_samples,n_gold_classes,diagnostic_only
Mean Predictor_A_weak_only,0.5,0.4375,0.7109990771337479,0.258890963154,0.11312476808374028,0.6086956521739131,0.4375,0.5506247680837403,0.4375,16,7,0.0,0.0,0.43749999999999994,0.2,0.2857142857142857,0.5464011565390907,0.4375,1.0,0.7342975882775339,A_weak_only,Mean Predictor,16,2,False
Elastic Net_A_weak_only,0.46031746031746035,0.48819335426478283,0.9053902801367765,0.30894989017088026,0.3425154272084603,0.0,0.5,0.29923840461732354,0.4375,16,7,0.4,0.2857142857142857,0.38356636737133554,0.4,0.5714285714285714,0.49549257728947255,0.4375,1.0,0.7052941654247983,A_weak_only,Elastic Net,16,2,False
XGBoost_A_weak_only,0.6031746031746031,0.6982142857142857,2.196919452047596,0.3243451327882654,0.32017066207554784,0.0,0.5625,0.11732933792445216,0.4375,16,7,0.8,0.5714285714285714,0.8304198973631918,0.5,0.7142857142857143,0.7524805433208905,0.4375,1.0,0.8884482704124145,A_weak_only,XGBoost,16,2,False
MLP_A_weak_only,0.5079365079365079,0.6706632653061224,1.19099000093281,0.3378283322845495,0.30668412672821427,0.0,0.5625,0.13081587327178568,0.4375,16,7,0.6,0.42857142857142855,0.7227265726449517,0.4,0.5714285714285714,0.6724559848537955,0.4375,1.0,0.8787805151850266,A_weak_only,MLP,16,2,False
