model,gold_auroc,gold_ap,gold_logloss,gold_brier,gold_ece,gold_f1,gold_accuracy,gold_pred_mean,gold_true_mean,n_eval_rows,n_positive,precision_at_5,recall_at_5,ndcg_at_5,precision_at_10,recall_at_10,ndcg_at_10,precision_at_20,recall_at_20,ndcg_at_20,condition,model_base
Mean Predictor_A_weak_only,0.5,0.40096618357487923,0.7155429425846976,0.2611635781610019,0.14481462273101542,0.5724137931034483,0.40096618357487923,0.5457808063058947,0.40096618357487923,207,83,0.6,0.03614457831325301,0.4009661835748792,0.8,0.0963855421686747,0.40096618357487923,0.85,0.20481927710843373,0.4009661835748792,A_weak_only,Mean Predictor
Elastic Net_A_weak_only,0.3514865915273999,0.3155668043444886,2.8561022899379815,0.43558045845946736,0.38229906859994633,0.4583333333333333,0.3719806763285024,0.6818643943036106,0.40096618357487923,207,83,0.4,0.024096385542168676,0.22222222222222215,0.4,0.04819277108433735,0.22222222222222224,0.25,0.060240963855421686,0.22222222222222218,A_weak_only,Elastic Net
XGBoost_A_weak_only,0.37383404586086283,0.33360701108371527,4.910134688404094,0.48026663674833076,0.4387456344873836,0.45,0.36231884057971014,0.6999636188267768,0.40096618357487923,207,83,0.4,0.024096385542168676,0.293103448275862,0.7,0.08433734939759036,0.29310344827586204,0.55,0.13253012048192772,0.293103448275862,A_weak_only,XGBoost
MLP_A_weak_only,0.39166342790516906,0.35169540388876797,0.8413902956087714,0.315397285666257,0.25758252929950104,0.5134099616858238,0.3864734299516908,0.5864543585097732,0.40096618357487923,207,83,0.4,0.024096385542168676,0.30078518014914984,0.4,0.04819277108433735,0.33480714634441017,0.4,0.0963855421686747,0.35866282749238765,A_weak_only,MLP
