model,rmse,mae,r2,pred_mean,true_mean,condition
Mean Predictor_A_weak_only,0.5110416599074892,0.5090676959349839,-0.0873103537330715,0.5457808063058947,0.40096618357487923,A_weak_only
Elastic Net_A_weak_only,0.6599851971737343,0.5951602226212046,-0.8134655219072797,0.6818643956079585,0.40096618357487923,A_weak_only
XGBoost_A_weak_only,0.6930127276678859,0.6008768437142318,-0.9995088697793655,0.6999636216287092,0.40096618357487923,A_weak_only
