{
  "experiment_id": "stage2__init-A_weak_only__method-anil__kpos-1__kneg-1__steps-5__target-Packaging-Material__synprop-0.5__gen-smote_nc",
  "method": "anil",
  "init_name": "A_weak_only",
  "target_department": "Packaging Material",
  "n_support_pos": 1,
  "n_support_neg": 1,
  "inner_steps": 5,
  "inner_lr": 0.01,
  "meta_batch_size": 4,
  "synthetic_proportion": 0.5,
  "augmentation_method": "smote_nc",
  "target_per_class": null,
  "k_neighbors": 5,
  "status": "success",
  "augmentation_method_requested": "smote_nc",
  "augmentation_method_actual": "smote_nc",
  "target_effective_k": null,
  "n_real_support_rows": 19.0,
  "n_synthetic_support_rows": 19.0,
  "n_effective_support_rows": 38.0,
  "n_real_support_pos": 8.0,
  "n_real_support_neg": 11.0,
  "n_synthetic_support_pos": 8.0,
  "n_synthetic_support_neg": 11.0,
  "n_query_rows": 57.0,
  "n_query_pos": 46.0,
  "n_query_neg": 11.0,
  "n_query_synthetic_rows": 0,
  "gen_fallback_used": false,
  "gen_skip_reason": null,
  "gold_auroc_mean": 0.3586016611673683,
  "gold_auroc_std": 0.061253756364184,
  "gold_ap_mean": 0.7712765916925352,
  "gold_ap_std": 0.05303628062301753,
  "gold_logloss_mean": 1.6019976750227776,
  "gold_logloss_std": 0.6053426767216893,
  "gold_brier_mean": 0.49257552364453705,
  "gold_brier_std": 0.14453958726502616,
  "gold_ece_mean": 0.516570754163709,
  "gold_ece_std": 0.15816768813728105,
  "gold_f1_mean": 0.3390992628275721,
  "gold_f1_std": 0.23805398233185074,
  "gold_accuracy_mean": 0.33315103201087626,
  "gold_accuracy_std": 0.12364698540268312,
  "gold_pred_mean_mean": 0.32290406265253596,
  "gold_pred_mean_std": 0.17743724876487682,
  "gold_true_mean_mean": 0.8062888806492812,
  "gold_true_mean_std": 0.011705235633511928,
  "n_eval_rows_mean": 57.0,
  "n_eval_rows_std": 3.5496478698597698,
  "n_positive_mean": 46.0,
  "n_positive_std": 3.5496478698597698,
  "precision_at_5_mean": 0.74,
  "precision_at_5_std": 0.2835489375751565,
  "recall_at_5_mean": 0.08023110283202842,
  "recall_at_5_std": 0.030000996995185644,
  "ndcg_at_5_mean": 0.7123957096240534,
  "ndcg_at_5_std": 0.3276709963005455,
  "precision_at_10_mean": 0.77,
  "precision_at_10_std": 0.1417744687875783,
  "recall_at_10_mean": 0.16768926274121718,
  "recall_at_10_std": 0.03018682462297878,
  "ndcg_at_10_mean": 0.7460833468790715,
  "ndcg_at_10_std": 0.21213596986494554,
  "precision_at_20_mean": 0.73,
  "precision_at_20_std": 0.040000000000000015,
  "recall_at_20_mean": 0.3186657740780626,
  "recall_at_20_std": 0.02351231559184907,
  "ndcg_at_20_mean": 0.7261034394266063,
  "ndcg_at_20_std": 0.09770808315877033,
  "n_metric_rows": 20,
  "n_predictions": 1140,
  "n_episodes_diagnosed": 20,
  "collapse_rate": 0.0,
  "pred_mean_mean": 0.32290406301617625,
  "pred_std_mean": 0.18916743956506252,
  "frac_near_zero_mean": 0.1808233428088823,
  "frac_near_one_mean": 0.0
}