{
  "experiment_id": "stage2__init-random__method-anil__kpos-2__kneg-2__steps-3__target-Packaging-Material__synprop-1__gen-smote_nc",
  "method": "anil",
  "init_name": "random",
  "target_department": "Packaging Material",
  "n_support_pos": 2,
  "n_support_neg": 2,
  "inner_steps": 3,
  "inner_lr": 0.01,
  "meta_batch_size": 4,
  "synthetic_proportion": 1.0,
  "augmentation_method": "smote_nc",
  "target_per_class": null,
  "k_neighbors": 5,
  "status": "success",
  "gold_auroc_mean": NaN,
  "gold_auroc_std": NaN,
  "gold_ap_mean": NaN,
  "gold_ap_std": NaN,
  "gold_logloss_mean": 12.280453832634912,
  "gold_logloss_std": 8.683592174033405,
  "gold_brier_mean": 0.6666666533333333,
  "gold_brier_std": 0.47140451136294115,
  "gold_ece_mean": 0.6666666633333334,
  "gold_ece_std": 0.4714045113629412,
  "gold_f1_mean": 0.3333333333333333,
  "gold_f1_std": 0.4714045207910317,
  "gold_accuracy_mean": 0.3333333333333333,
  "gold_accuracy_std": 0.4714045207910317,
  "gold_pred_mean_mean": 0.33333333666666665,
  "gold_pred_mean_std": 0.47140451136294126,
  "gold_true_mean_mean": 1.0,
  "gold_true_mean_std": 0.0,
  "n_eval_rows_mean": 37.333333333333336,
  "n_eval_rows_std": 3.7712361663282534,
  "n_positive_mean": 37.333333333333336,
  "n_positive_std": 3.7712361663282534,
  "precision_at_5_mean": 1.0,
  "precision_at_5_std": 0.0,
  "recall_at_5_mean": 0.13541666666666666,
  "recall_at_5_std": 0.01473139127471974,
  "ndcg_at_5_mean": 0.9999999999999999,
  "ndcg_at_5_std": 0.0,
  "precision_at_10_mean": 1.0,
  "precision_at_10_std": 0.0,
  "recall_at_10_mean": 0.2708333333333333,
  "recall_at_10_std": 0.02946278254943948,
  "ndcg_at_10_mean": 1.0,
  "ndcg_at_10_std": 0.0,
  "precision_at_20_mean": 1.0,
  "precision_at_20_std": 0.0,
  "recall_at_20_mean": 0.5416666666666666,
  "recall_at_20_std": 0.05892556509887896,
  "ndcg_at_20_mean": 0.9999999999999999,
  "ndcg_at_20_std": 0.0,
  "n_metric_rows": 3,
  "n_predictions": 112,
  "n_episodes_diagnosed": 3,
  "collapse_rate": 1.0,
  "pred_mean_mean": 0.3333333368424964,
  "pred_std_mean": 3.3050255125270195e-10,
  "frac_near_zero_mean": 0.6666666666666666,
  "frac_near_one_mean": 0.3333333333333333
}