method,episode_idx,repeat_idx,n_query,pred_mean,pred_std,pred_min,pred_max,frac_near_zero,frac_near_one,collapsed,collapse_reason
anil,0,0,8,0.5291030406951904,0.2846902012825012,0.06848134845495224,0.8721107244491577,0.0,0.0,False,
anil,1,1,11,0.5888866186141968,0.25811585783958435,0.061683960258960724,0.8586608171463013,0.0,0.0,False,
anil,2,2,9,0.3521476686000824,0.3122662603855133,0.002246549353003502,0.8141716718673706,0.2222222222222222,0.0,False,
anil,3,3,13,0.6254145503044128,0.2499801218509674,0.08876015990972519,0.897382915019989,0.0,0.0,False,
anil,4,4,12,0.29678353667259216,0.2401799112558365,0.0008650226518511772,0.7125844955444336,0.3333333333333333,0.0,False,
