{
  "experiment_id": "stage2__init-C_hybrid__method-fomaml__kpos-2__kneg-2__steps-3__target-Logistics",
  "method": "fomaml",
  "init_name": "C_hybrid",
  "target_department": "Logistics",
  "n_support_pos": 2,
  "n_support_neg": 2,
  "inner_steps": 3,
  "inner_lr": 0.01,
  "meta_batch_size": 2,
  "synthetic_proportion": 0.0,
  "augmentation_method": "none",
  "target_per_class": null,
  "k_neighbors": 5,
  "status": "success",
  "gold_auroc_mean": 0.529047619047619,
  "gold_auroc_std": 0.09041225811378434,
  "gold_ap_mean": 0.7706877844377844,
  "gold_ap_std": 0.11787851321884331,
  "gold_logloss_mean": 13.46289079882925,
  "gold_logloss_std": 2.8372946105464836,
  "gold_brier_mean": 0.7447659467421832,
  "gold_brier_std": 0.1303338901126151,
  "gold_ece_mean": 0.744765970277659,
  "gold_ece_std": 0.13033386753424261,
  "gold_f1_mean": 0.0,
  "gold_f1_std": 0.0,
  "gold_accuracy_mean": 0.2552339327339327,
  "gold_accuracy_std": 0.13033374816883822,
  "gold_pred_mean_mean": 9.698840816621811e-08,
  "gold_pred_mean_std": 2.6190794879571563e-07,
  "gold_true_mean_mean": 0.7447660672660672,
  "gold_true_mean_std": 0.13033374816883822,
  "n_eval_rows_mean": 10.25,
  "n_eval_rows_std": 2.118372016431486,
  "n_positive_mean": 7.65,
  "n_positive_std": 2.1277922830953213,
  "precision_at_5_mean": 0.7600000000000001,
  "precision_at_5_std": 0.25768197453450253,
  "recall_at_5_mean": 0.5065963203463204,
  "recall_at_5_std": 0.1985799961339375,
  "ndcg_at_5_mean": 0.7828599774384722,
  "ndcg_at_5_std": 0.10574261042920864,
  "precision_at_10_mean": 0.7527380952380951,
  "precision_at_10_std": 0.14372580366431031,
  "recall_at_10_mean": 0.9354545454545453,
  "recall_at_10_std": 0.11936124763932614,
  "ndcg_at_10_mean": 0.8679271226229593,
  "ndcg_at_10_std": 0.06959874465449856,
  "precision_at_20_mean": 0.7447660672660672,
  "precision_at_20_std": 0.13033374816883822,
  "recall_at_20_mean": 1.0,
  "recall_at_20_std": 0.0,
  "ndcg_at_20_mean": 0.9035654731383211,
  "ndcg_at_20_std": 0.05549097331588062,
  "n_metric_rows": 20,
  "n_predictions": 205,
  "n_episodes_diagnosed": 20,
  "collapse_rate": 1.0,
  "pred_mean_mean": 8.799287628259413e-08,
  "pred_std_mean": 1.5137340800147405e-08,
  "frac_near_zero_mean": 1.0,
  "frac_near_one_mean": 0.0
}