model,gold_auroc,gold_ap,gold_logloss,gold_brier,gold_ece,gold_f1,gold_accuracy,gold_pred_mean,gold_true_mean,n_eval_rows,n_positive,precision_at_5,recall_at_5,ndcg_at_5,precision_at_10,recall_at_10,ndcg_at_10,precision_at_20,recall_at_20,ndcg_at_20,episode_idx
ANIL,0.625,0.7593933299815654,0.8672639622601135,0.3214690340170981,0.3031856943579281,0.6923076923076923,0.5294117647058824,0.801179850802702,0.5294117647058824,17,9,0.8,0.4444444444444444,0.8539316501572934,0.6,0.6666666666666666,0.7434619002283402,0.5294117647058824,1.0,0.9203247448091874,0
ANIL,0.3333333333333333,0.7790427165427165,1.409867441997112,0.5260736065004388,0.575757646933198,0.0,0.25,0.17424235306680202,0.75,16,12,0.8,0.3333333333333333,0.8687949224876581,0.6,0.5,0.6936634693435662,0.75,1.0,0.9256588653804092,1
ANIL,0.3787878787878788,0.6656563430627602,0.855727059332475,0.3221551810512864,0.42921607283984914,0.3076923076923077,0.47058823529411764,0.3734469028080211,0.6470588235294118,17,11,0.4,0.18181818181818182,0.5531464700081437,0.6,0.5454545454545454,0.6366587127404281,0.6470588235294118,1.0,0.8656730278195763,2
ANIL,0.4375,0.8216353091353091,1.3731675576800622,0.5159480097762146,0.5698975813575089,0.0,0.25,0.1801024186424911,0.75,16,12,1.0,0.4166666666666667,0.9999999999999999,0.6,0.5,0.7151857987862356,0.75,1.0,0.9448603114591837,3
ANIL,0.5416666666666667,0.741950520239994,0.6661930490432748,0.23938638449225005,0.16367152333259583,0.6896551724137931,0.55,0.6413678348064422,0.6,20,12,0.8,0.3333333333333333,0.8687949224876581,0.6,0.5,0.6994739030813918,0.6,1.0,0.9163438064811897,4
