method,episode_idx,repeat_idx,n_query,pred_mean,pred_std,pred_min,pred_max,frac_near_zero,frac_near_one,collapsed,collapse_reason
anil,0,0,17,0.8011798858642578,0.07773663103580475,0.6093161106109619,0.9231960773468018,0.0,0.0,False,
anil,1,1,16,0.17424234747886658,0.041631605476140976,0.07859041541814804,0.26579853892326355,0.0,0.0,False,
anil,2,2,17,0.37344691157341003,0.12288197875022888,0.17825040221214294,0.6734872460365295,0.0,0.0,False,
anil,3,3,16,0.1801024079322815,0.04141312837600708,0.08481607586145401,0.26001864671707153,0.0,0.0,False,
anil,4,4,20,0.6413677930831909,0.10169057548046112,0.4016540050506592,0.8314249515533447,0.0,0.0,False,
