{
  "experiment_id": "stage2__init-A_weak_only__method-anil__kpos-1__kneg-1__steps-5__target-Logistics__synprop-0.9__gen-smote_nc",
  "method": "anil",
  "init_name": "A_weak_only",
  "target_department": "Logistics",
  "n_support_pos": 1,
  "n_support_neg": 1,
  "inner_steps": 5,
  "inner_lr": 0.01,
  "meta_batch_size": 4,
  "synthetic_proportion": 0.9,
  "augmentation_method": "smote_nc",
  "target_per_class": null,
  "k_neighbors": 5,
  "status": "success",
  "gold_auroc_mean": 0.46325757575757576,
  "gold_auroc_std": 0.10675906380404376,
  "gold_ap_mean": 0.753535643792469,
  "gold_ap_std": 0.0513409665901449,
  "gold_logloss_mean": 1.0344438140626075,
  "gold_logloss_std": 0.30039110576347844,
  "gold_brier_mean": 0.3850064431674576,
  "gold_brier_std": 0.11509832617069309,
  "gold_ece_mean": 0.408345703764216,
  "gold_ece_std": 0.1584205935622648,
  "gold_f1_mean": 0.33793103448275863,
  "gold_f1_std": 0.30938708232425666,
  "gold_accuracy_mean": 0.41,
  "gold_accuracy_std": 0.13321419129073928,
  "gold_pred_mean_mean": 0.43406787202529173,
  "gold_pred_mean_std": 0.2503705786444379,
  "gold_true_mean_mean": 0.6552941176470588,
  "gold_true_mean_std": 0.08591860636914002,
  "n_eval_rows_mean": 17.2,
  "n_eval_rows_std": 1.469693845669907,
  "n_positive_mean": 11.2,
  "n_positive_std": 1.1661903789690602,
  "precision_at_5_mean": 0.76,
  "precision_at_5_std": 0.19595917942265426,
  "recall_at_5_mean": 0.3419191919191919,
  "recall_at_5_std": 0.09151871913129862,
  "ndcg_at_5_mean": 0.8289335930281506,
  "ndcg_at_5_std": 0.14773287166416382,
  "precision_at_10_mean": 0.6,
  "precision_at_10_std": 0.0,
  "recall_at_10_mean": 0.5424242424242424,
  "recall_at_10_std": 0.06456750228079548,
  "ndcg_at_10_mean": 0.6976887568359923,
  "ndcg_at_10_std": 0.03505818906288709,
  "precision_at_20_mean": 0.6552941176470588,
  "precision_at_20_std": 0.08591860636914002,
  "recall_at_20_mean": 1.0,
  "recall_at_20_std": 0.0,
  "ndcg_at_20_mean": 0.9145721511899094,
  "ndcg_at_20_std": 0.026334932110206048,
  "n_metric_rows": 5,
  "n_predictions": 86,
  "n_episodes_diagnosed": 5,
  "collapse_rate": 0.0,
  "pred_mean_mean": 0.4340678691864014,
  "pred_std_mean": 0.07707078382372856,
  "frac_near_zero_mean": 0.0,
  "frac_near_one_mean": 0.0
}