{
  "experiment_id": "stage2__init-A_weak_only__method-finetune__kpos-2__kneg-2__steps-1__target-Logistics",
  "method": "finetune",
  "init_name": "A_weak_only",
  "target_department": "Logistics",
  "n_support_pos": 2,
  "n_support_neg": 2,
  "inner_steps": 1,
  "status": "success",
  "gold_auroc_mean": 0.4812474886813809,
  "gold_auroc_std": 0.04675654697785423,
  "gold_ap_mean": 0.6865049888319994,
  "gold_ap_std": 0.09307792423415497,
  "gold_logloss_mean": 8.75331543702234,
  "gold_logloss_std": 4.367479388528245,
  "gold_brier_mean": 0.5157970579301179,
  "gold_brier_std": 0.21383434141556343,
  "gold_ece_mean": 0.5145865821484596,
  "gold_ece_std": 0.21572846314724747,
  "gold_f1_mean": 0.30121041970931894,
  "gold_f1_std": 0.4107242554458658,
  "gold_accuracy_mean": 0.48181550286751607,
  "gold_accuracy_std": 0.21289387061408513,
  "gold_pred_mean_mean": 0.3465870107292124,
  "gold_pred_mean_std": 0.4701552326147182,
  "gold_true_mean_mean": 0.6980093695973341,
  "gold_true_mean_std": 0.0802917532046381,
  "n_eval_rows_mean": 41.05,
  "n_eval_rows_std": 5.962172422867356,
  "n_positive_mean": 28.45,
  "n_positive_std": 4.165033013074447,
  "precision_at_5_mean": 0.5900000000000001,
  "precision_at_5_std": 0.34914180500192177,
  "recall_at_5_mean": 0.10266393698996723,
  "recall_at_5_std": 0.06056012211855836,
  "ndcg_at_5_mean": 0.6529893380493523,
  "ndcg_at_5_std": 0.15226866178929196,
  "precision_at_10_mean": 0.635,
  "precision_at_10_std": 0.32291639784935044,
  "recall_at_10_mean": 0.2236029650840929,
  "recall_at_10_std": 0.11918124000639718,
  "ndcg_at_10_mean": 0.6607626826403595,
  "ndcg_at_10_std": 0.14025176689028232,
  "precision_at_20_mean": 0.7374999999999999,
  "precision_at_20_std": 0.18699933154960743,
  "recall_at_20_mean": 0.5240048933165168,
  "recall_at_20_std": 0.13973984541496448,
  "ndcg_at_20_mean": 0.6696169292609744,
  "ndcg_at_20_std": 0.12452078944517288,
  "n_metric_rows": 20,
  "n_predictions": 821,
  "n_episodes_diagnosed": 20,
  "collapse_rate": 0.9,
  "pred_mean_mean": 0.34658701115901275,
  "pred_std_mean": 0.010714352445028183,
  "frac_near_zero_mean": 0.642,
  "frac_near_one_mean": 0.32625000000000004
}