group,n_lfs,avg_coverage,avg_overlaps,avg_conflicts
global_supplier_macro,5,0.3189001195522226,0.28133898489294645,0.031018367568742534
global_lifecycle,5,0.08023040973807194,0.07781762851863927,0.005390718400173894
global_financial,8,0.05875720030431475,0.0587436148244756,0.011928051298771872
global_esg,4,0.02467123138789262,0.02467123138789262,0.004999456580806434
global_news,4,0.015134224540810782,0.014998369742419302,0.006792739919573959
logistics_specific,9,0.01359755582122716,0.013573403857068676,0.0008694707097054667
global_market,4,0.0028801217258993587,0.002798608846864471,0.000489077274209325
