group,n_lfs,avg_coverage,avg_overlap,avg_conflict,total_polarity_classes
global_supplier_macro,6,0.3381516501829511,0.3186247871608159,0.028475165742854042,4
global_lifecycle,6,0.06698547259355866,0.06691301670108321,0.004492265333478245,3
global_financial,8,0.0580643408325182,0.0580643408325182,0.01192805129877187,8
global_esg,5,0.025171177045973263,0.025171177045973263,0.004803825671122705,5
global_news,4,0.015134224540810782,0.015107053581132486,0.006874252798608847,4
logistics_specific,9,0.01359755582122716,0.01359755582122716,0.0008694707097054667,7
global_market,4,0.0028801217258993587,0.0028801217258993587,0.000489077274209325,3
