group,n_lfs,avg_coverage,avg_overlaps,avg_conflicts
global_supplier_macro,5,0.3189001195522226,0.27707857841538963,0.010585805890664058
global_lifecycle,5,0.08555591783501793,0.08296924247364416,0.0022823606129768505
global_esg,4,0.02467123138789262,0.02467123138789262,0.0006521030322791002
global_news,4,0.015134224540810782,0.014998369742419302,0.006765568959895663
logistics_specific,9,0.013766619570336557,0.013742467606178073,0.0008694707097054667
global_financial,8,0.0,0.0,0.0
global_market,4,0.0,0.0,0.0
