method,episode_idx,repeat_idx,n_query,pred_mean,pred_std,pred_min,pred_max,frac_near_zero,frac_near_one,collapsed,collapse_reason
anil,0,0,8,1.0,0.0,1.0,1.0,0.0,1.0,True,std<0.01
anil,1,1,11,0.0,0.0,0.0,0.0,1.0,0.0,True,std<0.01
anil,2,2,9,4.587554294777085e-11,3.162542493509446e-12,4.061073699546114e-11,4.98108741753267e-11,1.0,0.0,True,std<0.01
anil,3,3,13,7.553629194915833e-37,0.0,6.837099327516924e-37,9.995697364170927e-37,1.0,0.0,True,std<0.01
anil,4,4,12,0.0017239771550521255,9.508669609203935e-05,0.0014937188243493438,0.0018613709835335612,1.0,0.0,True,std<0.01
