{
  "method": "fomaml",
  "status": "fully_integrated",
  "target_department": "Logistics",
  "weight_path": "/Users/annita/Desktop/Thesis/Signal_Fusion_with_Meta-learners-/models/stage_2/A_weak_only/fomaml/fomaml_initialized.pt",
  "target_eval_result": {
    "method": "fomaml",
    "status": "success",
    "n_target_episodes": 20,
    "raw_metrics": [
      {
        "model": "FOMAML",
        "gold_auroc": 0.6484210526315789,
        "gold_ap": 0.7832158660690192,
        "gold_logloss": 3.328247602508664,
        "gold_brier": 0.5649182387563036,
        "gold_ece": 0.5653903440582905,
        "gold_f1": 0.0,
        "gold_accuracy": 0.4318181818181818,
        "gold_pred_mean": 0.0027914741235277193,
        "gold_true_mean": 0.5681818181818182,
        "n_eval_rows": 44,
        "n_positive": 25,
        "precision_at_5": 1.0,
        "recall_at_5": 0.2,
        "ndcg_at_5": 0.9999999999999999,
        "precision_at_10": 1.0,
        "recall_at_10": 0.4,
        "ndcg_at_10": 1.0,
        "precision_at_20": 0.6,
        "recall_at_20": 0.48,
        "ndcg_at_20": 0.7184259069004713,
        "episode_idx": 0
      },
      {
        "model": "FOMAML",
        "gold_auroc": 0.804953560371517,
        "gold_ap": 0.9082189168503437,
        "gold_logloss": 0.704627894613589,
        "gold_brier": 0.25594938930936234,
        "gold_ece": 0.22284857731945107,
        "gold_f1": 0.0,
        "gold_accuracy": 0.3584905660377358,
        "gold_pred_mean": 0.44279571974052573,
        "gold_true_mean": 0.6415094339622641,
        "n_eval_rows": 53,
        "n_positive": 34,
        "precision_at_5": 1.0,
        "recall_at_5": 0.14705882352941177,
        "ndcg_at_5": 0.9999999999999999,
        "precision_at_10": 1.0,
        "recall_at_10": 0.29411764705882354,
        "ndcg_at_10": 1.0,
        "precision_at_20": 1.0,
        "recall_at_20": 0.5882352941176471,
        "ndcg_at_20": 0.9999999999999999,
        "episode_idx": 1
      },
      {
        "model": "FOMAML",
        "gold_auroc": 0.765993265993266,
        "gold_ap": 0.8998531979350363,
        "gold_logloss": 1.1254476507132063,
        "gold_brier": 0.42926658128977624,
        "gold_ece": 0.4535680702503989,
        "gold_f1": 0.0,
        "gold_accuracy": 0.35294117647058826,
        "gold_pred_mean": 0.1934907532790128,
        "gold_true_mean": 0.6470588235294118,
        "n_eval_rows": 51,
        "n_positive": 33,
        "precision_at_5": 1.0,
        "recall_at_5": 0.15151515151515152,
        "ndcg_at_5": 0.9999999999999999,
        "precision_at_10": 1.0,
        "recall_at_10": 0.30303030303030304,
        "ndcg_at_10": 1.0,
        "precision_at_20": 1.0,
        "recall_at_20": 0.6060606060606061,
        "ndcg_at_20": 0.9999999999999999,
        "episode_idx": 2
      },
      {
        "model": "FOMAML",
        "gold_auroc": 0.8740740740740741,
        "gold_ap": 0.935723706380186,
        "gold_logloss": 0.9658877756257888,
        "gold_brier": 0.33502612070373816,
        "gold_ece": 0.32508709075603087,
        "gold_f1": 0.7297297297297297,
        "gold_accuracy": 0.574468085106383,
        "gold_pred_mean": 0.886837383534046,
        "gold_true_mean": 0.574468085106383,
        "n_eval_rows": 47,
        "n_positive": 27,
        "precision_at_5": 1.0,
        "recall_at_5": 0.18518518518518517,
        "ndcg_at_5": 0.9999999999999999,
        "precision_at_10": 1.0,
        "recall_at_10": 0.37037037037037035,
        "ndcg_at_10": 1.0,
        "precision_at_20": 1.0,
        "recall_at_20": 0.7407407407407407,
        "ndcg_at_20": 0.9999999999999999,
        "episode_idx": 3
      },
      {
        "model": "FOMAML",
        "gold_auroc": 0.820069204152249,
        "gold_ap": 0.9225855125369234,
        "gold_logloss": 1.3606918777359314,
        "gold_brier": 0.4993480401502464,
        "gold_ece": 0.5392803682708274,
        "gold_f1": 0.0,
        "gold_accuracy": 0.3333333333333333,
        "gold_pred_mean": 0.13419942484766828,
        "gold_true_mean": 0.6666666666666666,
        "n_eval_rows": 51,
        "n_positive": 34,
        "precision_at_5": 1.0,
        "recall_at_5": 0.14705882352941177,
        "ndcg_at_5": 0.9999999999999999,
        "precision_at_10": 1.0,
        "recall_at_10": 0.29411764705882354,
        "ndcg_at_10": 1.0,
        "precision_at_20": 1.0,
        "recall_at_20": 0.5882352941176471,
        "ndcg_at_20": 0.9999999999999999,
        "episode_idx": 4
      },
      {
        "model": "FOMAML",
        "gold_auroc": 0.6484210526315789,
        "gold_ap": 0.7832158660690192,
        "gold_logloss": 3.328247602508664,
        "gold_brier": 0.5649182387563036,
        "gold_ece": 0.5653903440582905,
        "gold_f1": 0.0,
        "gold_accuracy": 0.4318181818181818,
        "gold_pred_mean": 0.0027914741235277193,
        "gold_true_mean": 0.5681818181818182,
        "n_eval_rows": 44,
        "n_positive": 25,
        "precision_at_5": 1.0,
        "recall_at_5": 0.2,
        "ndcg_at_5": 0.9999999999999999,
        "precision_at_10": 1.0,
        "recall_at_10": 0.4,
        "ndcg_at_10": 1.0,
        "precision_at_20": 0.6,
        "recall_at_20": 0.48,
        "ndcg_at_20": 0.7184259069004713,
        "episode_idx": 5
      },
      {
        "model": "FOMAML",
        "gold_auroc": 0.8079999999999999,
        "gold_ap": 0.9343572612520721,
        "gold_logloss": 0.8399170874767133,
        "gold_brier": 0.32163095903461214,
        "gold_ece": 0.35954602658748624,
        "gold_f1": 0.0,
        "gold_accuracy": 0.2857142857142857,
        "gold_pred_mean": 0.354739687698228,
        "gold_true_mean": 0.7142857142857143,
        "n_eval_rows": 35,
        "n_positive": 25,
        "precision_at_5": 1.0,
        "recall_at_5": 0.2,
        "ndcg_at_5": 0.9999999999999999,
        "precision_at_10": 1.0,
        "recall_at_10": 0.4,
        "ndcg_at_10": 1.0,
        "precision_at_20": 0.9,
        "recall_at_20": 0.72,
        "ndcg_at_20": 0.934796738284103,
        "episode_idx": 6
      },
      {
        "model": "FOMAML",
        "gold_auroc": 0.8079999999999999,
        "gold_ap": 0.9343572612520721,
        "gold_logloss": 0.8399170874767133,
        "gold_brier": 0.32163095903461214,
        "gold_ece": 0.35954602658748624,
        "gold_f1": 0.0,
        "gold_accuracy": 0.2857142857142857,
        "gold_pred_mean": 0.354739687698228,
        "gold_true_mean": 0.7142857142857143,
        "n_eval_rows": 35,
        "n_positive": 25,
        "precision_at_5": 1.0,
        "recall_at_5": 0.2,
        "ndcg_at_5": 0.9999999999999999,
        "precision_at_10": 1.0,
        "recall_at_10": 0.4,
        "ndcg_at_10": 1.0,
        "precision_at_20": 0.9,
        "recall_at_20": 0.72,
        "ndcg_at_20": 0.934796738284103,
        "episode_idx": 7
      },
      {
        "model": "FOMAML",
        "gold_auroc": 0.8022328548644339,
        "gold_ap": 0.9081410536452579,
        "gold_logloss": 0.6325889672826807,
        "gold_brier": 0.2212240918016865,
        "gold_ece": 0.12004694571861856,
        "gold_f1": 0.7764705882352941,
        "gold_accuracy": 0.6346153846153846,
        "gold_pred_mean": 0.6740809770730826,
        "gold_true_mean": 0.6346153846153846,
        "n_eval_rows": 52,
        "n_positive": 33,
        "precision_at_5": 1.0,
        "recall_at_5": 0.15151515151515152,
        "ndcg_at_5": 0.9999999999999999,
        "precision_at_10": 1.0,
        "recall_at_10": 0.30303030303030304,
        "ndcg_at_10": 1.0,
        "precision_at_20": 1.0,
        "recall_at_20": 0.6060606060606061,
        "ndcg_at_20": 0.9999999999999999,
        "episode_idx": 8
      },
      {
        "model": "FOMAML",
        "gold_auroc": 0.6847058823529412,
        "gold_ap": 0.8158382439282899,
        "gold_logloss": 2.0762004422674307,
        "gold_brier": 0.5588448472787948,
        "gold_ece": 0.565018285110238,
        "gold_f1": 0.0,
        "gold_accuracy": 0.40476190476190477,