{
  "experiment_id": "stage2__init-C_hybrid__method-zero_shot__kpos-2__kneg-2__steps-5__target-Logistics",
  "method": "zero_shot",
  "init_name": "C_hybrid",
  "target_department": "Logistics",
  "n_support_pos": 2,
  "n_support_neg": 2,
  "inner_steps": 5,
  "inner_lr": 0.01,
  "meta_batch_size": 4,
  "synthetic_proportion": 0.0,
  "augmentation_method": "none",
  "target_per_class": null,
  "k_neighbors": 5,
  "status": "success",
  "augmentation_method_requested": "none",
  "augmentation_method_actual": "none",
  "target_effective_k": null,
  "n_real_support_rows": 11.75,
  "n_synthetic_support_rows": 0.0,
  "n_effective_support_rows": 11.75,
  "n_real_support_pos": 5.35,
  "n_real_support_neg": 6.4,
  "n_synthetic_support_pos": 0.0,
  "n_synthetic_support_neg": 0.0,
  "n_query_rows": 10.25,
  "n_query_pos": 7.65,
  "n_query_neg": 2.6,
  "n_query_synthetic_rows": 0,
  "gen_fallback_used": false,
  "gen_skip_reason": null,
  "gold_auroc_mean": 0.6695183982683982,
  "gold_auroc_std": 0.1375600187210615,
  "gold_ap_mean": 0.8849719913473972,
  "gold_ap_std": 0.10672122276567853,
  "gold_logloss_mean": 1.4931709821214711,
  "gold_logloss_std": 0.2803780678255302,
  "gold_brier_mean": 0.48140721402034725,
  "gold_brier_std": 0.07918758265213041,
  "gold_ece_mean": 0.5577998900753915,
  "gold_ece_std": 0.11207543055715385,
  "gold_f1_mean": 0.0,
  "gold_f1_std": 0.0,
  "gold_accuracy_mean": 0.2552339327339327,
  "gold_accuracy_std": 0.13033374816883822,
  "gold_pred_mean_mean": 0.20353378143658132,
  "gold_pred_mean_std": 0.024368936085015395,
  "gold_true_mean_mean": 0.7447660672660672,
  "gold_true_mean_std": 0.13033374816883822,
  "n_eval_rows_mean": 10.25,
  "n_eval_rows_std": 2.118372016431486,
  "n_positive_mean": 7.65,
  "n_positive_std": 2.1277922830953213,
  "precision_at_5_mean": 0.85,
  "precision_at_5_std": 0.1987460691435179,
  "recall_at_5_mean": 0.5718344155844155,
  "recall_at_5_std": 0.1280142094804006,
  "ndcg_at_5_mean": 0.8989960209443122,
  "ndcg_at_5_std": 0.14793542314617072,
  "precision_at_10_mean": 0.7377380952380952,
  "precision_at_10_std": 0.13234141262694282,
  "recall_at_10_mean": 0.9166233766233767,
  "recall_at_10_std": 0.113061328001034,
  "ndcg_at_10_mean": 0.9104719408876024,
  "ndcg_at_10_std": 0.07141824720116179,
  "precision_at_20_mean": 0.7447660672660672,
  "precision_at_20_std": 0.13033374816883822,
  "recall_at_20_mean": 1.0,
  "recall_at_20_std": 0.0,
  "ndcg_at_20_mean": 0.9567486923866217,
  "ndcg_at_20_std": 0.05232193564858462,
  "n_metric_rows": 20,
  "n_predictions": 205,
  "n_episodes_diagnosed": 20,
  "collapse_rate": 0.0,
  "pred_mean_mean": 0.20353377759456634,
  "pred_std_mean": 0.10942187011241913,
  "frac_near_zero_mean": 0.16289946164946165,
  "frac_near_one_mean": 0.0
}