{
  "experiment_id": "stage2__init-random__method-anil__kpos-2__kneg-2__steps-5__target-Logistics__synprop-0.5__gen-smote_nc",
  "method": "anil",
  "init_name": "random",
  "target_department": "Logistics",
  "n_support_pos": 2,
  "n_support_neg": 2,
  "inner_steps": 5,
  "inner_lr": 0.01,
  "meta_batch_size": 4,
  "synthetic_proportion": 0.5,
  "augmentation_method": "smote_nc",
  "target_per_class": null,
  "k_neighbors": 5,
  "status": "success",
  "gold_auroc_mean": 0.5818181818181818,
  "gold_auroc_std": 0.16363636363636364,
  "gold_ap_mean": 0.886926961926962,
  "gold_ap_std": 0.07158129937294876,
  "gold_logloss_mean": 11.084384414787198,
  "gold_logloss_std": 5.904010134853757,
  "gold_brier_mean": 0.7211405606358647,
  "gold_brier_std": 0.30270786171934316,
  "gold_ece_mean": 0.7214306433230935,
  "gold_ece_std": 0.3028926937173025,
  "gold_f1_mean": 0.18666666666666668,
  "gold_f1_std": 0.37333333333333335,
  "gold_accuracy_mean": 0.2782245532245532,
  "gold_accuracy_std": 0.3031136796819038,
  "gold_pred_mean_mean": 0.2003447994523532,
  "gold_pred_mean_std": 0.39982815277555966,
  "gold_true_mean_mean": 0.8717754467754467,
  "gold_true_mean_std": 0.053341060897489724,
  "n_eval_rows_mean": 10.6,
  "n_eval_rows_std": 1.8547236990991407,
  "n_positive_mean": 9.2,
  "n_positive_std": 1.469693845669907,
  "precision_at_5_mean": 0.96,
  "precision_at_5_std": 0.07999999999999999,
  "recall_at_5_mean": 0.5387662337662338,
  "recall_at_5_std": 0.11497423941677258,
  "ndcg_at_5_mean": 0.8884421134421133,
  "ndcg_at_5_std": 0.07384276460936992,
  "precision_at_10_mean": 0.8927777777777777,
  "precision_at_10_std": 0.10998877608282372,
  "recall_at_10_mean": 0.9218181818181819,
  "recall_at_10_std": 0.11636363636363638,
  "ndcg_at_10_mean": 0.9171536273338969,
  "ndcg_at_10_std": 0.07937329749151097,
  "precision_at_20_mean": 0.8717754467754467,
  "precision_at_20_std": 0.053341060897489724,
  "recall_at_20_mean": 1.0,
  "recall_at_20_std": 0.0,
  "ndcg_at_20_mean": 0.9554437979312935,
  "ndcg_at_20_std": 0.029386050023848108,
  "n_metric_rows": 5,
  "n_predictions": 53,
  "n_episodes_diagnosed": 5,
  "collapse_rate": 1.0,
  "pred_mean_mean": 0.20034479544018552,
  "pred_std_mean": 1.9017339850916368e-05,
  "frac_near_zero_mean": 0.8,
  "frac_near_one_mean": 0.2
}