{
  "experiment_id": "stage2__init-random__method-anil__kpos-1__kneg-1__steps-5__target-Logistics__synprop-0.5__gen-smote_nc",
  "method": "anil",
  "init_name": "random",
  "target_department": "Logistics",
  "n_support_pos": 1,
  "n_support_neg": 1,
  "inner_steps": 5,
  "inner_lr": 0.01,
  "meta_batch_size": 4,
  "synthetic_proportion": 0.5,
  "augmentation_method": "smote_nc",
  "target_per_class": null,
  "k_neighbors": 5,
  "status": "success",
  "gold_auroc_mean": 0.5,
  "gold_auroc_std": 0.0,
  "gold_ap_mean": 0.6552941176470588,
  "gold_ap_std": 0.08591860636914002,
  "gold_logloss_mean": 11.117422616792824,
  "gold_logloss_std": 2.655386384371759,
  "gold_brier_mean": 0.6035293996941177,
  "gold_brier_std": 0.1441524538974295,
  "gold_ece_mean": 0.6035294017647058,
  "gold_ece_std": 0.1441524567804786,
  "gold_f1_mean": 0.28846153846153844,
  "gold_f1_std": 0.35376253192513596,
  "gold_accuracy_mean": 0.39647058823529413,
  "gold_accuracy_std": 0.14415245678047858,
  "gold_pred_mean_mean": 0.40000000199999997,
  "gold_pred_mean_std": 0.48989793875867665,
  "gold_true_mean_mean": 0.6552941176470588,
  "gold_true_mean_std": 0.08591860636914002,
  "n_eval_rows_mean": 17.2,
  "n_eval_rows_std": 1.469693845669907,
  "n_positive_mean": 11.2,
  "n_positive_std": 1.1661903789690602,
  "precision_at_5_mean": 0.8800000000000001,
  "precision_at_5_std": 0.09797958971132709,
  "recall_at_5_mean": 0.39646464646464646,
  "recall_at_5_std": 0.05301827665458873,
  "ndcg_at_5_mean": 0.6552941176470588,
  "ndcg_at_5_std": 0.08591860636913998,
  "precision_at_10_mean": 0.74,
  "precision_at_10_std": 0.048989794855663606,
  "recall_at_10_mean": 0.6732323232323234,
  "recall_at_10_std": 0.12138665885031251,
  "ndcg_at_10_mean": 0.6624881248031131,
  "ndcg_at_10_std": 0.07601200418684612,
  "precision_at_20_mean": 0.6552941176470588,
  "precision_at_20_std": 0.08591860636914002,
  "recall_at_20_mean": 1.0,
  "recall_at_20_std": 0.0,
  "ndcg_at_20_mean": 0.8537969308086414,
  "ndcg_at_20_std": 0.042048446670103774,
  "n_metric_rows": 5,
  "n_predictions": 86,
  "n_episodes_diagnosed": 5,
  "collapse_rate": 1.0,
  "pred_mean_mean": 0.4,
  "pred_std_mean": 0.0,
  "frac_near_zero_mean": 0.6,
  "frac_near_one_mean": 0.4
}