method,episode_idx,repeat_idx,n_query,pred_mean,pred_std,pred_min,pred_max,frac_near_zero,frac_near_one,collapsed,collapse_reason
maml,0,0,17,0.754963755607605,0.20964635908603668,0.3246701657772064,0.9995972514152527,0.0,0.35294117647058826,False,
maml,1,1,16,0.6596498489379883,0.199302539229393,0.2940806746482849,0.999536395072937,0.0,0.1875,False,
maml,2,2,17,0.7228532433509827,0.2085115909576416,0.30611899495124817,0.9926349520683289,0.0,0.29411764705882354,False,
maml,3,3,16,0.6639948487281799,0.19737815856933594,0.2941384017467499,0.9995365142822266,0.0,0.1875,False,
maml,4,4,20,0.7364531755447388,0.2000383585691452,0.30559173226356506,0.9995566010475159,0.0,0.3,False,
