{
  "experiment_id": "stage2__init-C_hybrid__method-maml__kpos-1__kneg-1__steps-1__target-Logistics__lr-0.0005__clip-0.25",
  "method": "maml",
  "init_name": "C_hybrid",
  "target_department": "Logistics",
  "n_support_pos": 1,
  "n_support_neg": 1,
  "inner_steps": 1,
  "inner_lr": 0.0005,
  "meta_batch_size": 2,
  "gradient_clip_norm": 0.25,
  "inner_grad_clip": 0.5,
  "synthetic_proportion": 0.0,
  "augmentation_method": "none",
  "target_per_class": null,
  "k_neighbors": 5,
  "status": "success",
  "augmentation_method_requested": "none",
  "augmentation_method_actual": "none",
  "target_effective_k": null,
  "n_real_support_rows": 4.8,
  "n_synthetic_support_rows": 0.0,
  "n_effective_support_rows": 4.8,
  "n_real_support_pos": 1.8,
  "n_real_support_neg": 3.0,
  "n_synthetic_support_pos": 0.0,
  "n_synthetic_support_neg": 0.0,
  "n_query_rows": 17.2,
  "n_query_pos": 11.2,
  "n_query_neg": 6.0,
  "n_query_synthetic_rows": 0,
  "gen_fallback_used": false,
  "gen_skip_reason": null,
  "gold_auroc_mean": 0.5575757575757576,
  "gold_auroc_std": 0.20905728210054153,
  "gold_ap_mean": 0.7732687109497786,
  "gold_ap_std": 0.14281505844364403,
  "gold_logloss_mean": 0.8914578729971329,
  "gold_logloss_std": 0.29957753593297853,
  "gold_brier_mean": 0.2928365101427355,
  "gold_brier_std": 0.08806970163997249,
  "gold_ece_mean": 0.3856499522661462,
  "gold_ece_std": 0.06404517353988139,
  "gold_f1_mean": 0.6961538461538461,
  "gold_f1_std": 0.06970398573881122,
  "gold_accuracy_mean": 0.538235294117647,
  "gold_accuracy_std": 0.08073516018418121,
  "gold_pred_mean_mean": 0.707582988204325,
  "gold_pred_mean_std": 0.038753377806029804,
  "gold_true_mean_mean": 0.6552941176470588,
  "gold_true_mean_std": 0.08591860636914002,
  "n_eval_rows_mean": 17.2,
  "n_eval_rows_std": 1.469693845669907,
  "n_positive_mean": 11.2,
  "n_positive_std": 1.1661903789690602,
  "precision_at_5_mean": 0.72,
  "precision_at_5_std": 0.24000000000000002,
  "recall_at_5_mean": 0.3196969696969697,
  "recall_at_5_std": 0.09258555222698298,
  "ndcg_at_5_mean": 0.7997199230596094,
  "ndcg_at_5_std": 0.1748591651612059,
  "precision_at_10_mean": 0.6799999999999999,
  "precision_at_10_std": 0.2227105745132009,
  "recall_at_10_mean": 0.602020202020202,
  "recall_at_10_std": 0.1635038121328718,
  "ndcg_at_10_mean": 0.746615895373613,
  "ndcg_at_10_std": 0.18383617324836854,
  "precision_at_20_mean": 0.6552941176470588,
  "precision_at_20_std": 0.08591860636914002,
  "recall_at_20_mean": 1.0,
  "recall_at_20_std": 0.0,
  "ndcg_at_20_mean": 0.915866310856457,
  "ndcg_at_20_std": 0.0589743078722543,
  "n_metric_rows": 5,
  "n_predictions": 86,
  "n_episodes_diagnosed": 5,
  "collapse_rate": 0.0,
  "pred_mean_mean": 0.707582974433899,
  "pred_std_mean": 0.20297540128231048,
  "frac_near_zero_mean": 0.0,
  "frac_near_one_mean": 0.2644117647058824,
  "query_true_mean_mean": 0.6552941203117371,
  "query_pos_count_mean": 11.199999809265137,
  "query_neg_count_mean": 6.0,
  "n_one_class_query_episodes": 0,
  "support_pos_count_mean": 1.8,
  "support_neg_count_mean": 3.0,
  "support_true_mean_mean": 0.4066666666666666
}