{
  "experiment_id": "stage2__init-A_weak_only__method-maml__kpos-1__kneg-1__steps-3__target-Logistics",
  "method": "maml",
  "init_name": "A_weak_only",
  "target_department": "Logistics",
  "n_support_pos": 1,
  "n_support_neg": 1,
  "inner_steps": 3,
  "inner_lr": 0.01,
  "meta_batch_size": 4,
  "synthetic_proportion": 0.0,
  "augmentation_method": "none",
  "target_per_class": null,
  "k_neighbors": 5,
  "status": "success",
  "augmentation_method_requested": "none",
  "augmentation_method_actual": "none",
  "target_effective_k": null,
  "n_real_support_rows": 5.6,
  "n_synthetic_support_rows": 0.0,
  "n_effective_support_rows": 5.6,
  "n_real_support_pos": 2.7,
  "n_real_support_neg": 2.9,
  "n_synthetic_support_pos": 0.0,
  "n_synthetic_support_neg": 0.0,
  "n_query_rows": 16.4,
  "n_query_pos": 10.3,
  "n_query_neg": 6.1,
  "n_query_synthetic_rows": 0,
  "gen_fallback_used": false,
  "gen_skip_reason": null,
  "gold_auroc_mean": 0.6040982744107745,
  "gold_auroc_std": 0.21569848709394523,
  "gold_ap_mean": 0.7528646734013825,
  "gold_ap_std": 0.1712180650203753,
  "gold_logloss_mean": 1.0900883300818753,
  "gold_logloss_std": 0.4491445860354022,
  "gold_brier_mean": 0.33882519857005367,
  "gold_brier_std": 0.11889791520075654,
  "gold_ece_mean": 0.3058965561876031,
  "gold_ece_std": 0.15476606203558702,
  "gold_f1_mean": 0.5546561771561772,
  "gold_f1_std": 0.3671330621107399,
  "gold_accuracy_mean": 0.5941489470282039,
  "gold_accuracy_std": 0.12571569380853748,
  "gold_pred_mean_mean": 0.5618349178125721,
  "gold_pred_mean_std": 0.33908403535694587,
  "gold_true_mean_mean": 0.6308672132820738,
  "gold_true_mean_std": 0.08684602687553226,
  "n_eval_rows_mean": 16.4,
  "n_eval_rows_std": 1.8814887722226776,
  "n_positive_mean": 10.3,
  "n_positive_std": 1.5524174696260027,
  "precision_at_5_mean": 0.6400000000000001,
  "precision_at_5_std": 0.21540659228538017,
  "recall_at_5_mean": 0.31249999999999994,
  "recall_at_5_std": 0.10963384638158592,
  "ndcg_at_5_mean": 0.6889689446281251,
  "ndcg_at_5_std": 0.25719031875476833,
  "precision_at_10_mean": 0.6950000000000001,
  "precision_at_10_std": 0.16575584454250777,
  "recall_at_10_mean": 0.6775252525252525,
  "recall_at_10_std": 0.14703411584154186,
  "ndcg_at_10_mean": 0.735711731754486,
  "ndcg_at_10_std": 0.20570615195432518,
  "precision_at_20_mean": 0.6308672132820738,
  "precision_at_20_std": 0.08684602687553226,
  "recall_at_20_mean": 1.0,
  "recall_at_20_std": 0.0,
  "ndcg_at_20_mean": 0.8811499804771739,
  "ndcg_at_20_std": 0.12288038964507007,
  "n_metric_rows": 20,
  "n_predictions": 328,
  "n_episodes_diagnosed": 20,
  "collapse_rate": 0.6,
  "pred_mean_mean": 0.5618349127471447,
  "pred_std_mean": 0.010195407655555756,
  "frac_near_zero_mean": 0.04473684210526316,
  "frac_near_one_mean": 0.2
}