{
  "experiment_id": "stage2__init-A_weak_only__method-finetune__kpos-1__kneg-1__steps-5__target-Logistics",
  "method": "finetune",
  "init_name": "A_weak_only",
  "target_department": "Logistics",
  "n_support_pos": 1,
  "n_support_neg": 1,
  "inner_steps": 5,
  "inner_lr": 0.01,
  "meta_batch_size": 4,
  "synthetic_proportion": 0.0,
  "augmentation_method": "none",
  "target_per_class": null,
  "k_neighbors": 5,
  "status": "success",
  "augmentation_method_requested": "none",
  "augmentation_method_actual": "none",
  "target_effective_k": null,
  "n_real_support_rows": 5.6,
  "n_synthetic_support_rows": 0.0,
  "n_effective_support_rows": 5.6,
  "n_real_support_pos": 2.7,
  "n_real_support_neg": 2.9,
  "n_synthetic_support_pos": 0.0,
  "n_synthetic_support_neg": 0.0,
  "n_query_rows": 16.4,
  "n_query_pos": 10.3,
  "n_query_neg": 6.1,
  "n_query_synthetic_rows": 0,
  "gen_fallback_used": false,
  "gen_skip_reason": null,
  "gold_auroc_mean": 0.49943181818181814,
  "gold_auroc_std": 0.002476647127011744,
  "gold_ap_mean": 0.6330518582724465,
  "gold_ap_std": 0.08605847039692147,
  "gold_logloss_mean": 7.19955912428655,
  "gold_logloss_std": 2.5437834551737843,
  "gold_brier_mean": 0.41040455603717224,
  "gold_brier_std": 0.12793110368292654,
  "gold_ece_mean": 0.4104655723630103,
  "gold_ece_std": 0.12798705846328742,
  "gold_f1_mean": 0.518292540792541,
  "gold_f1_std": 0.3838707091188254,
  "gold_accuracy_mean": 0.5870060898853467,
  "gold_accuracy_std": 0.13076085124816395,
  "gold_pred_mean_mean": 0.6525283247516427,
  "gold_pred_mean_std": 0.4736397589643164,
  "gold_true_mean_mean": 0.6308672132820738,
  "gold_true_mean_std": 0.08684602687553226,
  "n_eval_rows_mean": 16.4,
  "n_eval_rows_std": 1.8814887722226776,
  "n_positive_mean": 10.3,
  "n_positive_std": 1.5524174696260027,
  "precision_at_5_mean": 0.7500000000000001,
  "precision_at_5_std": 0.2519920633670831,
  "recall_at_5_mean": 0.36578282828282827,
  "recall_at_5_std": 0.12433958537642988,
  "ndcg_at_5_mean": 0.6273568602565425,
  "ndcg_at_5_std": 0.09022679946648324,
  "precision_at_10_mean": 0.675,
  "precision_at_10_std": 0.12599603168354154,
  "recall_at_10_mean": 0.6602904040404041,
  "recall_at_10_std": 0.12375120709625347,
  "ndcg_at_10_mean": 0.6561771192716644,
  "ndcg_at_10_std": 0.0714812126457366,
  "precision_at_20_mean": 0.6308672132820738,
  "precision_at_20_std": 0.08684602687553226,
  "recall_at_20_mean": 1.0,
  "recall_at_20_std": 0.0,
  "ndcg_at_20_mean": 0.8419783534759431,
  "ndcg_at_20_std": 0.04321525376407507,
  "n_metric_rows": 20,
  "n_predictions": 328,
  "n_episodes_diagnosed": 20,
  "collapse_rate": 0.95,
  "pred_mean_mean": 0.6525283282622695,
  "pred_std_mean": 0.002085898444056511,
  "frac_near_zero_mean": 0.3236842105263158,
  "frac_near_one_mean": 0.65
}