{
  "experiment_id": "stage2__init-A_weak_only__method-fomaml__kpos-1__kneg-1__steps-3__target-Logistics",
  "method": "fomaml",
  "init_name": "A_weak_only",
  "target_department": "Logistics",
  "n_support_pos": 1,
  "n_support_neg": 1,
  "inner_steps": 3,
  "inner_lr": 0.01,
  "meta_batch_size": 4,
  "synthetic_proportion": 0.0,
  "augmentation_method": "none",
  "target_per_class": null,
  "k_neighbors": 5,
  "status": "success",
  "augmentation_method_requested": "none",
  "augmentation_method_actual": "none",
  "target_effective_k": null,
  "n_real_support_rows": 5.6,
  "n_synthetic_support_rows": 0.0,
  "n_effective_support_rows": 5.6,
  "n_real_support_pos": 2.7,
  "n_real_support_neg": 2.9,
  "n_synthetic_support_pos": 0.0,
  "n_synthetic_support_neg": 0.0,
  "n_query_rows": 16.4,
  "n_query_pos": 10.3,
  "n_query_neg": 6.1,
  "n_query_synthetic_rows": 0,
  "gen_fallback_used": false,
  "gen_skip_reason": null,
  "gold_auroc_mean": 0.5324863215488216,
  "gold_auroc_std": 0.09589656869347124,
  "gold_ap_mean": 0.6981582270345726,
  "gold_ap_std": 0.11298615542675046,
  "gold_logloss_mean": 0.8358460015973728,
  "gold_logloss_std": 0.2186540117178338,
  "gold_brier_mean": 0.29185525326435013,
  "gold_brier_std": 0.07345803850404624,
  "gold_ece_mean": 0.23568111977823497,
  "gold_ece_std": 0.12325972302792358,
  "gold_f1_mean": 0.6177880452880453,
  "gold_f1_std": 0.3128684053481461,
  "gold_accuracy_mean": 0.5808672132820739,
  "gold_accuracy_std": 0.1346438030964406,
  "gold_pred_mean_mean": 0.7020267544852755,
  "gold_pred_mean_std": 0.24710412889938183,
  "gold_true_mean_mean": 0.6308672132820738,
  "gold_true_mean_std": 0.08684602687553226,
  "n_eval_rows_mean": 16.4,
  "n_eval_rows_std": 1.8814887722226776,
  "n_positive_mean": 10.3,
  "n_positive_std": 1.5524174696260027,
  "precision_at_5_mean": 0.64,
  "precision_at_5_std": 0.1356465996625054,
  "recall_at_5_mean": 0.3118686868686868,
  "recall_at_5_std": 0.05877114986386418,
  "ndcg_at_5_mean": 0.6462723506712628,
  "ndcg_at_5_std": 0.17786034631612727,
  "precision_at_10_mean": 0.6349999999999999,
  "precision_at_10_std": 0.1061838029079765,
  "recall_at_10_mean": 0.6164772727272727,
  "recall_at_10_std": 0.05435144104538373,
  "ndcg_at_10_mean": 0.680666756923753,
  "ndcg_at_10_std": 0.12472738465457357,
  "precision_at_20_mean": 0.6308672132820738,
  "precision_at_20_std": 0.08684602687553226,
  "recall_at_20_mean": 1.0,
  "recall_at_20_std": 0.0,
  "ndcg_at_20_mean": 0.850687086865783,
  "ndcg_at_20_std": 0.09292674195508809,
  "n_metric_rows": 20,
  "n_predictions": 328,
  "n_episodes_diagnosed": 20,
  "collapse_rate": 0.7,
  "pred_mean_mean": 0.7020267695188522,
  "pred_std_mean": 0.011834029108285904,
  "frac_near_zero_mean": 0.0,
  "frac_near_one_mean": 0.0
}