{
  "experiment_id": "stage2__init-A_weak_only__method-anil__kpos-2__kneg-2__steps-3__target-Logistics__synprop-0.5__gen-smote_nc",
  "method": "anil",
  "init_name": "A_weak_only",
  "target_department": "Logistics",
  "n_support_pos": 2,
  "n_support_neg": 2,
  "inner_steps": 3,
  "inner_lr": 0.01,
  "meta_batch_size": 4,
  "synthetic_proportion": 0.5,
  "augmentation_method": "smote_nc",
  "target_per_class": null,
  "k_neighbors": 5,
  "status": "success",
  "augmentation_method_requested": "smote_nc",
  "augmentation_method_actual": "smote_nc",
  "target_effective_k": null,
  "n_real_support_rows": 11.3,
  "n_synthetic_support_rows": 11.3,
  "n_effective_support_rows": 22.6,
  "n_real_support_pos": 5.8,
  "n_real_support_neg": 5.5,
  "n_synthetic_support_pos": 5.8,
  "n_synthetic_support_neg": 5.5,
  "n_query_rows": 10.7,
  "n_query_pos": 7.2,
  "n_query_neg": 3.5,
  "n_query_synthetic_rows": 0,
  "gen_fallback_used": false,
  "gen_skip_reason": null,
  "gold_auroc_mean": 0.47045238095238096,
  "gold_auroc_std": 0.1660914888037952,
  "gold_ap_mean": 0.7610133518928162,
  "gold_ap_std": 0.13204067507286038,
  "gold_logloss_mean": 0.7131449436568047,
  "gold_logloss_std": 0.08192465125067747,
  "gold_brier_mean": 0.26092264823899713,
  "gold_brier_std": 0.037173601818988995,
  "gold_ece_mean": 0.2584782750732954,
  "gold_ece_std": 0.15152426282297898,
  "gold_f1_mean": 0.6100326195991832,
  "gold_f1_std": 0.16078327388478525,
  "gold_accuracy_mean": 0.5018532856032857,
  "gold_accuracy_std": 0.1137142274805368,
  "gold_pred_mean_mean": 0.5782450127238647,
  "gold_pred_mean_std": 0.1007562439678892,
  "gold_true_mean_mean": 0.6797582972582973,
  "gold_true_mean_std": 0.14218116433076594,
  "n_eval_rows_mean": 10.7,
  "n_eval_rows_std": 2.238302928559939,
  "n_positive_mean": 7.2,
  "n_positive_std": 1.74928556845359,
  "precision_at_5_mean": 0.65,
  "precision_at_5_std": 0.16583123951777,
  "recall_at_5_mean": 0.47565476190476197,
  "recall_at_5_std": 0.15476944807623735,
  "ndcg_at_5_mean": 0.7087788718071951,
  "ndcg_at_5_std": 0.1870593094081618,
  "precision_at_10_mean": 0.6738492063492062,
  "precision_at_10_std": 0.1381589036329589,
  "recall_at_10_mean": 0.8994642857142858,
  "recall_at_10_std": 0.1395157212632033,
  "ndcg_at_10_mean": 0.8291157442045487,
  "ndcg_at_10_std": 0.11631364292363733,
  "precision_at_20_mean": 0.6797582972582973,
  "precision_at_20_std": 0.14218116433076594,
  "recall_at_20_mean": 1.0,
  "recall_at_20_std": 0.0,
  "ndcg_at_20_mean": 0.8859998273448086,
  "ndcg_at_20_std": 0.09655229238307587,
  "n_metric_rows": 20,
  "n_predictions": 214,
  "n_episodes_diagnosed": 20,
  "collapse_rate": 0.0,
  "pred_mean_mean": 0.578245010972023,
  "pred_std_mean": 0.09426965042948723,
  "frac_near_zero_mean": 0.0,
  "frac_near_one_mean": 0.0
}