{
  "experiment_id": "stage2__init-C_hybrid__method-anil__kpos-2__kneg-2__steps-3__target-Logistics__synprop-0.5__gen-smote_nc",
  "method": "anil",
  "init_name": "C_hybrid",
  "target_department": "Logistics",
  "n_support_pos": 2,
  "n_support_neg": 2,
  "inner_steps": 3,
  "inner_lr": 0.01,
  "meta_batch_size": 4,
  "synthetic_proportion": 0.5,
  "augmentation_method": "smote_nc",
  "target_per_class": null,
  "k_neighbors": 5,
  "status": "success",
  "augmentation_method_requested": "smote_nc",
  "augmentation_method_actual": "smote_nc",
  "target_effective_k": null,
  "n_real_support_rows": 11.3,
  "n_synthetic_support_rows": 11.3,
  "n_effective_support_rows": 22.6,
  "n_real_support_pos": 5.8,
  "n_real_support_neg": 5.5,
  "n_synthetic_support_pos": 5.8,
  "n_synthetic_support_neg": 5.5,
  "n_query_rows": 10.7,
  "n_query_pos": 7.2,
  "n_query_neg": 3.5,
  "n_query_synthetic_rows": 0,
  "gen_fallback_used": false,
  "gen_skip_reason": null,
  "gold_auroc_mean": 0.5497619047619047,
  "gold_auroc_std": 0.1583586624924401,
  "gold_ap_mean": 0.8084039403057259,
  "gold_ap_std": 0.11879658478968326,
  "gold_logloss_mean": 1.149059062729597,
  "gold_logloss_std": 0.3064565844805979,
  "gold_brier_mean": 0.36763552816816214,
  "gold_brier_std": 0.08823528882611802,
  "gold_ece_mean": 0.4364097788852117,
  "gold_ece_std": 0.09225431755222968,
  "gold_f1_mean": 0.644004818710701,
  "gold_f1_std": 0.09583390295906685,
  "gold_accuracy_mean": 0.5003310578310578,
  "gold_accuracy_std": 0.10040182830825556,
  "gold_pred_mean_mean": 0.6843179794912853,
  "gold_pred_mean_std": 0.1584765430014362,
  "gold_true_mean_mean": 0.6797582972582973,
  "gold_true_mean_std": 0.14218116433076594,
  "n_eval_rows_mean": 10.7,
  "n_eval_rows_std": 2.238302928559939,
  "n_positive_mean": 7.2,
  "n_positive_std": 1.74928556845359,
  "precision_at_5_mean": 0.7400000000000001,
  "precision_at_5_std": 0.18000000000000002,
  "recall_at_5_mean": 0.5236309523809524,
  "recall_at_5_std": 0.10571353160927943,
  "ndcg_at_5_mean": 0.8030737616359671,
  "ndcg_at_5_std": 0.13480253412478274,
  "precision_at_10_mean": 0.6738492063492064,
  "precision_at_10_std": 0.1583915485531385,
  "recall_at_10_mean": 0.8926785714285714,
  "recall_at_10_std": 0.14138290658884545,
  "ndcg_at_10_mean": 0.8640588261079435,
  "ndcg_at_10_std": 0.10227675321546685,
  "precision_at_20_mean": 0.6797582972582973,
  "precision_at_20_std": 0.14218116433076594,
  "recall_at_20_mean": 1.0,
  "recall_at_20_std": 0.0,
  "ndcg_at_20_mean": 0.923286588886788,
  "ndcg_at_20_std": 0.05929498419626811,
  "n_metric_rows": 20,
  "n_predictions": 214,
  "n_episodes_diagnosed": 20,
  "collapse_rate": 0.0,
  "pred_mean_mean": 0.684317983686924,
  "pred_std_mean": 0.24186866208910943,
  "frac_near_zero_mean": 0.05140442890442891,
  "frac_near_one_mean": 0.13744588744588745
}