{
  "experiment_id": "stage2__init-A_weak_only__method-zero_shot__kpos-2__kneg-2__steps-5__target-Logistics",
  "method": "zero_shot",
  "init_name": "A_weak_only",
  "target_department": "Logistics",
  "n_support_pos": 2,
  "n_support_neg": 2,
  "inner_steps": 5,
  "status": "success",
  "gold_auroc_mean": 0.6443130253251605,
  "gold_auroc_std": 0.2045806577316288,
  "gold_ap_mean": 0.7966792877094379,
  "gold_ap_std": 0.18383589305072084,
  "gold_logloss_mean": 1.9166260027774242,
  "gold_logloss_std": 0.34025460917938916,
  "gold_brier_mean": 0.4485817876618894,
  "gold_brier_std": 0.06410605273722461,
  "gold_ece_mean": 0.4972661724899711,
  "gold_ece_std": 0.06520758837544904,
  "gold_f1_mean": 0.36244040095715235,
  "gold_f1_std": 0.21725610337798876,
  "gold_accuracy_mean": 0.4201265930032824,
  "gold_accuracy_std": 0.10564788637212628,
  "gold_pred_mean_mean": 0.2910789708446998,
  "gold_pred_mean_std": 0.08522120715108063,
  "gold_true_mean_mean": 0.6980093695973341,
  "gold_true_mean_std": 0.0802917532046381,
  "n_eval_rows_mean": 41.05,
  "n_eval_rows_std": 5.962172422867356,
  "n_positive_mean": 28.45,
  "n_positive_std": 4.165033013074447,
  "precision_at_5_mean": 0.8,
  "precision_at_5_std": 0.4,
  "recall_at_5_mean": 0.13942404224159544,
  "recall_at_5_std": 0.0735091851137933,
  "ndcg_at_5_mean": 0.7999999999999999,
  "ndcg_at_5_std": 0.39999999999999997,
  "precision_at_10_mean": 0.79,
  "precision_at_10_std": 0.3064310689208913,
  "recall_at_10_mean": 0.27828963438445947,
  "recall_at_10_std": 0.11491010650904604,
  "ndcg_at_10_mean": 0.792418864816343,
  "ndcg_at_10_std": 0.3316682266337006,
  "precision_at_20_mean": 0.7525000000000001,
  "precision_at_20_std": 0.21004463811294968,
  "recall_at_20_mean": 0.5312630673162085,
  "recall_at_20_std": 0.14100351170065778,
  "ndcg_at_20_mean": 0.7656327831034886,
  "ndcg_at_20_std": 0.2399460491937624,
  "n_metric_rows": 20,
  "n_predictions": 821,
  "n_episodes_diagnosed": 20,
  "collapse_rate": 0.0,
  "pred_mean_mean": 0.2910789638757706,
  "pred_std_mean": 0.31101768314838407,
  "frac_near_zero_mean": 0.3840644654026842,
  "frac_near_one_mean": 0.030896915824730753
}