{
  "experiment_id": "stage2__init-A_weak_only__method-fomaml__kpos-1__kneg-1__steps-5__target-Logistics",
  "method": "fomaml",
  "init_name": "A_weak_only",
  "target_department": "Logistics",
  "n_support_pos": 1,
  "n_support_neg": 1,
  "inner_steps": 5,
  "inner_lr": 0.01,
  "meta_batch_size": 4,
  "synthetic_proportion": 0.0,
  "augmentation_method": "none",
  "target_per_class": null,
  "k_neighbors": 5,
  "status": "success",
  "augmentation_method_requested": "none",
  "augmentation_method_actual": "none",
  "target_effective_k": null,
  "n_real_support_rows": 5.6,
  "n_synthetic_support_rows": 0.0,
  "n_effective_support_rows": 5.6,
  "n_real_support_pos": 2.7,
  "n_real_support_neg": 2.9,
  "n_synthetic_support_pos": 0.0,
  "n_synthetic_support_neg": 0.0,
  "n_query_rows": 16.4,
  "n_query_pos": 10.3,
  "n_query_neg": 6.1,
  "n_query_synthetic_rows": 0,
  "gen_fallback_used": false,
  "gen_skip_reason": null,
  "gold_auroc_mean": 0.5090488215488216,
  "gold_auroc_std": 0.17563219751713988,
  "gold_ap_mean": 0.710876535263321,
  "gold_ap_std": 0.1142044545323716,
  "gold_logloss_mean": 3.998964299179069,
  "gold_logloss_std": 3.9668328052628152,
  "gold_brier_mean": 0.5202257434895752,
  "gold_brier_std": 0.1610064565511392,
  "gold_ece_mean": 0.5148816047743432,
  "gold_ece_std": 0.17925432752371537,
  "gold_f1_mean": 0.3560431235431235,
  "gold_f1_std": 0.35676518836201676,
  "gold_accuracy_mean": 0.4229939101146531,
  "gold_accuracy_std": 0.13688872129160745,
  "gold_pred_mean_mean": 0.4652132074987085,
  "gold_pred_mean_std": 0.4408588366998031,
  "gold_true_mean_mean": 0.6308672132820738,
  "gold_true_mean_std": 0.08684602687553226,
  "n_eval_rows_mean": 16.4,
  "n_eval_rows_std": 1.8814887722226776,
  "n_positive_mean": 10.3,
  "n_positive_std": 1.5524174696260027,
  "precision_at_5_mean": 0.65,
  "precision_at_5_std": 0.2889636655359978,
  "recall_at_5_mean": 0.3172979797979798,
  "recall_at_5_std": 0.13184448390791784,
  "ndcg_at_5_mean": 0.6709465368840839,
  "ndcg_at_5_std": 0.28166712987298703,
  "precision_at_10_mean": 0.6599999999999999,
  "precision_at_10_std": 0.09695359714832658,
  "recall_at_10_mean": 0.6486742424242424,
  "recall_at_10_std": 0.0947843662361978,
  "ndcg_at_10_mean": 0.6897705031404192,
  "ndcg_at_10_std": 0.14188091489755694,
  "precision_at_20_mean": 0.6308672132820738,
  "precision_at_20_std": 0.08684602687553226,
  "recall_at_20_mean": 1.0,
  "recall_at_20_std": 0.0,
  "ndcg_at_20_mean": 0.8642292883737985,
  "ndcg_at_20_std": 0.09986723642769679,
  "n_metric_rows": 20,
  "n_predictions": 328,
  "n_episodes_diagnosed": 20,
  "collapse_rate": 0.65,
  "pred_mean_mean": 0.46521320835470287,
  "pred_std_mean": 0.0085230545449412,
  "frac_near_zero_mean": 0.33076923076923076,
  "frac_near_one_mean": 0.20249999999999999
}