model,gold_auroc,gold_ap,gold_logloss,gold_brier,gold_ece,gold_f1,gold_accuracy,gold_pred_mean,gold_true_mean,n_eval_rows,n_positive,precision_at_5,recall_at_5,ndcg_at_5,precision_at_10,recall_at_10,ndcg_at_10,precision_at_20,recall_at_20,ndcg_at_20,episode_idx
ANIL,0.2857142857142857,0.8736394557823131,0.8387733512913786,0.3185303101062683,0.5471785478293896,0.4,0.25,0.46930742636322975,0.875,8,7,0.8,0.5714285714285714,0.8304198973631918,0.875,1.0,0.9492756620369744,0.875,1.0,0.9492756620369744,0
ANIL,0.2,0.8813455988455987,1.3567480820782032,0.5279880432245263,0.7106602930209854,0.18181818181818182,0.18181818181818182,0.26513313908468594,0.9090909090909091,11,10,0.8,0.4,0.8304198973631918,0.9,0.9,0.8899541168509599,0.9090909090909091,1.0,0.9513471624557064,1
ANIL,0.375,0.9067956349206349,0.8812027018134015,0.335946762659993,0.46129070719083154,0.5,0.3333333333333333,0.43734801808993023,0.8888888888888888,9,8,0.8,0.5,0.8539316501572934,0.8888888888888888,1.0,0.9672068480996276,0.8888888888888888,1.0,0.9672068480996276,2
ANIL,0.2,0.7309598734598735,1.053179471052794,0.40498127037843495,0.560117727288833,0.18181818181818182,0.3076923076923077,0.30413371668412137,0.7692307692307693,13,10,0.4,0.2,0.5531464700081437,0.7,0.7,0.7100226348397881,0.7692307692307693,1.0,0.8886998732572823,3
ANIL,0.2727272727272727,0.9072838777384231,1.4978073468491846,0.5774912228746509,0.6959625482559204,0.0,0.08333333333333333,0.22070411841074625,0.9166666666666666,12,11,0.8,0.36363636363636365,0.8539316501572934,0.9,0.8181818181818182,0.9052116356304493,0.9166666666666666,1.0,0.966731295454843,4
