method,episode_idx,repeat_idx,n_query,pred_mean,pred_std,pred_min,pred_max,frac_near_zero,frac_near_one,collapsed,collapse_reason
anil,0,0,8,0.46930742263793945,0.14286261796951294,0.25169479846954346,0.6989471316337585,0.0,0.0,False,
anil,1,1,11,0.2651331424713135,0.11029645800590515,0.12230933457612991,0.5036858320236206,0.0,0.0,False,
anil,2,2,9,0.43734800815582275,0.13232427835464478,0.22240915894508362,0.6309882998466492,0.0,0.0,False,
anil,3,3,13,0.30413371324539185,0.1059381514787674,0.14856556057929993,0.5617486238479614,0.0,0.0,False,
anil,4,4,12,0.2207041233778,0.07777879387140274,0.1012759655714035,0.3632729947566986,0.0,0.0,False,
