{
  "experiment_id": "stage2__init-A_weak_only__method-anil__kpos-2__kneg-2__steps-5__target-Logistics__synprop-0.9__gen-smote_nc",
  "method": "anil",
  "init_name": "A_weak_only",
  "target_department": "Logistics",
  "n_support_pos": 2,
  "n_support_neg": 2,
  "inner_steps": 5,
  "inner_lr": 0.01,
  "meta_batch_size": 4,
  "synthetic_proportion": 0.9,
  "augmentation_method": "smote_nc",
  "target_per_class": null,
  "k_neighbors": 5,
  "status": "success",
  "gold_auroc_mean": 0.2666883116883117,
  "gold_auroc_std": 0.06484526257895833,
  "gold_ap_mean": 0.8600048881493686,
  "gold_ap_std": 0.06590693442080922,
  "gold_logloss_mean": 1.1255421906169925,
  "gold_logloss_std": 0.26046574706499825,
  "gold_brier_mean": 0.43298752184877476,
  "gold_brier_std": 0.103158258086364,
  "gold_ece_mean": 0.5950419647171921,
  "gold_ece_std": 0.09481832095916062,
  "gold_f1_mean": 0.25272727272727274,
  "gold_f1_std": 0.1770651465300342,
  "gold_accuracy_mean": 0.23123543123543122,
  "gold_accuracy_std": 0.09048628593887971,
  "gold_pred_mean_mean": 0.3393252837265427,
  "gold_pred_mean_std": 0.09728074365961255,
  "gold_true_mean_mean": 0.8717754467754467,
  "gold_true_mean_std": 0.053341060897489724,
  "n_eval_rows_mean": 10.6,
  "n_eval_rows_std": 1.8547236990991407,
  "n_positive_mean": 9.2,
  "n_positive_std": 1.469693845669907,
  "precision_at_5_mean": 0.7200000000000001,
  "precision_at_5_std": 0.16,
  "recall_at_5_mean": 0.407012987012987,
  "recall_at_5_std": 0.12685752576603876,
  "ndcg_at_5_mean": 0.7843699130098228,
  "ndcg_at_5_std": 0.11608889116654479,
  "precision_at_10_mean": 0.8527777777777779,
  "precision_at_10_std": 0.07693993167672919,
  "recall_at_10_mean": 0.8836363636363636,
  "recall_at_10_std": 0.1143287994346363,
  "ndcg_at_10_mean": 0.8843341794915599,
  "ndcg_at_10_std": 0.09158301352004143,
  "precision_at_20_mean": 0.8717754467754467,
  "precision_at_20_std": 0.053341060897489724,
  "recall_at_20_mean": 1.0,
  "recall_at_20_std": 0.0,
  "ndcg_at_20_mean": 0.9446521682608868,
  "ndcg_at_20_std": 0.028958799693397437,
  "n_metric_rows": 5,
  "n_predictions": 53,
  "n_episodes_diagnosed": 5,
  "collapse_rate": 0.0,
  "pred_mean_mean": 0.3393252819776535,
  "pred_std_mean": 0.1138400599360466,
  "frac_near_zero_mean": 0.0,
  "frac_near_one_mean": 0.0
}