{
  "experiment_id": "stage2__init-A_weak_only__method-anil__kpos-1__kneg-1__steps-5__target-Logistics__synprop-0__gen-none",
  "method": "anil",
  "init_name": "A_weak_only",
  "target_department": "Logistics",
  "n_support_pos": 1,
  "n_support_neg": 1,
  "inner_steps": 5,
  "inner_lr": 0.01,
  "meta_batch_size": 4,
  "synthetic_proportion": 0.0,
  "augmentation_method": "none",
  "target_per_class": null,
  "k_neighbors": 5,
  "status": "success",
  "augmentation_method_requested": "none",
  "augmentation_method_actual": "none",
  "target_effective_k": null,
  "n_real_support_rows": 5.6,
  "n_synthetic_support_rows": 0.0,
  "n_effective_support_rows": 5.6,
  "n_real_support_pos": 2.7,
  "n_real_support_neg": 2.9,
  "n_synthetic_support_pos": 0.0,
  "n_synthetic_support_neg": 0.0,
  "n_query_rows": 16.4,
  "n_query_pos": 10.3,
  "n_query_neg": 6.1,
  "n_query_synthetic_rows": 0,
  "gen_fallback_used": false,
  "gen_skip_reason": null,
  "gold_auroc_mean": 0.48101325757575764,
  "gold_auroc_std": 0.10311371299340784,
  "gold_ap_mean": 0.735848456745366,
  "gold_ap_std": 0.07306257466267697,
  "gold_logloss_mean": 0.9418995047995711,
  "gold_logloss_std": 0.25756384269781574,
  "gold_brier_mean": 0.34935900626136906,
  "gold_brier_std": 0.09979717810049278,
  "gold_ece_mean": 0.3554268586534418,
  "gold_ece_std": 0.13967057548812709,
  "gold_f1_mean": 0.4327918025179688,
  "gold_f1_std": 0.3043977420111591,
  "gold_accuracy_mean": 0.4373800734868847,
  "gold_accuracy_std": 0.11818957637652323,
  "gold_pred_mean_mean": 0.5129311761946307,
  "gold_pred_mean_std": 0.24160210348960495,
  "gold_true_mean_mean": 0.6308672132820738,
  "gold_true_mean_std": 0.08684602687553226,
  "n_eval_rows_mean": 16.4,
  "n_eval_rows_std": 1.8814887722226776,
  "n_positive_mean": 10.3,
  "n_positive_std": 1.5524174696260027,
  "precision_at_5_mean": 0.71,
  "precision_at_5_std": 0.21424285285628553,
  "recall_at_5_mean": 0.3489267676767676,
  "recall_at_5_std": 0.11222913392216066,
  "ndcg_at_5_mean": 0.783404405973406,
  "ndcg_at_5_std": 0.17038439919533535,
  "precision_at_10_mean": 0.5899999999999999,
  "precision_at_10_std": 0.043588989435406726,
  "recall_at_10_mean": 0.5837121212121212,
  "recall_at_10_std": 0.08230163703243422,
  "ndcg_at_10_mean": 0.6956756601624308,
  "ndcg_at_10_std": 0.04705336270791718,
  "precision_at_20_mean": 0.6308672132820738,
  "precision_at_20_std": 0.08684602687553226,
  "recall_at_20_mean": 1.0,
  "recall_at_20_std": 0.0,
  "ndcg_at_20_mean": 0.9023050482885399,
  "ndcg_at_20_std": 0.04148462957910836,
  "n_metric_rows": 20,
  "n_predictions": 328,
  "n_episodes_diagnosed": 20,
  "collapse_rate": 0.0,
  "pred_mean_mean": 0.5129311740398407,
  "pred_std_mean": 0.07915493696928025,
  "frac_near_zero_mean": 0.0,
  "frac_near_one_mean": 0.00625
}