{
  "experiment_id": "stage2__init-C_hybrid__method-maml__kpos-2__kneg-2__steps-5__target-Logistics",
  "method": "maml",
  "init_name": "C_hybrid",
  "target_department": "Logistics",
  "n_support_pos": 2,
  "n_support_neg": 2,
  "inner_steps": 5,
  "inner_lr": 0.01,
  "meta_batch_size": 2,
  "synthetic_proportion": 0.0,
  "augmentation_method": "none",
  "target_per_class": null,
  "k_neighbors": 5,
  "status": "success",
  "gold_auroc_mean": 0.5721428571428571,
  "gold_auroc_std": 0.17902656284496343,
  "gold_ap_mean": 0.7971906189049045,
  "gold_ap_std": 0.1433827050896349,
  "gold_logloss_mean": 6.772483780481022,
  "gold_logloss_std": 4.38402363559221,
  "gold_brier_mean": 0.4824954651893535,
  "gold_brier_std": 0.26595729256831424,
  "gold_ece_mean": 0.48601385412928044,
  "gold_ece_std": 0.27064209696948976,
  "gold_f1_mean": 0.39443591929525434,
  "gold_f1_std": 0.43683119630782463,
  "gold_accuracy_mean": 0.5093151293151295,
  "gold_accuracy_std": 0.27714714857360073,
  "gold_pred_mean_mean": 0.45465541698051687,
  "gold_pred_mean_std": 0.4934072195551863,
  "gold_true_mean_mean": 0.7447660672660672,
  "gold_true_mean_std": 0.13033374816883822,
  "n_eval_rows_mean": 10.25,
  "n_eval_rows_std": 2.118372016431486,
  "n_positive_mean": 7.65,
  "n_positive_std": 2.1277922830953213,
  "precision_at_5_mean": 0.78,
  "precision_at_5_std": 0.25219040425836986,
  "recall_at_5_mean": 0.5315963203463203,
  "recall_at_5_std": 0.23026075474072696,
  "ndcg_at_5_mean": 0.802049241565474,
  "ndcg_at_5_std": 0.138037500397268,
  "precision_at_10_mean": 0.7327380952380952,
  "precision_at_10_std": 0.13916404150668982,
  "recall_at_10_mean": 0.9099783549783551,
  "recall_at_10_std": 0.11712652825148964,
  "ndcg_at_10_mean": 0.8764762741889106,
  "ndcg_at_10_std": 0.08798338815564895,
  "precision_at_20_mean": 0.7447660672660672,
  "precision_at_20_std": 0.13033374816883822,
  "recall_at_20_mean": 1.0,
  "recall_at_20_std": 0.0,
  "ndcg_at_20_mean": 0.9188085424162102,
  "ndcg_at_20_std": 0.06611454054916555,
  "n_metric_rows": 20,
  "n_predictions": 205,
  "n_episodes_diagnosed": 20,
  "collapse_rate": 1.0,
  "pred_mean_mean": 0.4546554188532557,
  "pred_std_mean": 0.0005300576122397468,
  "frac_near_zero_mean": 0.525,
  "frac_near_one_mean": 0.45
}