{
  "experiment_id": "stage2__init-A_weak_only__method-anil__kpos-1__kneg-1__steps-3__target-Logistics",
  "method": "anil",
  "init_name": "A_weak_only",
  "target_department": "Logistics",
  "n_support_pos": 1,
  "n_support_neg": 1,
  "inner_steps": 3,
  "inner_lr": 0.01,
  "meta_batch_size": 4,
  "synthetic_proportion": 0.0,
  "augmentation_method": "none",
  "target_per_class": null,
  "k_neighbors": 5,
  "status": "success",
  "augmentation_method_requested": "none",
  "augmentation_method_actual": "none",
  "target_effective_k": null,
  "n_real_support_rows": 5.6,
  "n_synthetic_support_rows": 0.0,
  "n_effective_support_rows": 5.6,
  "n_real_support_pos": 2.7,
  "n_real_support_neg": 2.9,
  "n_synthetic_support_pos": 0.0,
  "n_synthetic_support_neg": 0.0,
  "n_query_rows": 16.4,
  "n_query_pos": 10.3,
  "n_query_neg": 6.1,
  "n_query_synthetic_rows": 0,
  "gen_fallback_used": false,
  "gen_skip_reason": null,
  "gold_auroc_mean": 0.4916140572390574,
  "gold_auroc_std": 0.0984906325417028,
  "gold_ap_mean": 0.7388278836736568,
  "gold_ap_std": 0.0774474344283447,
  "gold_logloss_mean": 0.9268481107412645,
  "gold_logloss_std": 0.25173549371693715,
  "gold_brier_mean": 0.3439860977574526,
  "gold_brier_std": 0.09862914039066671,
  "gold_ece_mean": 0.35243562066561734,
  "gold_ece_std": 0.1341270555669804,
  "gold_f1_mean": 0.44212624819835444,
  "gold_f1_std": 0.295433390710043,
  "gold_accuracy_mean": 0.440713406820218,
  "gold_accuracy_std": 0.11420069043736854,
  "gold_pred_mean_mean": 0.5177217042248199,
  "gold_pred_mean_std": 0.2411086356166808,
  "gold_true_mean_mean": 0.6308672132820738,
  "gold_true_mean_std": 0.08684602687553226,
  "n_eval_rows_mean": 16.4,
  "n_eval_rows_std": 1.8814887722226776,
  "n_positive_mean": 10.3,
  "n_positive_std": 1.5524174696260027,
  "precision_at_5_mean": 0.7300000000000001,
  "precision_at_5_std": 0.19261360284258225,
  "recall_at_5_mean": 0.3607323232323232,
  "recall_at_5_std": 0.10431776613792561,
  "ndcg_at_5_mean": 0.7965249137246401,
  "ndcg_at_5_std": 0.15477512571718577,
  "precision_at_10_mean": 0.5999999999999999,
  "precision_at_10_std": 0.0547722557505166,
  "recall_at_10_mean": 0.5920454545454545,
  "recall_at_10_std": 0.07748133606241266,
  "ndcg_at_10_mean": 0.7035160817037447,
  "ndcg_at_10_std": 0.053567001084697606,
  "precision_at_20_mean": 0.6308672132820738,
  "precision_at_20_std": 0.08684602687553226,
  "recall_at_20_mean": 1.0,
  "recall_at_20_std": 0.0,
  "ndcg_at_20_mean": 0.9038053831251653,
  "ndcg_at_20_std": 0.04236958764915806,
  "n_metric_rows": 20,
  "n_predictions": 328,
  "n_episodes_diagnosed": 20,
  "collapse_rate": 0.0,
  "pred_mean_mean": 0.5177216932177544,
  "pred_std_mean": 0.08004082962870598,
  "frac_near_zero_mean": 0.0,
  "frac_near_one_mean": 0.00625
}