method,gold_auroc_mean,gold_auroc_std,gold_logloss_mean,gold_logloss_std,gold_ece_mean,gold_ece_std,ndcg_at_10_mean,ndcg_at_10_std
anil,0.5,0.0,7.347088023446332,1.4773700407159671,0.39884996311247856,0.08020170711693209,0.6074901647311359,0.06883101081963323
finetune,0.757355188122087,0.10519879062005753,1.8690989101778883,1.7064254338043565,0.3110186752855456,0.09378178863959756,0.8890123573179121,0.1365736825381672
fomaml,0.7302455484402078,0.1418051959906517,4.485971973985028,2.745176829382285,0.38485249422280976,0.10709840613067319,0.8396266730260571,0.1960294505031855
maml,0.4604594796042164,0.23087042481235387,5.0606152733200345,3.0371068367541043,0.40587339878404105,0.10533525797839001,0.48252204425219425,0.25791617394867455
