method,init_name,n_support_pos,n_support_neg,inner_steps,target_department,status,n_metric_rows,gold_auroc_mean,gold_logloss_mean,ndcg_at_10_mean,gold_ece_mean,precision_at_10_mean,gold_auroc_std,gold_logloss_std,ndcg_at_10_std,gold_ece_std,precision_at_10_std
anil,A_weak_only,2,2,5,Logistics,success,20,0.5827326839826841,1.9244704163144628,0.8983690963338441,0.4180836058101766,0.7277380952380951,0.2007615385514536,1.847651934174001,0.0871973661121028,0.2138282229499292,0.131030574297973
anil,A_weak_only,5,5,5,Logistics,success,0,,,,,,,,,,
finetune,A_weak_only,2,2,5,Logistics,success,20,0.5,5.20489533576006,0.849515108333151,0.2825571550571649,0.7377380952380952,0.0,3.1700662749022217,0.0761352852607441,0.17209278639344,0.1597318048983819
finetune,A_weak_only,5,5,5,Logistics,no_target_episodes_available,0,,,,,,,,,,
fomaml,A_weak_only,2,2,5,Logistics,success,20,0.5638149350649351,4.226299691534431,0.8968935931207858,0.5455253274261235,0.7377380952380952,0.2261212825123787,3.664779820142629,0.0729464337731398,0.2683285878036924,0.1204750990706989
fomaml,A_weak_only,5,5,5,Logistics,success,0,,,,,,,,,,
maml,A_weak_only,2,2,5,Logistics,success,20,0.5357142857142858,5.172765469404296,0.8669410930159687,0.4710781200134945,0.7527380952380953,0.2072263105017612,5.910136472196242,0.1233116866753706,0.2820694553669988,0.1538086689330347
maml,A_weak_only,5,5,5,Logistics,success,0,,,,,,,,,,
