model,rmse,mae,r2,pred_mean,true_mean,condition
Mean Predictor_B_gold_only,0.5234550508987555,0.5220588235294118,-0.4613610149942333,0.45588235294117646,0.75,B_gold_only
Elastic Net_B_gold_only,0.34471886871547486,0.12993594198774022,0.36623414160812373,0.8665262355993224,0.75,B_gold_only
XGBoost_B_gold_only,0.40667914601278715,0.2399321012198925,0.11793105172432072,0.9112415947020054,0.75,B_gold_only
