model,rmse,mae,r2,pred_mean,true_mean,condition
Mean Predictor_B_gold_only,0.5742111734401669,0.5635593220338984,-0.7584985157521784,0.3728813559322034,0.75,B_gold_only
Elastic Net_B_gold_only,0.25068992142217095,0.07839837306933395,0.664824337585844,0.6726812790608317,0.75,B_gold_only
XGBoost_B_gold_only,0.24997466853603498,0.06263700905128644,0.6667342138149304,0.6874137451695788,0.75,B_gold_only
