model,rmse,mae,r2,pred_mean,true_mean,condition
Mean Predictor_B_gold_only,0.5345199737400339,0.522642835626067,-0.18951189740688124,0.6143187066974596,0.40096618357487923,B_gold_only
Elastic Net_B_gold_only,0.4303168725231079,0.29455889102193883,0.22906517691124495,0.48482831960974715,0.40096618357487923,B_gold_only
XGBoost_B_gold_only,0.41194126892887867,0.2797722794039058,0.2935010540183115,0.525503817304591,0.40096618357487923,B_gold_only
