model,rmse,mae,r2,pred_mean,true_mean,condition
Mean Predictor_B_gold_only,0.4695551954324655,0.4443722510995603,-0.0005046652145208608,0.6615853658536588,0.6721311475409836,B_gold_only
Elastic Net_B_gold_only,0.38680625328288537,0.2607812244482872,0.32105781991401805,0.6007184722973256,0.6721311475409836,B_gold_only
XGBoost_B_gold_only,0.2588357596606472,0.09027103240992314,0.6959854491064059,0.7569808834560007,0.6721311475409836,B_gold_only
